"","left daughter","right daughter","split var","split point","status","prediction"
"1",2,3,"Crop_Growth_Stage",6,1,NA
"2",4,5,"Wind_Speed_kmh",9.995,1,NA
"3",6,7,"Mulching_Used",1,1,NA
"4",8,9,"Soil_Moisture",24.985,1,NA
"5",10,11,"Irrigation_Type",1,1,NA
"6",12,13,"Temperature_C",29.995,1,NA
"7",14,15,"Humidity",90.99,1,NA
"8",16,17,"Temperature_C",30.13,1,NA
"9",18,19,"Wind_Speed_kmh",6.985,1,NA
"10",20,21,"Temperature_C",30.695,1,NA
"11",22,23,"Rainfall_mm",299.645,1,NA
"12",24,25,"Wind_Speed_kmh",9.985,1,NA
"13",26,27,"Soil_pH",7.025,1,NA
"14",28,29,"Wind_Speed_kmh",9.985,1,NA
"15",30,31,"Soil_Moisture",25.025,1,NA
"16",32,33,"Temperature_C",28.785,1,NA
"17",34,35,"Mulching_Used",1,1,NA
"18",36,37,"Humidity",25.025,1,NA
"19",38,39,"Temperature_C",28.935,1,NA
"20",40,41,"Rainfall_mm",298.28,1,NA
"21",42,43,"Previous_Irrigation_mm",15.51,1,NA
"22",44,45,"Soil_pH",8.055,1,NA
"23",46,47,"Rainfall_mm",2456.135,1,NA
"24",48,49,"Rainfall_mm",297.68,1,NA
"25",50,51,"Sunlight_Hours",10.465,1,NA
"26",52,53,"Wind_Speed_kmh",9.995,1,NA
"27",54,55,"Temperature_C",36.995,1,NA
"28",56,57,"Previous_Irrigation_mm",11.855,1,NA
"29",58,59,"Rainfall_mm",299.575,1,NA
"30",60,61,"Water_Source",1,1,NA
"31",62,63,"Humidity",91.125,1,NA
"32",64,65,"Rainfall_mm",299.605,1,NA
"33",66,67,"Previous_Irrigation_mm",23.825,1,NA
"34",68,69,"Temperature_C",41.615,1,NA
"35",70,71,"Previous_Irrigation_mm",118.735,1,NA
"36",72,73,"Organic_Carbon",0.93,1,NA
"37",74,75,"Temperature_C",30.855,1,NA
"38",76,77,"Region",4,1,NA
"39",78,79,"Mulching_Used",1,1,NA
"40",80,81,"Rainfall_mm",157.27,1,NA
"41",82,83,"Rainfall_mm",2456.135,1,NA
"42",84,85,"Soil_Moisture",24.995,1,NA
"43",86,87,"Mulching_Used",1,1,NA
"44",88,89,"Rainfall_mm",142.875,1,NA
"45",90,91,"Temperature_C",22.39,1,NA
"46",92,93,"Soil_Moisture",24.995,1,NA
"47",94,95,"Rainfall_mm",2488.935,1,NA
"48",96,97,"Rainfall_mm",83.9,1,NA
"49",98,99,"Temperature_C",15.51,1,NA
"50",100,101,"Humidity",28.505,1,NA
"51",102,103,"Soil_pH",7.785,1,NA
"52",104,105,"Irrigation_Type",6,1,NA
"53",106,107,"Soil_Moisture",25,1,NA
"54",108,109,"Soil_Moisture",25.005,1,NA
"55",110,111,"Wind_Speed_kmh",10.005,1,NA
"56",112,113,"Soil_Moisture",24.98,1,NA
"57",114,115,"Temperature_C",30.205,1,NA
"58",116,117,"Soil_Moisture",25.075,1,NA
"59",118,119,"Temperature_C",29.995,1,NA
"60",120,121,"Electrical_Conductivity",2.2,1,NA
"61",122,123,"Temperature_C",37.895,1,NA
"62",124,125,"Rainfall_mm",304.98,1,NA
"63",126,127,"Soil_Type",1,1,NA
"64",128,129,"Humidity",92.685,1,NA
"65",130,131,"Soil_Moisture",10.165,1,NA
"66",132,133,"Irrigation_Type",4,1,NA
"67",134,135,"Mulching_Used",1,1,NA
"68",136,137,"Previous_Irrigation_mm",0.4,1,NA
"69",138,139,"Organic_Carbon",1.54,1,NA
"70",140,141,"Field_Area_hectare",11.235,1,NA
"71",142,143,"Rainfall_mm",1618.4,1,NA
"72",0,0,NA,0,-1,"Medium"
"73",0,0,NA,0,-1,"Low"
"74",144,145,"Rainfall_mm",279.34,1,NA
"75",146,147,"Sunlight_Hours",4.035,1,NA
"76",148,149,"Water_Source",1,1,NA
"77",0,0,NA,0,-1,"Low"
"78",150,151,"Humidity",94.815,1,NA
"79",152,153,"Rainfall_mm",177.635,1,NA
"80",154,155,"Mulching_Used",1,1,NA
"81",156,157,"Soil_Moisture",21.05,1,NA
"82",158,159,"Previous_Irrigation_mm",16.365,1,NA
"83",160,161,"Humidity",47.12,1,NA
"84",162,163,"Field_Area_hectare",0.425,1,NA
"85",164,165,"Mulching_Used",1,1,NA
"86",166,167,"Wind_Speed_kmh",15.345,1,NA
"87",168,169,"Temperature_C",40.995,1,NA
"88",170,171,"Humidity",48.365,1,NA
"89",172,173,"Wind_Speed_kmh",11.535,1,NA
"90",174,175,"Electrical_Conductivity",1.155,1,NA
"91",176,177,"Organic_Carbon",0.545,1,NA
"92",178,179,"Humidity",87.165,1,NA
"93",180,181,"Soil_pH",7.935,1,NA
"94",182,183,"Field_Area_hectare",10.58,1,NA
"95",184,185,"Previous_Irrigation_mm",51.07,1,NA
"96",186,187,"Electrical_Conductivity",3.23,1,NA
"97",188,189,"Rainfall_mm",228.015,1,NA
"98",190,191,"Wind_Speed_kmh",2.035,1,NA
"99",192,193,"Water_Source",4,1,NA
"100",194,195,"Rainfall_mm",278.945,1,NA
"101",196,197,"Water_Source",5,1,NA
"102",198,199,"Previous_Irrigation_mm",102.465,1,NA
"103",200,201,"Region",15,1,NA
"104",202,203,"Crop_Type",13,1,NA
"105",204,205,"Crop_Type",15,1,NA
"106",206,207,"Humidity",93.89,1,NA
"107",208,209,"Wind_Speed_kmh",18.065,1,NA
"108",210,211,"Electrical_Conductivity",0.245,1,NA
"109",212,213,"Sunlight_Hours",10.505,1,NA
"110",214,215,"Soil_Type",5,1,NA
"111",216,217,"Soil_Moisture",25.01,1,NA
"112",218,219,"Rainfall_mm",294.83,1,NA
"113",220,221,"Rainfall_mm",295.52,1,NA
"114",222,223,"Rainfall_mm",296.56,1,NA
"115",224,225,"Rainfall_mm",298.29,1,NA
"116",226,227,"Electrical_Conductivity",2.045,1,NA
"117",228,229,"Soil_Moisture",64.895,1,NA
"118",230,231,"Previous_Irrigation_mm",11.935,1,NA
"119",232,233,"Soil_Moisture",24.915,1,NA
"120",234,235,"Humidity",91.14,1,NA
"121",0,0,NA,0,-1,"Medium"
"122",236,237,"Rainfall_mm",355.06,1,NA
"123",238,239,"Humidity",91.115,1,NA
"124",0,0,NA,0,-1,"Medium"
"125",240,241,"Field_Area_hectare",5.385,1,NA
"126",242,243,"Rainfall_mm",321.06,1,NA
"127",244,245,"Soil_Moisture",57.825,1,NA
"128",246,247,"Mulching_Used",1,1,NA
"129",248,249,"Rainfall_mm",56.575,1,NA
"130",250,251,"Irrigation_Type",2,1,NA
"131",252,253,"Mulching_Used",1,1,NA
"132",254,255,"Wind_Speed_kmh",1.385,1,NA
"133",0,0,NA,0,-1,"Low"
"134",256,257,"Previous_Irrigation_mm",26.005,1,NA
"135",258,259,"Soil_pH",5.1,1,NA
"136",260,261,"Rainfall_mm",2368.795,1,NA
"137",262,263,"Wind_Speed_kmh",8.04,1,NA
"138",264,265,"Previous_Irrigation_mm",16.15,1,NA
"139",266,267,"Field_Area_hectare",5.02,1,NA
"140",268,269,"Water_Source",4,1,NA
"141",270,271,"Soil_pH",8.13,1,NA
"142",272,273,"Crop_Type",4,1,NA
"143",0,0,NA,0,-1,"Medium"
"144",274,275,"Electrical_Conductivity",3.105,1,NA
"145",276,277,"Humidity",94.915,1,NA
"146",278,279,"Temperature_C",31.235,1,NA
"147",280,281,"Mulching_Used",1,1,NA
"148",282,283,"Crop_Type",31,1,NA
"149",284,285,"Organic_Carbon",0.385,1,NA
"150",286,287,"Soil_pH",4.815,1,NA
"151",288,289,"Electrical_Conductivity",0.885,1,NA
"152",290,291,"Soil_Moisture",53.405,1,NA
"153",0,0,NA,0,-1,"Low"
"154",292,293,"Soil_pH",8.16,1,NA
"155",294,295,"Electrical_Conductivity",2.415,1,NA
"156",296,297,"Temperature_C",29.605,1,NA
"157",298,299,"Rainfall_mm",158.82,1,NA
"158",300,301,"Field_Area_hectare",14.965,1,NA
"159",302,303,"Mulching_Used",1,1,NA
"160",304,305,"Field_Area_hectare",11.445,1,NA
"161",306,307,"Previous_Irrigation_mm",118.36,1,NA
"162",308,309,"Rainfall_mm",596.95,1,NA
"163",310,311,"Rainfall_mm",305.125,1,NA
"164",312,313,"Organic_Carbon",0.935,1,NA
"165",0,0,NA,0,-1,"Low"
"166",314,315,"Soil_Moisture",25,1,NA
"167",316,317,"Rainfall_mm",272.935,1,NA
"168",318,319,"Rainfall_mm",300.305,1,NA
"169",320,321,"Soil_Moisture",25.115,1,NA
"170",322,323,"Soil_Moisture",25.31,1,NA
"171",324,325,"Soil_pH",6.955,1,NA
"172",326,327,"Rainfall_mm",210.85,1,NA
"173",328,329,"Rainfall_mm",248.91,1,NA
"174",0,0,NA,0,-1,"Medium"
"175",0,0,NA,0,-1,"Low"
"176",0,0,NA,0,-1,"High"
"177",0,0,NA,0,-1,"Medium"
"178",330,331,"Humidity",58.025,1,NA
"179",332,333,"Wind_Speed_kmh",18.835,1,NA
"180",334,335,"Water_Source",4,1,NA
"181",336,337,"Mulching_Used",1,1,NA
"182",338,339,"Rainfall_mm",2471.93,1,NA
"183",340,341,"Mulching_Used",1,1,NA
"184",342,343,"Field_Area_hectare",0.585,1,NA
"185",344,345,"Sunlight_Hours",4.435,1,NA
"186",346,347,"Organic_Carbon",0.475,1,NA
"187",348,349,"Wind_Speed_kmh",9.69,1,NA
"188",350,351,"Soil_pH",7.085,1,NA
"189",352,353,"Temperature_C",12.71,1,NA
"190",354,355,"Soil_Moisture",25.275,1,NA
"191",356,357,"Region",1,1,NA
"192",358,359,"Previous_Irrigation_mm",15.055,1,NA
"193",360,361,"Wind_Speed_kmh",2.005,1,NA
"194",362,363,"Region",5,1,NA
"195",364,365,"Crop_Type",2,1,NA
"196",366,367,"Rainfall_mm",347.365,1,NA
"197",368,369,"Wind_Speed_kmh",19.055,1,NA
"198",370,371,"Rainfall_mm",339.16,1,NA
"199",372,373,"Water_Source",2,1,NA
"200",374,375,"Wind_Speed_kmh",13.355,1,NA
"201",376,377,"Humidity",89.18,1,NA
"202",378,379,"Wind_Speed_kmh",9.925,1,NA
"203",380,381,"Sunlight_Hours",10.935,1,NA
"204",382,383,"Soil_Moisture",25.15,1,NA
"205",384,385,"Soil_Moisture",25.005,1,NA
"206",386,387,"Humidity",47.535,1,NA
"207",388,389,"Crop_Type",6,1,NA
"208",390,391,"Organic_Carbon",0.385,1,NA
"209",392,393,"Sunlight_Hours",10.985,1,NA
"210",394,395,"Humidity",82.045,1,NA
"211",396,397,"Water_Source",1,1,NA
"212",398,399,"Crop_Type",12,1,NA
"213",400,401,"Soil_Moisture",48.79,1,NA
"214",402,403,"Field_Area_hectare",14.83,1,NA
"215",404,405,"Region",8,1,NA
"216",406,407,"Sunlight_Hours",9.545,1,NA
"217",408,409,"Wind_Speed_kmh",17.685,1,NA
"218",410,411,"Temperature_C",34.71,1,NA
"219",412,413,"Temperature_C",40.945,1,NA
"220",0,0,NA,0,-1,"Medium"
"221",414,415,"Humidity",89.625,1,NA
"222",416,417,"Rainfall_mm",165.5,1,NA
"223",418,419,"Electrical_Conductivity",0.755,1,NA
"224",420,421,"Soil_Moisture",24.97,1,NA
"225",422,423,"Organic_Carbon",0.575,1,NA
"226",424,425,"Rainfall_mm",36.16,1,NA
"227",426,427,"Rainfall_mm",30.93,1,NA
"228",428,429,"Field_Area_hectare",0.415,1,NA
"229",0,0,NA,0,-1,"High"
"230",430,431,"Soil_Moisture",25.12,1,NA
"231",432,433,"Water_Source",4,1,NA
"232",434,435,"Humidity",25.085,1,NA
"233",436,437,"Sunlight_Hours",8.635,1,NA
"234",438,439,"Soil_pH",5.555,1,NA
"235",440,441,"Crop_Growth_Stage",1,1,NA
"236",442,443,"Organic_Carbon",0.985,1,NA
"237",444,445,"Field_Area_hectare",1.51,1,NA
"238",446,447,"Soil_pH",6.99,1,NA
"239",448,449,"Soil_Moisture",19.635,1,NA
"240",0,0,NA,0,-1,"Low"
"241",450,451,"Soil_pH",7.965,1,NA
"242",0,0,NA,0,-1,"Medium"
"243",452,453,"Organic_Carbon",1.425,1,NA
"244",454,455,"Soil_pH",4.805,1,NA
"245",456,457,"Wind_Speed_kmh",10.285,1,NA
"246",458,459,"Humidity",30.83,1,NA
"247",460,461,"Crop_Type",24,1,NA
"248",0,0,NA,0,-1,"Low"
"249",0,0,NA,0,-1,"Medium"
"250",462,463,"Humidity",46.43,1,NA
"251",464,465,"Soil_pH",4.925,1,NA
"252",466,467,"Sunlight_Hours",5.515,1,NA
"253",468,469,"Field_Area_hectare",1.305,1,NA
"254",0,0,NA,0,-1,"Medium"
"255",470,471,"Electrical_Conductivity",0.18,1,NA
"256",0,0,NA,0,-1,"Medium"
"257",472,473,"Rainfall_mm",563.955,1,NA
"258",474,475,"Field_Area_hectare",4.915,1,NA
"259",476,477,"Wind_Speed_kmh",2.75,1,NA
"260",478,479,"Previous_Irrigation_mm",0.165,1,NA
"261",0,0,NA,0,-1,"Low"
"262",480,481,"Sunlight_Hours",4.625,1,NA
"263",482,483,"Humidity",89.52,1,NA
"264",484,485,"Crop_Growth_Stage",2,1,NA
"265",486,487,"Temperature_C",41.655,1,NA
"266",0,0,NA,0,-1,"Low"
"267",0,0,NA,0,-1,"Medium"
"268",488,489,"Rainfall_mm",352.18,1,NA
"269",490,491,"Field_Area_hectare",0.515,1,NA
"270",492,493,"Rainfall_mm",364.18,1,NA
"271",494,495,"Humidity",80.755,1,NA
"272",0,0,NA,0,-1,"Medium"
"273",0,0,NA,0,-1,"Low"
"274",496,497,"Previous_Irrigation_mm",102.39,1,NA
"275",498,499,"Mulching_Used",1,1,NA
"276",500,501,"Wind_Speed_kmh",1.425,1,NA
"277",502,503,"Field_Area_hectare",1.455,1,NA
"278",504,505,"Electrical_Conductivity",2.84,1,NA
"279",506,507,"Crop_Type",11,1,NA
"280",508,509,"Previous_Irrigation_mm",49.635,1,NA
"281",510,511,"Rainfall_mm",292.65,1,NA
"282",0,0,NA,0,-1,"Low"
"283",512,513,"Humidity",78.815,1,NA
"284",514,515,"Wind_Speed_kmh",7.04,1,NA
"285",0,0,NA,0,-1,"Low"
"286",516,517,"Previous_Irrigation_mm",39.245,1,NA
"287",518,519,"Humidity",25.16,1,NA
"288",0,0,NA,0,-1,"Medium"
"289",0,0,NA,0,-1,"Low"
"290",0,0,NA,0,-1,"Low"
"291",520,521,"Rainfall_mm",123.52,1,NA
"292",522,523,"Electrical_Conductivity",3.265,1,NA
"293",0,0,NA,0,-1,"Low"
"294",524,525,"Sunlight_Hours",10.155,1,NA
"295",526,527,"Soil_Moisture",24.18,1,NA
"296",528,529,"Previous_Irrigation_mm",60.41,1,NA
"297",530,531,"Crop_Type",31,1,NA
"298",0,0,NA,0,-1,"High"
"299",532,533,"Temperature_C",30.13,1,NA
"300",534,535,"Mulching_Used",1,1,NA
"301",536,537,"Water_Source",5,1,NA
"302",538,539,"Temperature_C",15.465,1,NA
"303",540,541,"Organic_Carbon",1.595,1,NA
"304",542,543,"Sunlight_Hours",4.525,1,NA
"305",544,545,"Soil_Type",1,1,NA
"306",546,547,"Previous_Irrigation_mm",95.575,1,NA
"307",548,549,"Temperature_C",28.76,1,NA
"308",0,0,NA,0,-1,"High"
"309",0,0,NA,0,-1,"Medium"
"310",550,551,"Soil_pH",6.37,1,NA
"311",552,553,"Temperature_C",41.84,1,NA
"312",554,555,"Field_Area_hectare",1.21,1,NA
"313",556,557,"Electrical_Conductivity",2.175,1,NA
"314",558,559,"Temperature_C",41.85,1,NA
"315",560,561,"Soil_Moisture",43.885,1,NA
"316",562,563,"Organic_Carbon",1.125,1,NA
"317",564,565,"Soil_pH",8.015,1,NA
"318",566,567,"Electrical_Conductivity",3.37,1,NA
"319",568,569,"Soil_Moisture",25.005,1,NA
"320",570,571,"Sunlight_Hours",10,1,NA
"321",0,0,NA,0,-1,"Low"
"322",572,573,"Rainfall_mm",40.87,1,NA
"323",574,575,"Humidity",35.575,1,NA
"324",576,577,"Previous_Irrigation_mm",38.99,1,NA
"325",578,579,"Field_Area_hectare",14.685,1,NA
"326",580,581,"Rainfall_mm",207.815,1,NA
"327",582,583,"Soil_pH",7.795,1,NA
"328",584,585,"Rainfall_mm",161.585,1,NA
"329",586,587,"Temperature_C",32.81,1,NA
"330",588,589,"Temperature_C",30.005,1,NA
"331",590,591,"Crop_Type",21,1,NA
"332",592,593,"Rainfall_mm",2200.09,1,NA
"333",594,595,"Field_Area_hectare",13.325,1,NA
"334",596,597,"Mulching_Used",1,1,NA
"335",598,599,"Rainfall_mm",363.95,1,NA
"336",600,601,"Field_Area_hectare",14.17,1,NA
"337",602,603,"Region",2,1,NA
"338",604,605,"Irrigation_Type",6,1,NA
"339",606,607,"Temperature_C",30.535,1,NA
"340",608,609,"Humidity",33.605,1,NA
"341",610,611,"Temperature_C",30.095,1,NA
"342",0,0,NA,0,-1,"Medium"
"343",612,613,"Mulching_Used",1,1,NA
"344",614,615,"Soil_Moisture",28.7,1,NA
"345",616,617,"Crop_Type",16,1,NA
"346",618,619,"Organic_Carbon",0.465,1,NA
"347",620,621,"Soil_Moisture",23.8,1,NA
"348",0,0,NA,0,-1,"Medium"
"349",0,0,NA,0,-1,"High"
"350",622,623,"Electrical_Conductivity",2.545,1,NA
"351",624,625,"Temperature_C",15.14,1,NA
"352",0,0,NA,0,-1,"High"
"353",626,627,"Crop_Growth_Stage",1,1,NA
"354",628,629,"Field_Area_hectare",14.695,1,NA
"355",630,631,"Sunlight_Hours",10.94,1,NA
"356",632,633,"Wind_Speed_kmh",2.425,1,NA
"357",634,635,"Rainfall_mm",2432.65,1,NA
"358",636,637,"Field_Area_hectare",0.68,1,NA
"359",638,639,"Wind_Speed_kmh",7.605,1,NA
"360",640,641,"Soil_Moisture",24.98,1,NA
"361",642,643,"Previous_Irrigation_mm",10.345,1,NA
"362",644,645,"Water_Source",5,1,NA
"363",646,647,"Rainfall_mm",231.535,1,NA
"364",648,649,"Soil_Moisture",24.69,1,NA
"365",650,651,"Humidity",25.175,1,NA
"366",652,653,"Soil_pH",7.795,1,NA
"367",654,655,"Humidity",29.195,1,NA
"368",656,657,"Crop_Type",8,1,NA
"369",658,659,"Rainfall_mm",268.935,1,NA
"370",660,661,"Soil_Type",5,1,NA
"371",662,663,"Soil_Moisture",8.555,1,NA
"372",664,665,"Soil_Moisture",21.06,1,NA
"373",666,667,"Temperature_C",19.71,1,NA
"374",668,669,"Wind_Speed_kmh",13.2,1,NA
"375",670,671,"Humidity",25.77,1,NA
"376",672,673,"Field_Area_hectare",0.755,1,NA
"377",0,0,NA,0,-1,"High"
"378",674,675,"Rainfall_mm",322.95,1,NA
"379",676,677,"Soil_Moisture",15.27,1,NA
"380",678,679,"Rainfall_mm",357.825,1,NA
"381",680,681,"Electrical_Conductivity",1.005,1,NA
"382",682,683,"Region",2,1,NA
"383",684,685,"Wind_Speed_kmh",2.87,1,NA
"384",686,687,"Organic_Carbon",1.535,1,NA
"385",688,689,"Previous_Irrigation_mm",5.34,1,NA
"386",690,691,"Sunlight_Hours",10.885,1,NA
"387",692,693,"Field_Area_hectare",0.355,1,NA
"388",694,695,"Field_Area_hectare",2.76,1,NA
"389",0,0,NA,0,-1,"Medium"
"390",696,697,"Soil_pH",5.1,1,NA
"391",698,699,"Soil_Moisture",47.745,1,NA
"392",700,701,"Temperature_C",30.045,1,NA
"393",702,703,"Rainfall_mm",552.885,1,NA
"394",704,705,"Irrigation_Type",3,1,NA
"395",706,707,"Wind_Speed_kmh",10.58,1,NA
"396",708,709,"Wind_Speed_kmh",10,1,NA
"397",710,711,"Electrical_Conductivity",0.44,1,NA
"398",712,713,"Rainfall_mm",365.29,1,NA
"399",714,715,"Previous_Irrigation_mm",97.02,1,NA
"400",716,717,"Humidity",92.27,1,NA
"401",718,719,"Crop_Type",13,1,NA
"402",720,721,"Soil_Moisture",24.68,1,NA
"403",722,723,"Previous_Irrigation_mm",45.225,1,NA
"404",724,725,"Wind_Speed_kmh",9.965,1,NA
"405",726,727,"Water_Source",7,1,NA
"406",728,729,"Region",5,1,NA
"407",730,731,"Field_Area_hectare",9.125,1,NA
"408",732,733,"Electrical_Conductivity",3.455,1,NA
"409",734,735,"Rainfall_mm",360.745,1,NA
"410",736,737,"Rainfall_mm",52.155,1,NA
"411",738,739,"Field_Area_hectare",4.695,1,NA
"412",0,0,NA,0,-1,"Medium"
"413",740,741,"Previous_Irrigation_mm",2.595,1,NA
"414",742,743,"Rainfall_mm",2466.4,1,NA
"415",744,745,"Crop_Type",4,1,NA
"416",746,747,"Previous_Irrigation_mm",113.335,1,NA
"417",748,749,"Field_Area_hectare",10.99,1,NA
"418",750,751,"Soil_Moisture",24.995,1,NA
"419",752,753,"Rainfall_mm",2457.61,1,NA
"420",754,755,"Field_Area_hectare",8.545,1,NA
"421",756,757,"Sunlight_Hours",4.54,1,NA
"422",758,759,"Temperature_C",32.685,1,NA
"423",760,761,"Temperature_C",35.065,1,NA
"424",762,763,"Region",3,1,NA
"425",764,765,"Soil_pH",7.765,1,NA
"426",766,767,"Sunlight_Hours",10.655,1,NA
"427",768,769,"Temperature_C",29.255,1,NA
"428",770,771,"Crop_Type",1,1,NA
"429",772,773,"Temperature_C",28.885,1,NA
"430",774,775,"Soil_Type",2,1,NA
"431",776,777,"Season",3,1,NA
"432",778,779,"Temperature_C",14.845,1,NA
"433",780,781,"Soil_Moisture",25,1,NA
"434",782,783,"Soil_Moisture",17.42,1,NA
"435",784,785,"Crop_Type",19,1,NA
"436",786,787,"Rainfall_mm",635.19,1,NA
"437",788,789,"Soil_Moisture",64.975,1,NA
"438",0,0,NA,0,-1,"High"
"439",0,0,NA,0,-1,"Medium"
"440",790,791,"Sunlight_Hours",5.33,1,NA
"441",792,793,"Previous_Irrigation_mm",69.94,1,NA
"442",794,795,"Sunlight_Hours",6.105,1,NA
"443",796,797,"Sunlight_Hours",4.505,1,NA
"444",798,799,"Crop_Type",31,1,NA
"445",800,801,"Wind_Speed_kmh",10.72,1,NA
"446",802,803,"Soil_pH",5.195,1,NA
"447",0,0,NA,0,-1,"Medium"
"448",804,805,"Rainfall_mm",405.635,1,NA
"449",806,807,"Sunlight_Hours",5.29,1,NA
"450",808,809,"Soil_pH",5.825,1,NA
"451",0,0,NA,0,-1,"Medium"
"452",810,811,"Temperature_C",30.075,1,NA
"453",812,813,"Rainfall_mm",2146.59,1,NA
"454",0,0,NA,0,-1,"Medium"
"455",814,815,"Wind_Speed_kmh",9.99,1,NA
"456",816,817,"Electrical_Conductivity",0.18,1,NA
"457",818,819,"Rainfall_mm",594.175,1,NA
"458",820,821,"Soil_Type",1,1,NA
"459",822,823,"Region",6,1,NA
"460",824,825,"Temperature_C",21.705,1,NA
"461",826,827,"Sunlight_Hours",4.985,1,NA
"462",828,829,"Previous_Irrigation_mm",24.345,1,NA
"463",830,831,"Humidity",49.06,1,NA
"464",832,833,"Crop_Growth_Stage",2,1,NA
"465",834,835,"Soil_pH",7.935,1,NA
"466",836,837,"Soil_pH",6.345,1,NA
"467",838,839,"Sunlight_Hours",5.695,1,NA
"468",840,841,"Water_Source",4,1,NA
"469",842,843,"Organic_Carbon",1.175,1,NA
"470",0,0,NA,0,-1,"Medium"
"471",0,0,NA,0,-1,"Low"
"472",844,845,"Temperature_C",29.66,1,NA
"473",846,847,"Electrical_Conductivity",1.685,1,NA
"474",0,0,NA,0,-1,"Medium"
"475",0,0,NA,0,-1,"Low"
"476",848,849,"Humidity",50.575,1,NA
"477",850,851,"Sunlight_Hours",10.1,1,NA
"478",0,0,NA,0,-1,"Medium"
"479",0,0,NA,0,-1,"Low"
"480",852,853,"Soil_Moisture",24.91,1,NA
"481",854,855,"Irrigation_Type",1,1,NA
"482",856,857,"Soil_pH",7.575,1,NA
"483",858,859,"Water_Source",6,1,NA
"484",0,0,NA,0,-1,"Medium"
"485",860,861,"Sunlight_Hours",10.24,1,NA
"486",862,863,"Soil_Type",7,1,NA
"487",864,865,"Humidity",50.355,1,NA
"488",0,0,NA,0,-1,"Medium"
"489",866,867,"Soil_Moisture",15.285,1,NA
"490",868,869,"Previous_Irrigation_mm",78,1,NA
"491",870,871,"Temperature_C",40.345,1,NA
"492",872,873,"Soil_pH",7.895,1,NA
"493",874,875,"Crop_Type",31,1,NA
"494",876,877,"Soil_Type",1,1,NA
"495",0,0,NA,0,-1,"Medium"
"496",878,879,"Humidity",58.59,1,NA
"497",880,881,"Previous_Irrigation_mm",109.745,1,NA
"498",882,883,"Organic_Carbon",1.09,1,NA
"499",0,0,NA,0,-1,"Low"
"500",884,885,"Organic_Carbon",0.565,1,NA
"501",0,0,NA,0,-1,"Low"
"502",886,887,"Wind_Speed_kmh",1.61,1,NA
"503",0,0,NA,0,-1,"Low"
"504",0,0,NA,0,-1,"Low"
"505",0,0,NA,0,-1,"Medium"
"506",0,0,NA,0,-1,"Low"
"507",888,889,"Electrical_Conductivity",3.29,1,NA
"508",890,891,"Soil_pH",4.935,1,NA
"509",892,893,"Temperature_C",31.025,1,NA
"510",894,895,"Organic_Carbon",0.55,1,NA
"511",0,0,NA,0,-1,"Low"
"512",0,0,NA,0,-1,"Low"
"513",896,897,"Rainfall_mm",390.785,1,NA
"514",0,0,NA,0,-1,"Medium"
"515",0,0,NA,0,-1,"Low"
"516",0,0,NA,0,-1,"Medium"
"517",0,0,NA,0,-1,"Low"
"518",898,899,"Temperature_C",41.415,1,NA
"519",900,901,"Temperature_C",28.955,1,NA
"520",0,0,NA,0,-1,"Low"
"521",0,0,NA,0,-1,"Medium"
"522",902,903,"Sunlight_Hours",10.805,1,NA
"523",904,905,"Soil_pH",5.4,1,NA
"524",906,907,"Temperature_C",27.81,1,NA
"525",0,0,NA,0,-1,"Low"
"526",0,0,NA,0,-1,"Medium"
"527",908,909,"Previous_Irrigation_mm",101.755,1,NA
"528",910,911,"Mulching_Used",1,1,NA
"529",0,0,NA,0,-1,"Medium"
"530",0,0,NA,0,-1,"High"
"531",912,913,"Temperature_C",30.44,1,NA
"532",914,915,"Crop_Type",8,1,NA
"533",916,917,"Field_Area_hectare",3.76,1,NA
"534",918,919,"Organic_Carbon",0.915,1,NA
"535",920,921,"Previous_Irrigation_mm",15.665,1,NA
"536",922,923,"Sunlight_Hours",5.25,1,NA
"537",0,0,NA,0,-1,"Medium"
"538",924,925,"Field_Area_hectare",11.355,1,NA
"539",926,927,"Previous_Irrigation_mm",93.875,1,NA
"540",928,929,"Temperature_C",30.02,1,NA
"541",930,931,"Soil_pH",7.165,1,NA
"542",932,933,"Soil_Moisture",18.025,1,NA
"543",934,935,"Rainfall_mm",2458.62,1,NA
"544",936,937,"Previous_Irrigation_mm",73.39,1,NA
"545",938,939,"Crop_Type",17,1,NA
"546",940,941,"Wind_Speed_kmh",14.36,1,NA
"547",942,943,"Soil_Moisture",9.925,1,NA
"548",0,0,NA,0,-1,"Medium"
"549",0,0,NA,0,-1,"Low"
"550",0,0,NA,0,-1,"High"
"551",944,945,"Previous_Irrigation_mm",5.075,1,NA
"552",946,947,"Previous_Irrigation_mm",14.755,1,NA
"553",0,0,NA,0,-1,"Low"
"554",948,949,"Soil_pH",7.805,1,NA
"555",0,0,NA,0,-1,"Low"
"556",950,951,"Organic_Carbon",0.98,1,NA
"557",952,953,"Electrical_Conductivity",2.185,1,NA
"558",954,955,"Region",4,1,NA
"559",956,957,"Humidity",71.22,1,NA
"560",958,959,"Soil_pH",7.775,1,NA
"561",960,961,"Wind_Speed_kmh",10.075,1,NA
"562",962,963,"Organic_Carbon",0.77,1,NA
"563",964,965,"Crop_Type",16,1,NA
"564",966,967,"Soil_pH",7.025,1,NA
"565",968,969,"Electrical_Conductivity",0.495,1,NA
"566",970,971,"Sunlight_Hours",10.195,1,NA
"567",0,0,NA,0,-1,"High"
"568",972,973,"Humidity",94.65,1,NA
"569",974,975,"Field_Area_hectare",14.55,1,NA
"570",976,977,"Soil_pH",6.185,1,NA
"571",978,979,"Previous_Irrigation_mm",105.135,1,NA
"572",980,981,"Previous_Irrigation_mm",10.24,1,NA
"573",982,983,"Temperature_C",29.14,1,NA
"574",984,985,"Rainfall_mm",51.29,1,NA
"575",986,987,"Crop_Type",15,1,NA
"576",988,989,"Soil_Moisture",62.075,1,NA
"577",990,991,"Soil_pH",6.665,1,NA
"578",992,993,"Rainfall_mm",9.525,1,NA
"579",994,995,"Organic_Carbon",0.94,1,NA
"580",996,997,"Soil_pH",7.635,1,NA
"581",998,999,"Season",3,1,NA
"582",1000,1001,"Soil_Moisture",60.505,1,NA
"583",1002,1003,"Humidity",74.52,1,NA
"584",1004,1005,"Temperature_C",31.285,1,NA
"585",1006,1007,"Previous_Irrigation_mm",16.845,1,NA
"586",1008,1009,"Electrical_Conductivity",3.305,1,NA
"587",1010,1011,"Previous_Irrigation_mm",64.39,1,NA
"588",1012,1013,"Soil_Moisture",20.115,1,NA
"589",1014,1015,"Soil_Moisture",16.64,1,NA
"590",1016,1017,"Temperature_C",28.005,1,NA
"591",1018,1019,"Crop_Growth_Stage",2,1,NA
"592",1020,1021,"Mulching_Used",1,1,NA
"593",1022,1023,"Organic_Carbon",0.675,1,NA
"594",1024,1025,"Mulching_Used",1,1,NA
"595",1026,1027,"Mulching_Used",1,1,NA
"596",1028,1029,"Rainfall_mm",2336.99,1,NA
"597",1030,1031,"Sunlight_Hours",10.755,1,NA
"598",1032,1033,"Crop_Type",1,1,NA
"599",1034,1035,"Sunlight_Hours",10.615,1,NA
"600",1036,1037,"Wind_Speed_kmh",10.225,1,NA
"601",1038,1039,"Field_Area_hectare",14.19,1,NA
"602",1040,1041,"Temperature_C",36.64,1,NA
"603",0,0,NA,0,-1,"Low"
"604",1042,1043,"Temperature_C",30.885,1,NA
"605",1044,1045,"Mulching_Used",1,1,NA
"606",1046,1047,"Soil_Moisture",25.295,1,NA
"607",1048,1049,"Rainfall_mm",2479.81,1,NA
"608",1050,1051,"Temperature_C",14.745,1,NA
"609",1052,1053,"Temperature_C",37.97,1,NA
"610",1054,1055,"Temperature_C",14.245,1,NA
"611",1056,1057,"Soil_Moisture",25.745,1,NA
"612",1058,1059,"Wind_Speed_kmh",12.73,1,NA
"613",1060,1061,"Rainfall_mm",2499.425,1,NA
"614",1062,1063,"Temperature_C",34.43,1,NA
"615",0,0,NA,0,-1,"Low"
"616",1064,1065,"Organic_Carbon",0.79,1,NA
"617",1066,1067,"Region",9,1,NA
"618",0,0,NA,0,-1,"Medium"
"619",0,0,NA,0,-1,"Low"
"620",0,0,NA,0,-1,"Medium"
"621",1068,1069,"Soil_Moisture",23.975,1,NA
"622",1070,1071,"Temperature_C",23.17,1,NA
"623",1072,1073,"Soil_pH",6.77,1,NA
"624",1074,1075,"Electrical_Conductivity",2.165,1,NA
"625",1076,1077,"Rainfall_mm",108.855,1,NA
"626",1078,1079,"Sunlight_Hours",10.2,1,NA
"627",1080,1081,"Humidity",56.89,1,NA
"628",0,0,NA,0,-1,"Medium"
"629",1082,1083,"Soil_Moisture",19.78,1,NA
"630",1084,1085,"Wind_Speed_kmh",0.66,1,NA
"631",1086,1087,"Soil_Moisture",48.25,1,NA
"632",1088,1089,"Temperature_C",12.565,1,NA
"633",1090,1091,"Electrical_Conductivity",2.845,1,NA
"634",1092,1093,"Soil_Moisture",25,1,NA
"635",1094,1095,"Previous_Irrigation_mm",16.855,1,NA
"636",1096,1097,"Region",14,1,NA
"637",1098,1099,"Organic_Carbon",1.235,1,NA
"638",1100,1101,"Sunlight_Hours",8.785,1,NA
"639",1102,1103,"Sunlight_Hours",8.635,1,NA
"640",1104,1105,"Crop_Type",8,1,NA
"641",1106,1107,"Soil_Moisture",64.945,1,NA
"642",1108,1109,"Soil_Type",6,1,NA
"643",1110,1111,"Rainfall_mm",1671.39,1,NA
"644",1112,1113,"Soil_Moisture",16.27,1,NA
"645",1114,1115,"Rainfall_mm",42.05,1,NA
"646",1116,1117,"Field_Area_hectare",12.48,1,NA
"647",1118,1119,"Wind_Speed_kmh",13.14,1,NA
"648",1120,1121,"Water_Source",5,1,NA
"649",0,0,NA,0,-1,"Medium"
"650",1122,1123,"Sunlight_Hours",9.565,1,NA
"651",1124,1125,"Wind_Speed_kmh",19.93,1,NA
"652",1126,1127,"Humidity",62.15,1,NA
"653",1128,1129,"Field_Area_hectare",14.56,1,NA
"654",1130,1131,"Field_Area_hectare",7.715,1,NA
"655",1132,1133,"Wind_Speed_kmh",19.985,1,NA
"656",1134,1135,"Wind_Speed_kmh",13.12,1,NA
"657",1136,1137,"Rainfall_mm",366.77,1,NA
"658",1138,1139,"Region",6,1,NA
"659",1140,1141,"Field_Area_hectare",13.285,1,NA
"660",1142,1143,"Soil_pH",6.345,1,NA
"661",1144,1145,"Humidity",41.98,1,NA
"662",1146,1147,"Field_Area_hectare",13.125,1,NA
"663",1148,1149,"Wind_Speed_kmh",19.665,1,NA
"664",1150,1151,"Rainfall_mm",665.38,1,NA
"665",0,0,NA,0,-1,"Medium"
"666",1152,1153,"Rainfall_mm",372.045,1,NA
"667",1154,1155,"Crop_Type",1,1,NA
"668",1156,1157,"Humidity",80.375,1,NA
"669",1158,1159,"Soil_Moisture",28.7,1,NA
"670",1160,1161,"Wind_Speed_kmh",16.76,1,NA
"671",1162,1163,"Water_Source",1,1,NA
"672",1164,1165,"Sunlight_Hours",10.79,1,NA
"673",1166,1167,"Field_Area_hectare",12.03,1,NA
"674",1168,1169,"Season",2,1,NA
"675",1170,1171,"Soil_Moisture",25.35,1,NA
"676",1172,1173,"Temperature_C",35.15,1,NA
"677",1174,1175,"Organic_Carbon",0.47,1,NA
"678",1176,1177,"Temperature_C",40.67,1,NA
"679",1178,1179,"Previous_Irrigation_mm",5.95,1,NA
"680",1180,1181,"Previous_Irrigation_mm",102.905,1,NA
"681",0,0,NA,0,-1,"Medium"
"682",1182,1183,"Field_Area_hectare",14.74,1,NA
"683",1184,1185,"Previous_Irrigation_mm",103.685,1,NA
"684",1186,1187,"Water_Source",1,1,NA
"685",1188,1189,"Previous_Irrigation_mm",36.265,1,NA
"686",1190,1191,"Soil_pH",4.855,1,NA
"687",1192,1193,"Electrical_Conductivity",1.755,1,NA
"688",1194,1195,"Rainfall_mm",570.285,1,NA
"689",1196,1197,"Rainfall_mm",221.88,1,NA
"690",1198,1199,"Soil_Moisture",8.35,1,NA
"691",1200,1201,"Soil_Moisture",20.44,1,NA
"692",1202,1203,"Previous_Irrigation_mm",54.635,1,NA
"693",1204,1205,"Crop_Type",9,1,NA
"694",0,0,NA,0,-1,"Medium"
"695",0,0,NA,0,-1,"High"
"696",1206,1207,"Rainfall_mm",343.25,1,NA
"697",1208,1209,"Rainfall_mm",223.655,1,NA
"698",1210,1211,"Field_Area_hectare",12.4,1,NA
"699",1212,1213,"Irrigation_Type",6,1,NA
"700",1214,1215,"Humidity",68.37,1,NA
"701",1216,1217,"Rainfall_mm",361.785,1,NA
"702",0,0,NA,0,-1,"High"
"703",0,0,NA,0,-1,"Medium"
"704",1218,1219,"Crop_Type",2,1,NA
"705",1220,1221,"Previous_Irrigation_mm",89.28,1,NA
"706",0,0,NA,0,-1,"Medium"
"707",0,0,NA,0,-1,"High"
"708",1222,1223,"Organic_Carbon",0.82,1,NA
"709",1224,1225,"Soil_pH",8.065,1,NA
"710",1226,1227,"Humidity",92.2,1,NA
"711",1228,1229,"Field_Area_hectare",3.115,1,NA
"712",1230,1231,"Rainfall_mm",49.285,1,NA
"713",1232,1233,"Soil_Moisture",52.835,1,NA
"714",1234,1235,"Electrical_Conductivity",2.765,1,NA
"715",1236,1237,"Rainfall_mm",357.85,1,NA
"716",1238,1239,"Temperature_C",30.18,1,NA
"717",0,0,NA,0,-1,"High"
"718",1240,1241,"Humidity",26.575,1,NA
"719",1242,1243,"Field_Area_hectare",8.38,1,NA
"720",1244,1245,"Humidity",40.45,1,NA
"721",1246,1247,"Humidity",92.655,1,NA
"722",1248,1249,"Rainfall_mm",857.175,1,NA
"723",1250,1251,"Soil_pH",8.13,1,NA
"724",1252,1253,"Soil_Moisture",17.23,1,NA
"725",0,0,NA,0,-1,"High"
"726",1254,1255,"Rainfall_mm",250.945,1,NA
"727",1256,1257,"Field_Area_hectare",14.305,1,NA
"728",1258,1259,"Temperature_C",37.485,1,NA
"729",1260,1261,"Humidity",94.73,1,NA
"730",1262,1263,"Region",2,1,NA
"731",1264,1265,"Electrical_Conductivity",3.43,1,NA
"732",1266,1267,"Sunlight_Hours",10.975,1,NA
"733",1268,1269,"Previous_Irrigation_mm",67.785,1,NA
"734",1270,1271,"Temperature_C",38.795,1,NA
"735",1272,1273,"Rainfall_mm",1023.39,1,NA
"736",0,0,NA,0,-1,"Medium"
"737",0,0,NA,0,-1,"High"
"738",0,0,NA,0,-1,"High"
"739",1274,1275,"Soil_Moisture",20.355,1,NA
"740",1276,1277,"Wind_Speed_kmh",3.175,1,NA
"741",0,0,NA,0,-1,"Medium"
"742",1278,1279,"Soil_Moisture",25.165,1,NA
"743",1280,1281,"Field_Area_hectare",3.06,1,NA
"744",1282,1283,"Electrical_Conductivity",1.08,1,NA
"745",0,0,NA,0,-1,"Low"
"746",1284,1285,"Sunlight_Hours",10.93,1,NA
"747",1286,1287,"Organic_Carbon",1.13,1,NA
"748",1288,1289,"Soil_pH",6.81,1,NA
"749",1290,1291,"Rainfall_mm",249.51,1,NA
"750",1292,1293,"Soil_Moisture",8.335,1,NA
"751",1294,1295,"Soil_Type",7,1,NA
"752",1296,1297,"Humidity",46.905,1,NA
"753",1298,1299,"Wind_Speed_kmh",3.27,1,NA
"754",1300,1301,"Rainfall_mm",119.445,1,NA
"755",1302,1303,"Field_Area_hectare",10.485,1,NA
"756",1304,1305,"Soil_pH",5.82,1,NA
"757",1306,1307,"Humidity",29.445,1,NA
"758",1308,1309,"Previous_Irrigation_mm",107.445,1,NA
"759",1310,1311,"Crop_Type",1,1,NA
"760",1312,1313,"Soil_Moisture",25.005,1,NA
"761",1314,1315,"Humidity",46.985,1,NA
"762",1316,1317,"Temperature_C",29.21,1,NA
"763",1318,1319,"Humidity",67.14,1,NA
"764",1320,1321,"Wind_Speed_kmh",13.94,1,NA
"765",1322,1323,"Field_Area_hectare",14.845,1,NA
"766",1324,1325,"Crop_Growth_Stage",1,1,NA
"767",1326,1327,"Region",2,1,NA
"768",1328,1329,"Humidity",47.615,1,NA
"769",1330,1331,"Sunlight_Hours",4.085,1,NA
"770",0,0,NA,0,-1,"High"
"771",0,0,NA,0,-1,"Medium"
"772",1332,1333,"Crop_Type",3,1,NA
"773",1334,1335,"Temperature_C",28.955,1,NA
"774",1336,1337,"Previous_Irrigation_mm",0.835,1,NA
"775",1338,1339,"Wind_Speed_kmh",11.08,1,NA
"776",1340,1341,"Temperature_C",29.875,1,NA
"777",1342,1343,"Soil_Moisture",35.235,1,NA
"778",1344,1345,"Previous_Irrigation_mm",93.735,1,NA
"779",1346,1347,"Humidity",45.095,1,NA
"780",1348,1349,"Rainfall_mm",732.715,1,NA
"781",1350,1351,"Soil_pH",7.955,1,NA
"782",0,0,NA,0,-1,"Medium"
"783",1352,1353,"Organic_Carbon",0.905,1,NA
"784",1354,1355,"Humidity",53.065,1,NA
"785",1356,1357,"Soil_Moisture",24.905,1,NA
"786",1358,1359,"Sunlight_Hours",4.015,1,NA
"787",1360,1361,"Sunlight_Hours",5.775,1,NA
"788",1362,1363,"Soil_pH",5.585,1,NA
"789",1364,1365,"Rainfall_mm",1701.21,1,NA
"790",1366,1367,"Crop_Type",1,1,NA
"791",0,0,NA,0,-1,"Medium"
"792",0,0,NA,0,-1,"Medium"
"793",1368,1369,"Rainfall_mm",349.605,1,NA
"794",0,0,NA,0,-1,"High"
"795",1370,1371,"Crop_Type",22,1,NA
"796",0,0,NA,0,-1,"Medium"
"797",1372,1373,"Previous_Irrigation_mm",107.38,1,NA
"798",0,0,NA,0,-1,"Medium"
"799",1374,1375,"Soil_pH",6.49,1,NA
"800",0,0,NA,0,-1,"Medium"
"801",1376,1377,"Wind_Speed_kmh",10.745,1,NA
"802",0,0,NA,0,-1,"Medium"
"803",0,0,NA,0,-1,"High"
"804",0,0,NA,0,-1,"High"
"805",1378,1379,"Soil_Moisture",19.41,1,NA
"806",1380,1381,"Electrical_Conductivity",2.995,1,NA
"807",0,0,NA,0,-1,"Medium"
"808",1382,1383,"Temperature_C",33.94,1,NA
"809",1384,1385,"Temperature_C",34.58,1,NA
"810",1386,1387,"Field_Area_hectare",0.72,1,NA
"811",1388,1389,"Soil_Moisture",54.605,1,NA
"812",0,0,NA,0,-1,"Low"
"813",1390,1391,"Humidity",94.675,1,NA
"814",1392,1393,"Previous_Irrigation_mm",72.62,1,NA
"815",1394,1395,"Temperature_C",30.18,1,NA
"816",1396,1397,"Electrical_Conductivity",0.155,1,NA
"817",1398,1399,"Sunlight_Hours",4.09,1,NA
"818",1400,1401,"Sunlight_Hours",8.34,1,NA
"819",1402,1403,"Field_Area_hectare",6.025,1,NA
"820",0,0,NA,0,-1,"Medium"
"821",1404,1405,"Field_Area_hectare",9.39,1,NA
"822",1406,1407,"Rainfall_mm",7.235,1,NA
"823",0,0,NA,0,-1,"Medium"
"824",1408,1409,"Rainfall_mm",94.795,1,NA
"825",1410,1411,"Wind_Speed_kmh",6.465,1,NA
"826",1412,1413,"Temperature_C",21.8,1,NA
"827",1414,1415,"Organic_Carbon",1.44,1,NA
"828",1416,1417,"Humidity",40.815,1,NA
"829",0,0,NA,0,-1,"Low"
"830",1418,1419,"Crop_Type",14,1,NA
"831",1420,1421,"Soil_pH",5.16,1,NA
"832",1422,1423,"Sunlight_Hours",6.88,1,NA
"833",0,0,NA,0,-1,"Medium"
"834",1424,1425,"Previous_Irrigation_mm",118.7,1,NA
"835",0,0,NA,0,-1,"Low"
"836",1426,1427,"Organic_Carbon",1.585,1,NA
"837",1428,1429,"Soil_pH",7.905,1,NA
"838",1430,1431,"Humidity",83.1,1,NA
"839",1432,1433,"Humidity",45.625,1,NA
"840",1434,1435,"Organic_Carbon",1.535,1,NA
"841",1436,1437,"Previous_Irrigation_mm",26.695,1,NA
"842",1438,1439,"Rainfall_mm",860.62,1,NA
"843",1440,1441,"Temperature_C",12.365,1,NA
"844",1442,1443,"Electrical_Conductivity",3.21,1,NA
"845",1444,1445,"Previous_Irrigation_mm",60.425,1,NA
"846",1446,1447,"Soil_Moisture",10.555,1,NA
"847",1448,1449,"Sunlight_Hours",10.595,1,NA
"848",1450,1451,"Region",8,1,NA
"849",0,0,NA,0,-1,"Low"
"850",0,0,NA,0,-1,"Low"
"851",1452,1453,"Region",2,1,NA
"852",1454,1455,"Soil_Moisture",20.755,1,NA
"853",1456,1457,"Humidity",74.69,1,NA
"854",1458,1459,"Water_Source",7,1,NA
"855",1460,1461,"Rainfall_mm",225.56,1,NA
"856",1462,1463,"Previous_Irrigation_mm",34.225,1,NA
"857",1464,1465,"Soil_pH",7.705,1,NA
"858",1466,1467,"Temperature_C",32.635,1,NA
"859",1468,1469,"Region",4,1,NA
"860",0,0,NA,0,-1,"Low"
"861",0,0,NA,0,-1,"Medium"
"862",1470,1471,"Wind_Speed_kmh",2.645,1,NA
"863",1472,1473,"Wind_Speed_kmh",4.72,1,NA
"864",1474,1475,"Wind_Speed_kmh",3.955,1,NA
"865",0,0,NA,0,-1,"Medium"
"866",1476,1477,"Previous_Irrigation_mm",53.675,1,NA
"867",1478,1479,"Humidity",26.345,1,NA
"868",1480,1481,"Humidity",82.69,1,NA
"869",1482,1483,"Wind_Speed_kmh",5.28,1,NA
"870",1484,1485,"Humidity",50.625,1,NA
"871",1486,1487,"Wind_Speed_kmh",1.445,1,NA
"872",0,0,NA,0,-1,"Medium"
"873",1488,1489,"Humidity",84.185,1,NA
"874",1490,1491,"Previous_Irrigation_mm",115.11,1,NA
"875",1492,1493,"Temperature_C",40.87,1,NA
"876",1494,1495,"Field_Area_hectare",13.34,1,NA
"877",0,0,NA,0,-1,"Low"
"878",0,0,NA,0,-1,"Low"
"879",1496,1497,"Soil_Type",2,1,NA
"880",1498,1499,"Rainfall_mm",150.985,1,NA
"881",0,0,NA,0,-1,"Low"
"882",1500,1501,"Irrigation_Type",1,1,NA
"883",0,0,NA,0,-1,"Medium"
"884",1502,1503,"Soil_pH",5.195,1,NA
"885",0,0,NA,0,-1,"Low"
"886",0,0,NA,0,-1,"Medium"
"887",0,0,NA,0,-1,"Low"
"888",1504,1505,"Field_Area_hectare",14.105,1,NA
"889",1506,1507,"Soil_Type",2,1,NA
"890",1508,1509,"Rainfall_mm",248.65,1,NA
"891",1510,1511,"Field_Area_hectare",14.985,1,NA
"892",1512,1513,"Region",9,1,NA
"893",1514,1515,"Electrical_Conductivity",0.125,1,NA
"894",1516,1517,"Irrigation_Type",6,1,NA
"895",1518,1519,"Wind_Speed_kmh",3.85,1,NA
"896",0,0,NA,0,-1,"Medium"
"897",0,0,NA,0,-1,"Low"
"898",0,0,NA,0,-1,"Low"
"899",0,0,NA,0,-1,"Medium"
"900",1520,1521,"Rainfall_mm",545.2,1,NA
"901",1522,1523,"Sunlight_Hours",4.035,1,NA
"902",0,0,NA,0,-1,"Medium"
"903",0,0,NA,0,-1,"Low"
"904",0,0,NA,0,-1,"Low"
"905",0,0,NA,0,-1,"Medium"
"906",0,0,NA,0,-1,"Medium"
"907",1524,1525,"Humidity",52.33,1,NA
"908",0,0,NA,0,-1,"Low"
"909",0,0,NA,0,-1,"Medium"
"910",1526,1527,"Organic_Carbon",1.085,1,NA
"911",1528,1529,"Wind_Speed_kmh",15.275,1,NA
"912",0,0,NA,0,-1,"Medium"
"913",0,0,NA,0,-1,"High"
"914",1530,1531,"Organic_Carbon",0.46,1,NA
"915",0,0,NA,0,-1,"Medium"
"916",0,0,NA,0,-1,"High"
"917",0,0,NA,0,-1,"Medium"
"918",1532,1533,"Soil_pH",4.935,1,NA
"919",1534,1535,"Humidity",25.39,1,NA
"920",1536,1537,"Electrical_Conductivity",3.485,1,NA
"921",1538,1539,"Wind_Speed_kmh",15.415,1,NA
"922",0,0,NA,0,-1,"Medium"
"923",0,0,NA,0,-1,"Low"
"924",1540,1541,"Humidity",43.25,1,NA
"925",1542,1543,"Soil_Moisture",24.83,1,NA
"926",1544,1545,"Rainfall_mm",2135.995,1,NA
"927",1546,1547,"Soil_Moisture",25.1,1,NA
"928",1548,1549,"Wind_Speed_kmh",18.495,1,NA
"929",1550,1551,"Rainfall_mm",468.2,1,NA
"930",0,0,NA,0,-1,"Low"
"931",0,0,NA,0,-1,"Medium"
"932",0,0,NA,0,-1,"Medium"
"933",1552,1553,"Crop_Type",2,1,NA
"934",1554,1555,"Temperature_C",19.39,1,NA
"935",1556,1557,"Soil_Moisture",20.175,1,NA
"936",0,0,NA,0,-1,"Medium"
"937",1558,1559,"Sunlight_Hours",5.835,1,NA
"938",1560,1561,"Electrical_Conductivity",0.77,1,NA
"939",1562,1563,"Season",1,1,NA
"940",1564,1565,"Soil_Moisture",25.765,1,NA
"941",1566,1567,"Soil_Moisture",23.785,1,NA
"942",0,0,NA,0,-1,"Medium"
"943",1568,1569,"Temperature_C",19.585,1,NA
"944",0,0,NA,0,-1,"Medium"
"945",0,0,NA,0,-1,"High"
"946",1570,1571,"Electrical_Conductivity",2.38,1,NA
"947",1572,1573,"Rainfall_mm",2213.09,1,NA
"948",0,0,NA,0,-1,"Low"
"949",0,0,NA,0,-1,"Medium"
"950",1574,1575,"Soil_Moisture",54.865,1,NA
"951",0,0,NA,0,-1,"Low"
"952",0,0,NA,0,-1,"Medium"
"953",1576,1577,"Temperature_C",41.5,1,NA
"954",1578,1579,"Soil_Moisture",8.265,1,NA
"955",1580,1581,"Organic_Carbon",0.375,1,NA
"956",0,0,NA,0,-1,"Medium"
"957",0,0,NA,0,-1,"High"
"958",1582,1583,"Previous_Irrigation_mm",53.525,1,NA
"959",0,0,NA,0,-1,"Low"
"960",1584,1585,"Soil_Type",6,1,NA
"961",1586,1587,"Soil_pH",6.795,1,NA
"962",1588,1589,"Soil_pH",8.105,1,NA
"963",1590,1591,"Soil_Moisture",22.255,1,NA
"964",1592,1593,"Organic_Carbon",1.33,1,NA
"965",1594,1595,"Organic_Carbon",1.365,1,NA
"966",1596,1597,"Previous_Irrigation_mm",49.165,1,NA
"967",1598,1599,"Soil_Moisture",25.15,1,NA
"968",1600,1601,"Organic_Carbon",1.01,1,NA
"969",1602,1603,"Previous_Irrigation_mm",46.095,1,NA
"970",1604,1605,"Sunlight_Hours",6.91,1,NA
"971",1606,1607,"Electrical_Conductivity",1.295,1,NA
"972",1608,1609,"Sunlight_Hours",7.515,1,NA
"973",1610,1611,"Crop_Type",2,1,NA
"974",1612,1613,"Season",2,1,NA
"975",1614,1615,"Rainfall_mm",2279.66,1,NA
"976",1616,1617,"Field_Area_hectare",2.155,1,NA
"977",0,0,NA,0,-1,"Medium"
"978",1618,1619,"Sunlight_Hours",10.29,1,NA
"979",0,0,NA,0,-1,"Low"
"980",1620,1621,"Soil_Moisture",16.635,1,NA
"981",0,0,NA,0,-1,"Medium"
"982",0,0,NA,0,-1,"Medium"
"983",1622,1623,"Mulching_Used",1,1,NA
"984",1624,1625,"Rainfall_mm",46.02,1,NA
"985",1626,1627,"Electrical_Conductivity",0.44,1,NA
"986",1628,1629,"Sunlight_Hours",10.42,1,NA
"987",1630,1631,"Irrigation_Type",6,1,NA
"988",1632,1633,"Temperature_C",12.925,1,NA
"989",1634,1635,"Temperature_C",30.63,1,NA
"990",1636,1637,"Crop_Type",12,1,NA
"991",1638,1639,"Electrical_Conductivity",3.02,1,NA
"992",1640,1641,"Soil_Moisture",29,1,NA
"993",1642,1643,"Wind_Speed_kmh",10.335,1,NA
"994",0,0,NA,0,-1,"High"
"995",0,0,NA,0,-1,"Low"
"996",1644,1645,"Water_Source",7,1,NA
"997",1646,1647,"Temperature_C",30.46,1,NA
"998",0,0,NA,0,-1,"High"
"999",1648,1649,"Electrical_Conductivity",0.975,1,NA
"1000",1650,1651,"Wind_Speed_kmh",10.235,1,NA
"1001",1652,1653,"Electrical_Conductivity",2.475,1,NA
"1002",0,0,NA,0,-1,"Medium"
"1003",0,0,NA,0,-1,"High"
"1004",1654,1655,"Soil_Type",4,1,NA
"1005",1656,1657,"Rainfall_mm",149.945,1,NA
"1006",1658,1659,"Humidity",85.47,1,NA
"1007",1660,1661,"Electrical_Conductivity",2.095,1,NA
"1008",1662,1663,"Wind_Speed_kmh",18.99,1,NA
"1009",1664,1665,"Rainfall_mm",278.48,1,NA
"1010",1666,1667,"Temperature_C",37.03,1,NA
"1011",1668,1669,"Crop_Type",16,1,NA
"1012",1670,1671,"Water_Source",1,1,NA
"1013",1672,1673,"Soil_Type",1,1,NA
"1014",1674,1675,"Wind_Speed_kmh",10.58,1,NA
"1015",1676,1677,"Mulching_Used",1,1,NA
"1016",1678,1679,"Wind_Speed_kmh",12.325,1,NA
"1017",1680,1681,"Temperature_C",30.015,1,NA
"1018",1682,1683,"Temperature_C",29.985,1,NA
"1019",1684,1685,"Temperature_C",29.64,1,NA
"1020",1686,1687,"Soil_pH",5.185,1,NA
"1021",1688,1689,"Temperature_C",30.01,1,NA
"1022",1690,1691,"Temperature_C",18.1,1,NA
"1023",1692,1693,"Region",4,1,NA
"1024",0,0,NA,0,-1,"Medium"
"1025",1694,1695,"Organic_Carbon",0.785,1,NA
"1026",0,0,NA,0,-1,"Medium"
"1027",1696,1697,"Electrical_Conductivity",1.82,1,NA
"1028",1698,1699,"Soil_Moisture",47.1,1,NA
"1029",1700,1701,"Rainfall_mm",2337.64,1,NA
"1030",1702,1703,"Electrical_Conductivity",2.625,1,NA
"1031",1704,1705,"Temperature_C",36.37,1,NA
"1032",1706,1707,"Previous_Irrigation_mm",53.46,1,NA
"1033",0,0,NA,0,-1,"Low"
"1034",1708,1709,"Mulching_Used",1,1,NA
"1035",1710,1711,"Soil_pH",5.055,1,NA
"1036",1712,1713,"Humidity",72.235,1,NA
"1037",1714,1715,"Humidity",61.975,1,NA
"1038",1716,1717,"Season",2,1,NA
"1039",1718,1719,"Soil_Moisture",26.865,1,NA
"1040",0,0,NA,0,-1,"Low"
"1041",1720,1721,"Crop_Type",4,1,NA
"1042",1722,1723,"Soil_pH",5.715,1,NA
"1043",1724,1725,"Soil_Moisture",24.74,1,NA
"1044",1726,1727,"Temperature_C",22.755,1,NA
"1045",1728,1729,"Crop_Type",17,1,NA
"1046",1730,1731,"Season",2,1,NA
"1047",0,0,NA,0,-1,"Low"
"1048",1732,1733,"Electrical_Conductivity",2.97,1,NA
"1049",1734,1735,"Soil_Moisture",25.65,1,NA
"1050",1736,1737,"Organic_Carbon",0.43,1,NA
"1051",1738,1739,"Irrigation_Type",6,1,NA
"1052",1740,1741,"Previous_Irrigation_mm",64.355,1,NA
"1053",1742,1743,"Soil_Moisture",28.045,1,NA
"1054",1744,1745,"Temperature_C",13.315,1,NA
"1055",1746,1747,"Organic_Carbon",0.445,1,NA
"1056",1748,1749,"Previous_Irrigation_mm",109.55,1,NA
"1057",0,0,NA,0,-1,"Low"
"1058",1750,1751,"Humidity",57.065,1,NA
"1059",1752,1753,"Rainfall_mm",2491.925,1,NA
"1060",1754,1755,"Soil_Moisture",23.845,1,NA
"1061",1756,1757,"Humidity",31.41,1,NA
"1062",0,0,NA,0,-1,"Medium"
"1063",1758,1759,"Organic_Carbon",0.69,1,NA
"1064",0,0,NA,0,-1,"Low"
"1065",1760,1761,"Soil_Moisture",23.805,1,NA
"1066",1762,1763,"Previous_Irrigation_mm",57.225,1,NA
"1067",1764,1765,"Humidity",68.495,1,NA
"1068",0,0,NA,0,-1,"High"
"1069",0,0,NA,0,-1,"Medium"
"1070",1766,1767,"Temperature_C",21.31,1,NA
"1071",1768,1769,"Region",13,1,NA
"1072",0,0,NA,0,-1,"Medium"
"1073",1770,1771,"Field_Area_hectare",5.61,1,NA
"1074",0,0,NA,0,-1,"Medium"
"1075",1772,1773,"Rainfall_mm",132.28,1,NA
"1076",0,0,NA,0,-1,"Medium"
"1077",1774,1775,"Soil_pH",7.755,1,NA
"1078",0,0,NA,0,-1,"Medium"
"1079",1776,1777,"Wind_Speed_kmh",2.49,1,NA
"1080",0,0,NA,0,-1,"Medium"
"1081",1778,1779,"Field_Area_hectare",4.23,1,NA
"1082",0,0,NA,0,-1,"Medium"
"1083",0,0,NA,0,-1,"High"
"1084",1780,1781,"Organic_Carbon",1.38,1,NA
"1085",1782,1783,"Crop_Type",4,1,NA
"1086",0,0,NA,0,-1,"Medium"
"1087",0,0,NA,0,-1,"Low"
"1088",0,0,NA,0,-1,"Low"
"1089",1784,1785,"Soil_Moisture",25.045,1,NA
"1090",1786,1787,"Soil_Moisture",25.04,1,NA
"1091",1788,1789,"Organic_Carbon",1.26,1,NA
"1092",1790,1791,"Soil_Moisture",9.405,1,NA
"1093",1792,1793,"Previous_Irrigation_mm",119.305,1,NA
"1094",1794,1795,"Field_Area_hectare",12.7,1,NA
"1095",1796,1797,"Electrical_Conductivity",3.29,1,NA
"1096",0,0,NA,0,-1,"Medium"
"1097",0,0,NA,0,-1,"Low"
"1098",1798,1799,"Wind_Speed_kmh",2.015,1,NA
"1099",1800,1801,"Previous_Irrigation_mm",1.47,1,NA
"1100",1802,1803,"Temperature_C",17.715,1,NA
"1101",1804,1805,"Soil_Moisture",25,1,NA
"1102",1806,1807,"Soil_Moisture",25.185,1,NA
"1103",1808,1809,"Soil_Type",2,1,NA
"1104",1810,1811,"Wind_Speed_kmh",1.66,1,NA
"1105",0,0,NA,0,-1,"Medium"
"1106",1812,1813,"Rainfall_mm",2470.3,1,NA
"1107",1814,1815,"Wind_Speed_kmh",0.83,1,NA
"1108",1816,1817,"Wind_Speed_kmh",9.31,1,NA
"1109",1818,1819,"Sunlight_Hours",6.285,1,NA
"1110",1820,1821,"Soil_Moisture",24.995,1,NA
"1111",1822,1823,"Wind_Speed_kmh",8.785,1,NA
"1112",0,0,NA,0,-1,"High"
"1113",1824,1825,"Soil_pH",7.22,1,NA
"1114",0,0,NA,0,-1,"Medium"
"1115",0,0,NA,0,-1,"High"
"1116",1826,1827,"Rainfall_mm",7.505,1,NA
"1117",0,0,NA,0,-1,"High"
"1118",1828,1829,"Wind_Speed_kmh",12.455,1,NA
"1119",0,0,NA,0,-1,"High"
"1120",1830,1831,"Soil_Moisture",17.785,1,NA
"1121",1832,1833,"Region",15,1,NA
"1122",0,0,NA,0,-1,"Medium"
"1123",1834,1835,"Electrical_Conductivity",1.935,1,NA
"1124",1836,1837,"Rainfall_mm",1762.145,1,NA
"1125",1838,1839,"Soil_Moisture",15.075,1,NA
"1126",1840,1841,"Wind_Speed_kmh",17.89,1,NA
"1127",1842,1843,"Soil_Moisture",26.21,1,NA
"1128",1844,1845,"Previous_Irrigation_mm",103.115,1,NA
"1129",0,0,NA,0,-1,"High"
"1130",1846,1847,"Sunlight_Hours",10.37,1,NA
"1131",0,0,NA,0,-1,"Medium"
"1132",1848,1849,"Soil_pH",8.195,1,NA
"1133",1850,1851,"Field_Area_hectare",13.09,1,NA
"1134",1852,1853,"Season",2,1,NA
"1135",1854,1855,"Temperature_C",25.955,1,NA
"1136",1856,1857,"Soil_Type",7,1,NA
"1137",1858,1859,"Organic_Carbon",0.325,1,NA
"1138",1860,1861,"Crop_Type",20,1,NA
"1139",1862,1863,"Crop_Type",8,1,NA
"1140",1864,1865,"Temperature_C",12.99,1,NA
"1141",1866,1867,"Humidity",87.34,1,NA
"1142",1868,1869,"Organic_Carbon",1.12,1,NA
"1143",1870,1871,"Season",3,1,NA
"1144",0,0,NA,0,-1,"High"
"1145",1872,1873,"Previous_Irrigation_mm",6.91,1,NA
"1146",0,0,NA,0,-1,"Medium"
"1147",1874,1875,"Organic_Carbon",0.785,1,NA
"1148",1876,1877,"Field_Area_hectare",3.835,1,NA
"1149",1878,1879,"Field_Area_hectare",14.805,1,NA
"1150",0,0,NA,0,-1,"High"
"1151",0,0,NA,0,-1,"Medium"
"1152",1880,1881,"Field_Area_hectare",14.07,1,NA
"1153",1882,1883,"Previous_Irrigation_mm",102.595,1,NA
"1154",1884,1885,"Soil_pH",5.22,1,NA
"1155",1886,1887,"Field_Area_hectare",1.415,1,NA
"1156",0,0,NA,0,-1,"Medium"
"1157",1888,1889,"Humidity",81.12,1,NA
"1158",0,0,NA,0,-1,"High"
"1159",0,0,NA,0,-1,"Medium"
"1160",0,0,NA,0,-1,"Medium"
"1161",0,0,NA,0,-1,"High"
"1162",1890,1891,"Humidity",89.54,1,NA
"1163",0,0,NA,0,-1,"Medium"
"1164",1892,1893,"Previous_Irrigation_mm",16.11,1,NA
"1165",0,0,NA,0,-1,"Medium"
"1166",0,0,NA,0,-1,"Medium"
"1167",1894,1895,"Electrical_Conductivity",2.53,1,NA
"1168",1896,1897,"Soil_pH",5.585,1,NA
"1169",1898,1899,"Soil_Type",6,1,NA
"1170",1900,1901,"Electrical_Conductivity",3.245,1,NA
"1171",1902,1903,"Previous_Irrigation_mm",7.5,1,NA
"1172",0,0,NA,0,-1,"Medium"
"1173",0,0,NA,0,-1,"High"
"1174",1904,1905,"Humidity",44.92,1,NA
"1175",1906,1907,"Soil_pH",5.825,1,NA
"1176",1908,1909,"Soil_Moisture",24.675,1,NA
"1177",1910,1911,"Previous_Irrigation_mm",103.77,1,NA
"1178",1912,1913,"Wind_Speed_kmh",9.525,1,NA
"1179",1914,1915,"Soil_Moisture",24.945,1,NA
"1180",1916,1917,"Electrical_Conductivity",0.815,1,NA
"1181",0,0,NA,0,-1,"High"
"1182",1918,1919,"Electrical_Conductivity",3.48,1,NA
"1183",1920,1921,"Field_Area_hectare",14.915,1,NA
"1184",1922,1923,"Rainfall_mm",322.41,1,NA
"1185",1924,1925,"Region",13,1,NA
"1186",1926,1927,"Soil_Moisture",26.335,1,NA
"1187",0,0,NA,0,-1,"Medium"
"1188",0,0,NA,0,-1,"Medium"
"1189",1928,1929,"Wind_Speed_kmh",3.385,1,NA
"1190",1930,1931,"Soil_Moisture",17.215,1,NA
"1191",1932,1933,"Temperature_C",39.205,1,NA
"1192",1934,1935,"Temperature_C",31.59,1,NA
"1193",1936,1937,"Water_Source",3,1,NA
"1194",0,0,NA,0,-1,"High"
"1195",0,0,NA,0,-1,"Medium"
"1196",1938,1939,"Organic_Carbon",1.35,1,NA
"1197",1940,1941,"Organic_Carbon",0.335,1,NA
"1198",1942,1943,"Soil_pH",5.165,1,NA
"1199",1944,1945,"Field_Area_hectare",2.52,1,NA
"1200",0,0,NA,0,-1,"High"
"1201",1946,1947,"Wind_Speed_kmh",14.35,1,NA
"1202",0,0,NA,0,-1,"Medium"
"1203",0,0,NA,0,-1,"High"
"1204",1948,1949,"Field_Area_hectare",3.82,1,NA
"1205",1950,1951,"Temperature_C",41.86,1,NA
"1206",1952,1953,"Field_Area_hectare",11.35,1,NA
"1207",0,0,NA,0,-1,"Medium"
"1208",1954,1955,"Season",1,1,NA
"1209",0,0,NA,0,-1,"Medium"
"1210",1956,1957,"Soil_Moisture",33.335,1,NA
"1211",1958,1959,"Field_Area_hectare",12.46,1,NA
"1212",1960,1961,"Organic_Carbon",0.405,1,NA
"1213",1962,1963,"Rainfall_mm",258.85,1,NA
"1214",1964,1965,"Humidity",50.465,1,NA
"1215",0,0,NA,0,-1,"Medium"
"1216",1966,1967,"Rainfall_mm",39.395,1,NA
"1217",1968,1969,"Field_Area_hectare",1.845,1,NA
"1218",1970,1971,"Field_Area_hectare",9.015,1,NA
"1219",1972,1973,"Previous_Irrigation_mm",12.485,1,NA
"1220",1974,1975,"Wind_Speed_kmh",10.59,1,NA
"1221",1976,1977,"Humidity",29.525,1,NA
"1222",1978,1979,"Region",1,1,NA
"1223",1980,1981,"Soil_Moisture",22.355,1,NA
"1224",1982,1983,"Humidity",50.86,1,NA
"1225",1984,1985,"Temperature_C",32.225,1,NA
"1226",1986,1987,"Field_Area_hectare",2.765,1,NA
"1227",0,0,NA,0,-1,"Medium"
"1228",1988,1989,"Temperature_C",33.77,1,NA
"1229",1990,1991,"Electrical_Conductivity",0.485,1,NA
"1230",0,0,NA,0,-1,"Medium"
"1231",1992,1993,"Wind_Speed_kmh",8.815,1,NA
"1232",0,0,NA,0,-1,"Medium"
"1233",1994,1995,"Crop_Growth_Stage",1,1,NA
"1234",1996,1997,"Region",7,1,NA
"1235",1998,1999,"Organic_Carbon",0.345,1,NA
"1236",2000,2001,"Soil_pH",7.605,1,NA
"1237",2002,2003,"Temperature_C",30.525,1,NA
"1238",2004,2005,"Water_Source",1,1,NA
"1239",2006,2007,"Field_Area_hectare",14.83,1,NA
"1240",0,0,NA,0,-1,"High"
"1241",0,0,NA,0,-1,"Medium"
"1242",2008,2009,"Previous_Irrigation_mm",10.06,1,NA
"1243",2010,2011,"Soil_pH",7.335,1,NA
"1244",2012,2013,"Field_Area_hectare",1.035,1,NA
"1245",2014,2015,"Organic_Carbon",1.525,1,NA
"1246",2016,2017,"Sunlight_Hours",4.17,1,NA
"1247",2018,2019,"Region",2,1,NA
"1248",0,0,NA,0,-1,"Medium"
"1249",0,0,NA,0,-1,"High"
"1250",0,0,NA,0,-1,"Medium"
"1251",0,0,NA,0,-1,"High"
"1252",2020,2021,"Rainfall_mm",318.175,1,NA
"1253",2022,2023,"Irrigation_Type",7,1,NA
"1254",2024,2025,"Humidity",83.53,1,NA
"1255",2026,2027,"Region",2,1,NA
"1256",2028,2029,"Field_Area_hectare",1.315,1,NA
"1257",2030,2031,"Temperature_C",39.285,1,NA
"1258",2032,2033,"Field_Area_hectare",1.66,1,NA
"1259",0,0,NA,0,-1,"High"
"1260",2034,2035,"Wind_Speed_kmh",19.745,1,NA
"1261",0,0,NA,0,-1,"Medium"
"1262",2036,2037,"Soil_Moisture",18.09,1,NA
"1263",0,0,NA,0,-1,"High"
"1264",2038,2039,"Soil_pH",7.815,1,NA
"1265",0,0,NA,0,-1,"Medium"
"1266",2040,2041,"Previous_Irrigation_mm",7.335,1,NA
"1267",2042,2043,"Previous_Irrigation_mm",94.975,1,NA
"1268",2044,2045,"Organic_Carbon",1.015,1,NA
"1269",0,0,NA,0,-1,"Medium"
"1270",2046,2047,"Humidity",64.92,1,NA
"1271",0,0,NA,0,-1,"High"
"1272",2048,2049,"Wind_Speed_kmh",17.77,1,NA
"1273",0,0,NA,0,-1,"Medium"
"1274",0,0,NA,0,-1,"Medium"
"1275",2050,2051,"Soil_pH",6.09,1,NA
"1276",0,0,NA,0,-1,"High"
"1277",0,0,NA,0,-1,"Medium"
"1278",2052,2053,"Sunlight_Hours",9.48,1,NA
"1279",2054,2055,"Temperature_C",30.71,1,NA
"1280",2056,2057,"Irrigation_Type",3,1,NA
"1281",0,0,NA,0,-1,"Low"
"1282",0,0,NA,0,-1,"Medium"
"1283",0,0,NA,0,-1,"Low"
"1284",2058,2059,"Previous_Irrigation_mm",68.37,1,NA
"1285",0,0,NA,0,-1,"High"
"1286",0,0,NA,0,-1,"Low"
"1287",0,0,NA,0,-1,"Medium"
"1288",2060,2061,"Previous_Irrigation_mm",70.84,1,NA
"1289",2062,2063,"Rainfall_mm",246.785,1,NA
"1290",2064,2065,"Soil_Moisture",22.77,1,NA
"1291",2066,2067,"Temperature_C",13.99,1,NA
"1292",2068,2069,"Region",15,1,NA
"1293",2070,2071,"Region",2,1,NA
"1294",2072,2073,"Crop_Type",24,1,NA
"1295",2074,2075,"Soil_pH",6.185,1,NA
"1296",2076,2077,"Region",11,1,NA
"1297",2078,2079,"Temperature_C",15.765,1,NA
"1298",2080,2081,"Previous_Irrigation_mm",35.795,1,NA
"1299",2082,2083,"Field_Area_hectare",12.805,1,NA
"1300",2084,2085,"Rainfall_mm",41.07,1,NA
"1301",2086,2087,"Water_Source",7,1,NA
"1302",2088,2089,"Crop_Type",12,1,NA
"1303",2090,2091,"Previous_Irrigation_mm",109.725,1,NA
"1304",0,0,NA,0,-1,"High"
"1305",2092,2093,"Crop_Type",1,1,NA
"1306",2094,2095,"Soil_Type",4,1,NA
"1307",2096,2097,"Crop_Type",16,1,NA
"1308",2098,2099,"Crop_Type",7,1,NA
"1309",2100,2101,"Soil_Moisture",24.995,1,NA
"1310",2102,2103,"Field_Area_hectare",6.98,1,NA
"1311",2104,2105,"Humidity",57.98,1,NA
"1312",2106,2107,"Water_Source",4,1,NA
"1313",2108,2109,"Water_Source",4,1,NA
"1314",2110,2111,"Rainfall_mm",2443.52,1,NA
"1315",2112,2113,"Soil_Moisture",25.005,1,NA
"1316",0,0,NA,0,-1,"Medium"
"1317",2114,2115,"Temperature_C",31.535,1,NA
"1318",2116,2117,"Humidity",28.895,1,NA
"1319",2118,2119,"Temperature_C",30.52,1,NA
"1320",2120,2121,"Humidity",25.755,1,NA
"1321",2122,2123,"Sunlight_Hours",8.94,1,NA
"1322",2124,2125,"Soil_Moisture",12.055,1,NA
"1323",2126,2127,"Season",2,1,NA
"1324",2128,2129,"Organic_Carbon",0.465,1,NA
"1325",0,0,NA,0,-1,"Medium"
"1326",0,0,NA,0,-1,"Medium"
"1327",0,0,NA,0,-1,"High"
"1328",2130,2131,"Water_Source",4,1,NA
"1329",2132,2133,"Crop_Type",4,1,NA
"1330",2134,2135,"Humidity",84.145,1,NA
"1331",2136,2137,"Organic_Carbon",1.525,1,NA
"1332",2138,2139,"Rainfall_mm",28.51,1,NA
"1333",2140,2141,"Irrigation_Type",4,1,NA
"1334",2142,2143,"Organic_Carbon",0.47,1,NA
"1335",2144,2145,"Humidity",25.76,1,NA
"1336",2146,2147,"Soil_pH",5.745,1,NA
"1337",2148,2149,"Electrical_Conductivity",0.705,1,NA
"1338",2150,2151,"Field_Area_hectare",3.46,1,NA
"1339",0,0,NA,0,-1,"Medium"
"1340",2152,2153,"Field_Area_hectare",0.555,1,NA
"1341",2154,2155,"Electrical_Conductivity",2.24,1,NA
"1342",2156,2157,"Wind_Speed_kmh",15.32,1,NA
"1343",2158,2159,"Rainfall_mm",507.12,1,NA
"1344",2160,2161,"Wind_Speed_kmh",19.48,1,NA
"1345",2162,2163,"Rainfall_mm",534.835,1,NA
"1346",2164,2165,"Previous_Irrigation_mm",106.495,1,NA
"1347",2166,2167,"Temperature_C",15.025,1,NA
"1348",2168,2169,"Soil_pH",5.145,1,NA
"1349",2170,2171,"Region",11,1,NA
"1350",2172,2173,"Crop_Type",11,1,NA
"1351",2174,2175,"Field_Area_hectare",14.045,1,NA
"1352",0,0,NA,0,-1,"Medium"
"1353",0,0,NA,0,-1,"High"
"1354",2176,2177,"Field_Area_hectare",8.915,1,NA
"1355",2178,2179,"Rainfall_mm",348.295,1,NA
"1356",2180,2181,"Rainfall_mm",379.875,1,NA
"1357",2182,2183,"Sunlight_Hours",8.64,1,NA
"1358",2184,2185,"Season",2,1,NA
"1359",2186,2187,"Region",15,1,NA
"1360",2188,2189,"Temperature_C",41.745,1,NA
"1361",2190,2191,"Temperature_C",30.005,1,NA
"1362",2192,2193,"Previous_Irrigation_mm",0.6,1,NA
"1363",2194,2195,"Rainfall_mm",2494.715,1,NA
"1364",0,0,NA,0,-1,"Medium"
"1365",0,0,NA,0,-1,"Low"
"1366",2196,2197,"Soil_Moisture",10.57,1,NA
"1367",0,0,NA,0,-1,"Medium"
"1368",2198,2199,"Soil_Moisture",21.045,1,NA
"1369",0,0,NA,0,-1,"Medium"
"1370",2200,2201,"Electrical_Conductivity",2.21,1,NA
"1371",2202,2203,"Crop_Growth_Stage",1,1,NA
"1372",0,0,NA,0,-1,"High"
"1373",0,0,NA,0,-1,"Medium"
"1374",0,0,NA,0,-1,"Medium"
"1375",0,0,NA,0,-1,"Low"
"1376",0,0,NA,0,-1,"High"
"1377",2204,2205,"Rainfall_mm",646.845,1,NA
"1378",2206,2207,"Organic_Carbon",1.21,1,NA
"1379",0,0,NA,0,-1,"High"
"1380",0,0,NA,0,-1,"Medium"
"1381",2208,2209,"Sunlight_Hours",5.21,1,NA
"1382",0,0,NA,0,-1,"Low"
"1383",2210,2211,"Field_Area_hectare",7.235,1,NA
"1384",2212,2213,"Region",8,1,NA
"1385",2214,2215,"Soil_Type",4,1,NA
"1386",2216,2217,"Electrical_Conductivity",3.02,1,NA
"1387",2218,2219,"Crop_Type",31,1,NA
"1388",2220,2221,"Rainfall_mm",1485.67,1,NA
"1389",2222,2223,"Field_Area_hectare",3.135,1,NA
"1390",0,0,NA,0,-1,"Low"
"1391",2224,2225,"Humidity",94.88,1,NA
"1392",2226,2227,"Rainfall_mm",273.635,1,NA
"1393",2228,2229,"Rainfall_mm",291.21,1,NA
"1394",2230,2231,"Temperature_C",29.93,1,NA
"1395",2232,2233,"Soil_Moisture",25.035,1,NA
"1396",0,0,NA,0,-1,"Low"
"1397",0,0,NA,0,-1,"Medium"
"1398",0,0,NA,0,-1,"Medium"
"1399",2234,2235,"Field_Area_hectare",1.35,1,NA
"1400",0,0,NA,0,-1,"Medium"
"1401",2236,2237,"Electrical_Conductivity",2.43,1,NA
"1402",2238,2239,"Sunlight_Hours",8.195,1,NA
"1403",2240,2241,"Temperature_C",29.97,1,NA
"1404",0,0,NA,0,-1,"Medium"
"1405",0,0,NA,0,-1,"Low"
"1406",0,0,NA,0,-1,"Low"
"1407",0,0,NA,0,-1,"Medium"
"1408",0,0,NA,0,-1,"Low"
"1409",2242,2243,"Region",1,1,NA
"1410",0,0,NA,0,-1,"Low"
"1411",2244,2245,"Organic_Carbon",0.955,1,NA
"1412",2246,2247,"Humidity",85.43,1,NA
"1413",0,0,NA,0,-1,"Medium"
"1414",2248,2249,"Temperature_C",26.84,1,NA
"1415",2250,2251,"Organic_Carbon",1.475,1,NA
"1416",2252,2253,"Soil_pH",7.845,1,NA
"1417",0,0,NA,0,-1,"Low"
"1418",0,0,NA,0,-1,"Low"
"1419",2254,2255,"Water_Source",1,1,NA
"1420",2256,2257,"Electrical_Conductivity",2.72,1,NA
"1421",2258,2259,"Rainfall_mm",2458.315,1,NA
"1422",2260,2261,"Soil_Type",1,1,NA
"1423",0,0,NA,0,-1,"Low"
"1424",2262,2263,"Rainfall_mm",2373.18,1,NA
"1425",2264,2265,"Water_Source",6,1,NA
"1426",2266,2267,"Humidity",66.515,1,NA
"1427",2268,2269,"Temperature_C",17.52,1,NA
"1428",2270,2271,"Rainfall_mm",471.765,1,NA
"1429",2272,2273,"Soil_pH",7.925,1,NA
"1430",2274,2275,"Temperature_C",23.585,1,NA
"1431",0,0,NA,0,-1,"Low"
"1432",2276,2277,"Water_Source",4,1,NA
"1433",2278,2279,"Water_Source",4,1,NA
"1434",2280,2281,"Soil_pH",5.155,1,NA
"1435",0,0,NA,0,-1,"Medium"
"1436",2282,2283,"Soil_pH",7.91,1,NA
"1437",0,0,NA,0,-1,"Low"
"1438",2284,2285,"Wind_Speed_kmh",9.925,1,NA
"1439",2286,2287,"Previous_Irrigation_mm",42.29,1,NA
"1440",2288,2289,"Rainfall_mm",736.985,1,NA
"1441",2290,2291,"Soil_pH",5.115,1,NA
"1442",0,0,NA,0,-1,"Medium"
"1443",0,0,NA,0,-1,"Low"
"1444",2292,2293,"Sunlight_Hours",9.995,1,NA
"1445",0,0,NA,0,-1,"Low"
"1446",2294,2295,"Soil_Moisture",8.975,1,NA
"1447",2296,2297,"Field_Area_hectare",1.555,1,NA
"1448",2298,2299,"Previous_Irrigation_mm",116.155,1,NA
"1449",2300,2301,"Wind_Speed_kmh",8.93,1,NA
"1450",2302,2303,"Rainfall_mm",417.155,1,NA
"1451",0,0,NA,0,-1,"Low"
"1452",2304,2305,"Temperature_C",29.835,1,NA
"1453",0,0,NA,0,-1,"Low"
"1454",2306,2307,"Organic_Carbon",0.705,1,NA
"1455",2308,2309,"Soil_pH",4.88,1,NA
"1456",0,0,NA,0,-1,"Low"
"1457",0,0,NA,0,-1,"Medium"
"1458",2310,2311,"Humidity",30.535,1,NA
"1459",2312,2313,"Crop_Growth_Stage",2,1,NA
"1460",2314,2315,"Crop_Type",13,1,NA
"1461",2316,2317,"Temperature_C",33.37,1,NA
"1462",2318,2319,"Temperature_C",41.02,1,NA
"1463",2320,2321,"Water_Source",3,1,NA
"1464",2322,2323,"Organic_Carbon",1.4,1,NA
"1465",0,0,NA,0,-1,"Medium"
"1466",2324,2325,"Region",1,1,NA
"1467",2326,2327,"Electrical_Conductivity",2.56,1,NA
"1468",2328,2329,"Humidity",92.23,1,NA
"1469",0,0,NA,0,-1,"Medium"
"1470",0,0,NA,0,-1,"Low"
"1471",2330,2331,"Organic_Carbon",1.005,1,NA
"1472",0,0,NA,0,-1,"Low"
"1473",2332,2333,"Wind_Speed_kmh",8.29,1,NA
"1474",0,0,NA,0,-1,"Medium"
"1475",2334,2335,"Humidity",31.495,1,NA
"1476",2336,2337,"Temperature_C",32.06,1,NA
"1477",2338,2339,"Soil_Type",5,1,NA
"1478",2340,2341,"Organic_Carbon",1.03,1,NA
"1479",2342,2343,"Wind_Speed_kmh",7.405,1,NA
"1480",0,0,NA,0,-1,"Low"
"1481",2344,2345,"Soil_Type",2,1,NA
"1482",0,0,NA,0,-1,"Low"
"1483",0,0,NA,0,-1,"Medium"
"1484",2346,2347,"Soil_Moisture",8.065,1,NA
"1485",2348,2349,"Previous_Irrigation_mm",1.725,1,NA
"1486",2350,2351,"Temperature_C",40.94,1,NA
"1487",2352,2353,"Electrical_Conductivity",0.115,1,NA
"1488",0,0,NA,0,-1,"Medium"
"1489",0,0,NA,0,-1,"Low"
"1490",2354,2355,"Field_Area_hectare",11.25,1,NA
"1491",2356,2357,"Field_Area_hectare",13.185,1,NA
"1492",2358,2359,"Wind_Speed_kmh",9.475,1,NA
"1493",2360,2361,"Season",2,1,NA
"1494",0,0,NA,0,-1,"Medium"
"1495",0,0,NA,0,-1,"Low"
"1496",2362,2363,"Mulching_Used",1,1,NA
"1497",2364,2365,"Region",3,1,NA
"1498",0,0,NA,0,-1,"Medium"
"1499",2366,2367,"Field_Area_hectare",8.675,1,NA
"1500",0,0,NA,0,-1,"Medium"
"1501",0,0,NA,0,-1,"Low"
"1502",2368,2369,"Region",4,1,NA
"1503",0,0,NA,0,-1,"Low"
"1504",2370,2371,"Rainfall_mm",320.785,1,NA
"1505",2372,2373,"Field_Area_hectare",14.245,1,NA
"1506",0,0,NA,0,-1,"Medium"
"1507",0,0,NA,0,-1,"Low"
"1508",0,0,NA,0,-1,"Medium"
"1509",2374,2375,"Field_Area_hectare",14.42,1,NA
"1510",2376,2377,"Temperature_C",31.005,1,NA
"1511",2378,2379,"Rainfall_mm",605.605,1,NA
"1512",2380,2381,"Rainfall_mm",832.74,1,NA
"1513",0,0,NA,0,-1,"Low"
"1514",2382,2383,"Field_Area_hectare",1.145,1,NA
"1515",2384,2385,"Wind_Speed_kmh",3.06,1,NA
"1516",2386,2387,"Season",1,1,NA
"1517",0,0,NA,0,-1,"Medium"
"1518",2388,2389,"Organic_Carbon",1.455,1,NA
"1519",0,0,NA,0,-1,"Low"
"1520",0,0,NA,0,-1,"Medium"
"1521",0,0,NA,0,-1,"Low"
"1522",2390,2391,"Temperature_C",30.79,1,NA
"1523",2392,2393,"Field_Area_hectare",0.84,1,NA
"1524",0,0,NA,0,-1,"Low"
"1525",0,0,NA,0,-1,"Medium"
"1526",0,0,NA,0,-1,"High"
"1527",2394,2395,"Humidity",38.47,1,NA
"1528",0,0,NA,0,-1,"Medium"
"1529",0,0,NA,0,-1,"High"
"1530",0,0,NA,0,-1,"Low"
"1531",2396,2397,"Mulching_Used",1,1,NA
"1532",0,0,NA,0,-1,"Medium"
"1533",2398,2399,"Soil_Moisture",25.045,1,NA
"1534",0,0,NA,0,-1,"Medium"
"1535",2400,2401,"Field_Area_hectare",9.91,1,NA
"1536",2402,2403,"Electrical_Conductivity",2.79,1,NA
"1537",2404,2405,"Temperature_C",24.31,1,NA
"1538",0,0,NA,0,-1,"Low"
"1539",2406,2407,"Temperature_C",29.31,1,NA
"1540",2408,2409,"Electrical_Conductivity",0.3,1,NA
"1541",2410,2411,"Field_Area_hectare",0.42,1,NA
"1542",0,0,NA,0,-1,"Medium"
"1543",0,0,NA,0,-1,"Low"
"1544",2412,2413,"Wind_Speed_kmh",14.505,1,NA
"1545",2414,2415,"Humidity",43.31,1,NA
"1546",2416,2417,"Humidity",26.925,1,NA
"1547",2418,2419,"Organic_Carbon",1.575,1,NA
"1548",2420,2421,"Crop_Growth_Stage",2,1,NA
"1549",2422,2423,"Field_Area_hectare",14.865,1,NA
"1550",0,0,NA,0,-1,"Medium"
"1551",2424,2425,"Field_Area_hectare",0.405,1,NA
"1552",0,0,NA,0,-1,"Medium"
"1553",0,0,NA,0,-1,"Low"
"1554",0,0,NA,0,-1,"Low"
"1555",0,0,NA,0,-1,"Medium"
"1556",2426,2427,"Region",1,1,NA
"1557",2428,2429,"Soil_pH",5.51,1,NA
"1558",0,0,NA,0,-1,"Medium"
"1559",0,0,NA,0,-1,"Low"
"1560",0,0,NA,0,-1,"Medium"
"1561",2430,2431,"Electrical_Conductivity",1.29,1,NA
"1562",2432,2433,"Humidity",37.44,1,NA
"1563",0,0,NA,0,-1,"Low"
"1564",2434,2435,"Crop_Type",4,1,NA
"1565",0,0,NA,0,-1,"Low"
"1566",2436,2437,"Rainfall_mm",2487.18,1,NA
"1567",2438,2439,"Humidity",81.585,1,NA
"1568",0,0,NA,0,-1,"Low"
"1569",2440,2441,"Crop_Type",12,1,NA
"1570",2442,2443,"Wind_Speed_kmh",10.465,1,NA
"1571",0,0,NA,0,-1,"Medium"
"1572",0,0,NA,0,-1,"Medium"
"1573",0,0,NA,0,-1,"Low"
"1574",0,0,NA,0,-1,"Low"
"1575",2444,2445,"Crop_Growth_Stage",2,1,NA
"1576",2446,2447,"Sunlight_Hours",10.51,1,NA
"1577",2448,2449,"Electrical_Conductivity",2.735,1,NA
"1578",2450,2451,"Electrical_Conductivity",1.955,1,NA
"1579",2452,2453,"Sunlight_Hours",10.735,1,NA
"1580",2454,2455,"Organic_Carbon",0.365,1,NA
"1581",2456,2457,"Wind_Speed_kmh",10.895,1,NA
"1582",2458,2459,"Wind_Speed_kmh",10.375,1,NA
"1583",2460,2461,"Soil_Moisture",25.105,1,NA
"1584",0,0,NA,0,-1,"Low"
"1585",0,0,NA,0,-1,"Medium"
"1586",2462,2463,"Soil_Moisture",64.56,1,NA
"1587",2464,2465,"Soil_Type",7,1,NA
"1588",2466,2467,"Electrical_Conductivity",1.505,1,NA
"1589",0,0,NA,0,-1,"Medium"
"1590",2468,2469,"Sunlight_Hours",10.765,1,NA
"1591",2470,2471,"Sunlight_Hours",5.165,1,NA
"1592",0,0,NA,0,-1,"Medium"
"1593",0,0,NA,0,-1,"High"
"1594",0,0,NA,0,-1,"High"
"1595",2472,2473,"Temperature_C",39.485,1,NA
"1596",2474,2475,"Field_Area_hectare",9.505,1,NA
"1597",2476,2477,"Previous_Irrigation_mm",55.85,1,NA
"1598",0,0,NA,0,-1,"Medium"
"1599",2478,2479,"Previous_Irrigation_mm",118.84,1,NA
"1600",0,0,NA,0,-1,"Low"
"1601",0,0,NA,0,-1,"Medium"
"1602",2480,2481,"Field_Area_hectare",11.585,1,NA
"1603",2482,2483,"Rainfall_mm",749.525,1,NA
"1604",2484,2485,"Region",5,1,NA
"1605",2486,2487,"Temperature_C",40.885,1,NA
"1606",0,0,NA,0,-1,"Medium"
"1607",2488,2489,"Region",9,1,NA
"1608",2490,2491,"Wind_Speed_kmh",13.905,1,NA
"1609",2492,2493,"Wind_Speed_kmh",10.585,1,NA
"1610",0,0,NA,0,-1,"Medium"
"1611",0,0,NA,0,-1,"Low"
"1612",2494,2495,"Rainfall_mm",2348.07,1,NA
"1613",0,0,NA,0,-1,"Low"
"1614",0,0,NA,0,-1,"Low"
"1615",2496,2497,"Rainfall_mm",2326.985,1,NA
"1616",0,0,NA,0,-1,"Low"
"1617",2498,2499,"Temperature_C",41.665,1,NA
"1618",0,0,NA,0,-1,"Low"
"1619",0,0,NA,0,-1,"Medium"
"1620",0,0,NA,0,-1,"Medium"
"1621",0,0,NA,0,-1,"Low"
"1622",2500,2501,"Soil_pH",6.72,1,NA
"1623",2502,2503,"Soil_pH",4.95,1,NA
"1624",0,0,NA,0,-1,"Medium"
"1625",0,0,NA,0,-1,"Low"
"1626",0,0,NA,0,-1,"Low"
"1627",0,0,NA,0,-1,"Medium"
"1628",2504,2505,"Field_Area_hectare",4.19,1,NA
"1629",2506,2507,"Wind_Speed_kmh",15.32,1,NA
"1630",2508,2509,"Previous_Irrigation_mm",46.57,1,NA
"1631",2510,2511,"Mulching_Used",1,1,NA
"1632",0,0,NA,0,-1,"Low"
"1633",2512,2513,"Field_Area_hectare",14.405,1,NA
"1634",0,0,NA,0,-1,"Low"
"1635",0,0,NA,0,-1,"Medium"
"1636",2514,2515,"Humidity",73.555,1,NA
"1637",2516,2517,"Electrical_Conductivity",3.455,1,NA
"1638",2518,2519,"Previous_Irrigation_mm",113.61,1,NA
"1639",2520,2521,"Soil_Moisture",35.83,1,NA
"1640",0,0,NA,0,-1,"Medium"
"1641",2522,2523,"Field_Area_hectare",0.71,1,NA
"1642",2524,2525,"Electrical_Conductivity",1.535,1,NA
"1643",2526,2527,"Sunlight_Hours",7.1,1,NA
"1644",0,0,NA,0,-1,"Medium"
"1645",2528,2529,"Soil_Moisture",20.45,1,NA
"1646",2530,2531,"Previous_Irrigation_mm",35.495,1,NA
"1647",0,0,NA,0,-1,"High"
"1648",0,0,NA,0,-1,"Medium"
"1649",0,0,NA,0,-1,"High"
"1650",2532,2533,"Field_Area_hectare",3.01,1,NA
"1651",0,0,NA,0,-1,"Medium"
"1652",0,0,NA,0,-1,"Low"
"1653",0,0,NA,0,-1,"Medium"
"1654",2534,2535,"Humidity",82.08,1,NA
"1655",0,0,NA,0,-1,"Medium"
"1656",2536,2537,"Season",3,1,NA
"1657",2538,2539,"Soil_Moisture",22.09,1,NA
"1658",0,0,NA,0,-1,"High"
"1659",2540,2541,"Temperature_C",23.615,1,NA
"1660",2542,2543,"Temperature_C",27.625,1,NA
"1661",2544,2545,"Humidity",63.455,1,NA
"1662",2546,2547,"Soil_pH",7.95,1,NA
"1663",2548,2549,"Mulching_Used",1,1,NA
"1664",0,0,NA,0,-1,"Low"
"1665",0,0,NA,0,-1,"Medium"
"1666",2550,2551,"Soil_Moisture",33.3,1,NA
"1667",2552,2553,"Electrical_Conductivity",3.16,1,NA
"1668",2554,2555,"Electrical_Conductivity",0.39,1,NA
"1669",2556,2557,"Temperature_C",41.025,1,NA
"1670",2558,2559,"Region",7,1,NA
"1671",2560,2561,"Previous_Irrigation_mm",18.735,1,NA
"1672",2562,2563,"Mulching_Used",1,1,NA
"1673",2564,2565,"Mulching_Used",1,1,NA
"1674",2566,2567,"Rainfall_mm",2367.35,1,NA
"1675",2568,2569,"Electrical_Conductivity",0.115,1,NA
"1676",2570,2571,"Previous_Irrigation_mm",2.515,1,NA
"1677",2572,2573,"Wind_Speed_kmh",19.98,1,NA
"1678",2574,2575,"Previous_Irrigation_mm",24.21,1,NA
"1679",2576,2577,"Region",10,1,NA
"1680",2578,2579,"Mulching_Used",1,1,NA
"1681",2580,2581,"Field_Area_hectare",0.375,1,NA
"1682",2582,2583,"Humidity",84.025,1,NA
"1683",2584,2585,"Mulching_Used",1,1,NA
"1684",2586,2587,"Mulching_Used",1,1,NA
"1685",2588,2589,"Field_Area_hectare",9.135,1,NA
"1686",2590,2591,"Field_Area_hectare",1.03,1,NA
"1687",2592,2593,"Organic_Carbon",1.475,1,NA
"1688",2594,2595,"Rainfall_mm",436.735,1,NA
"1689",2596,2597,"Sunlight_Hours",9.915,1,NA
"1690",2598,2599,"Rainfall_mm",2297.255,1,NA
"1691",2600,2601,"Crop_Growth_Stage",2,1,NA
"1692",2602,2603,"Mulching_Used",1,1,NA
"1693",2604,2605,"Rainfall_mm",2206.36,1,NA
"1694",2606,2607,"Electrical_Conductivity",3.125,1,NA
"1695",2608,2609,"Humidity",92.755,1,NA
"1696",0,0,NA,0,-1,"Low"
"1697",0,0,NA,0,-1,"Medium"
"1698",2610,2611,"Soil_pH",7.905,1,NA
"1699",2612,2613,"Soil_pH",5.055,1,NA
"1700",0,0,NA,0,-1,"Medium"
"1701",2614,2615,"Sunlight_Hours",4.1,1,NA
"1702",0,0,NA,0,-1,"Low"
"1703",2616,2617,"Organic_Carbon",0.335,1,NA
"1704",0,0,NA,0,-1,"Low"
"1705",2618,2619,"Region",8,1,NA
"1706",2620,2621,"Electrical_Conductivity",1.555,1,NA
"1707",0,0,NA,0,-1,"Low"
"1708",2622,2623,"Rainfall_mm",829.99,1,NA
"1709",2624,2625,"Soil_pH",4.905,1,NA
"1710",2626,2627,"Soil_pH",5.03,1,NA
"1711",2628,2629,"Crop_Type",21,1,NA
"1712",0,0,NA,0,-1,"Low"
"1713",2630,2631,"Sunlight_Hours",9.14,1,NA
"1714",2632,2633,"Temperature_C",35.665,1,NA
"1715",2634,2635,"Crop_Type",16,1,NA
"1716",0,0,NA,0,-1,"Medium"
"1717",0,0,NA,0,-1,"Low"
"1718",2636,2637,"Previous_Irrigation_mm",69.385,1,NA
"1719",2638,2639,"Sunlight_Hours",5.065,1,NA
"1720",2640,2641,"Organic_Carbon",1.18,1,NA
"1721",0,0,NA,0,-1,"Low"
"1722",2642,2643,"Rainfall_mm",2471.155,1,NA
"1723",2644,2645,"Crop_Type",4,1,NA
"1724",2646,2647,"Soil_pH",5.245,1,NA
"1725",2648,2649,"Previous_Irrigation_mm",112.28,1,NA
"1726",2650,2651,"Soil_pH",5.18,1,NA
"1727",2652,2653,"Soil_Moisture",28.655,1,NA
"1728",2654,2655,"Soil_Moisture",24.64,1,NA
"1729",2656,2657,"Water_Source",4,1,NA
"1730",2658,2659,"Electrical_Conductivity",1.755,1,NA
"1731",2660,2661,"Mulching_Used",1,1,NA
"1732",2662,2663,"Soil_pH",6.055,1,NA
"1733",2664,2665,"Crop_Type",6,1,NA
"1734",0,0,NA,0,-1,"Medium"
"1735",2666,2667,"Region",15,1,NA
"1736",0,0,NA,0,-1,"Medium"
"1737",0,0,NA,0,-1,"Low"
"1738",0,0,NA,0,-1,"Medium"
"1739",2668,2669,"Soil_Moisture",42.375,1,NA
"1740",2670,2671,"Soil_Moisture",25.295,1,NA
"1741",2672,2673,"Region",1,1,NA
"1742",0,0,NA,0,-1,"Medium"
"1743",0,0,NA,0,-1,"Low"
"1744",0,0,NA,0,-1,"Low"
"1745",0,0,NA,0,-1,"Medium"
"1746",2674,2675,"Temperature_C",23.27,1,NA
"1747",0,0,NA,0,-1,"Low"
"1748",0,0,NA,0,-1,"Medium"
"1749",2676,2677,"Crop_Growth_Stage",2,1,NA
"1750",0,0,NA,0,-1,"Low"
"1751",2678,2679,"Rainfall_mm",2498.335,1,NA
"1752",0,0,NA,0,-1,"Low"
"1753",2680,2681,"Soil_Moisture",24.905,1,NA
"1754",2682,2683,"Wind_Speed_kmh",14.955,1,NA
"1755",0,0,NA,0,-1,"Low"
"1756",0,0,NA,0,-1,"Medium"
"1757",2684,2685,"Temperature_C",32.31,1,NA
"1758",0,0,NA,0,-1,"Low"
"1759",0,0,NA,0,-1,"Medium"
"1760",0,0,NA,0,-1,"Medium"
"1761",0,0,NA,0,-1,"Low"
"1762",2686,2687,"Wind_Speed_kmh",18.445,1,NA
"1763",2688,2689,"Crop_Type",15,1,NA
"1764",2690,2691,"Soil_Moisture",24.505,1,NA
"1765",2692,2693,"Temperature_C",25.05,1,NA
"1766",2694,2695,"Wind_Speed_kmh",7.24,1,NA
"1767",0,0,NA,0,-1,"High"
"1768",2696,2697,"Organic_Carbon",0.33,1,NA
"1769",0,0,NA,0,-1,"High"
"1770",0,0,NA,0,-1,"Low"
"1771",0,0,NA,0,-1,"Medium"
"1772",0,0,NA,0,-1,"Medium"
"1773",0,0,NA,0,-1,"High"
"1774",0,0,NA,0,-1,"High"
"1775",0,0,NA,0,-1,"Medium"
"1776",0,0,NA,0,-1,"Medium"
"1777",0,0,NA,0,-1,"High"
"1778",2698,2699,"Previous_Irrigation_mm",72.01,1,NA
"1779",2700,2701,"Wind_Speed_kmh",2.115,1,NA
"1780",2702,2703,"Water_Source",5,1,NA
"1781",2704,2705,"Humidity",81.06,1,NA
"1782",2706,2707,"Rainfall_mm",515.405,1,NA
"1783",2708,2709,"Soil_pH",8.075,1,NA
"1784",0,0,NA,0,-1,"Medium"
"1785",2710,2711,"Field_Area_hectare",2.67,1,NA
"1786",2712,2713,"Humidity",85.975,1,NA
"1787",2714,2715,"Crop_Type",2,1,NA
"1788",2716,2717,"Season",2,1,NA
"1789",2718,2719,"Soil_Moisture",24.625,1,NA
"1790",2720,2721,"Wind_Speed_kmh",9.73,1,NA
"1791",0,0,NA,0,-1,"Medium"
"1792",2722,2723,"Sunlight_Hours",10.105,1,NA
"1793",0,0,NA,0,-1,"Medium"
"1794",2724,2725,"Region",8,1,NA
"1795",0,0,NA,0,-1,"Medium"
"1796",2726,2727,"Soil_Moisture",25.17,1,NA
"1797",0,0,NA,0,-1,"Medium"
"1798",2728,2729,"Organic_Carbon",0.36,1,NA
"1799",2730,2731,"Organic_Carbon",1.205,1,NA
"1800",2732,2733,"Soil_Moisture",34.67,1,NA
"1801",2734,2735,"Soil_Type",5,1,NA
"1802",2736,2737,"Organic_Carbon",0.405,1,NA
"1803",2738,2739,"Humidity",45.27,1,NA
"1804",2740,2741,"Soil_Moisture",24.325,1,NA
"1805",2742,2743,"Rainfall_mm",1718.12,1,NA
"1806",0,0,NA,0,-1,"Medium"
"1807",2744,2745,"Wind_Speed_kmh",9.665,1,NA
"1808",2746,2747,"Soil_pH",6.14,1,NA
"1809",2748,2749,"Soil_pH",7.975,1,NA
"1810",0,0,NA,0,-1,"Medium"
"1811",2750,2751,"Wind_Speed_kmh",1.72,1,NA
"1812",2752,2753,"Wind_Speed_kmh",1.345,1,NA
"1813",2754,2755,"Electrical_Conductivity",0.74,1,NA
"1814",0,0,NA,0,-1,"Medium"
"1815",0,0,NA,0,-1,"Low"
"1816",2756,2757,"Sunlight_Hours",6.435,1,NA
"1817",2758,2759,"Water_Source",1,1,NA
"1818",2760,2761,"Soil_pH",4.955,1,NA
"1819",2762,2763,"Soil_Moisture",24.325,1,NA
"1820",2764,2765,"Crop_Type",16,1,NA
"1821",2766,2767,"Soil_pH",8.175,1,NA
"1822",2768,2769,"Soil_pH",7.955,1,NA
"1823",2770,2771,"Crop_Type",18,1,NA
"1824",0,0,NA,0,-1,"Medium"
"1825",0,0,NA,0,-1,"High"
"1826",0,0,NA,0,-1,"High"
"1827",0,0,NA,0,-1,"Medium"
"1828",0,0,NA,0,-1,"High"
"1829",0,0,NA,0,-1,"Medium"
"1830",2772,2773,"Temperature_C",27.34,1,NA
"1831",2774,2775,"Soil_Moisture",20.295,1,NA
"1832",0,0,NA,0,-1,"Medium"
"1833",2776,2777,"Soil_Moisture",10.785,1,NA
"1834",2778,2779,"Electrical_Conductivity",1.21,1,NA
"1835",0,0,NA,0,-1,"Medium"
"1836",2780,2781,"Humidity",27.695,1,NA
"1837",2782,2783,"Soil_Moisture",10.275,1,NA
"1838",0,0,NA,0,-1,"High"
"1839",0,0,NA,0,-1,"Medium"
"1840",2784,2785,"Temperature_C",29.485,1,NA
"1841",2786,2787,"Rainfall_mm",120.135,1,NA
"1842",2788,2789,"Soil_Type",4,1,NA
"1843",2790,2791,"Wind_Speed_kmh",19.98,1,NA
"1844",0,0,NA,0,-1,"Medium"
"1845",0,0,NA,0,-1,"High"
"1846",2792,2793,"Region",8,1,NA
"1847",0,0,NA,0,-1,"High"
"1848",2794,2795,"Soil_Moisture",24.905,1,NA
"1849",2796,2797,"Crop_Type",16,1,NA
"1850",0,0,NA,0,-1,"Medium"
"1851",2798,2799,"Previous_Irrigation_mm",54.225,1,NA
"1852",2800,2801,"Temperature_C",13.085,1,NA
"1853",0,0,NA,0,-1,"Medium"
"1854",2802,2803,"Organic_Carbon",1.465,1,NA
"1855",2804,2805,"Rainfall_mm",106.91,1,NA
"1856",2806,2807,"Crop_Type",3,1,NA
"1857",2808,2809,"Rainfall_mm",31.085,1,NA
"1858",2810,2811,"Temperature_C",23.61,1,NA
"1859",2812,2813,"Temperature_C",12.315,1,NA
"1860",2814,2815,"Soil_pH",5.6,1,NA
"1861",2816,2817,"Sunlight_Hours",10.17,1,NA
"1862",2818,2819,"Soil_Moisture",32.135,1,NA
"1863",2820,2821,"Rainfall_mm",125.45,1,NA
"1864",2822,2823,"Soil_Moisture",18.9,1,NA
"1865",2824,2825,"Previous_Irrigation_mm",2.48,1,NA
"1866",2826,2827,"Previous_Irrigation_mm",15.235,1,NA
"1867",2828,2829,"Wind_Speed_kmh",19.83,1,NA
"1868",2830,2831,"Crop_Growth_Stage",1,1,NA
"1869",0,0,NA,0,-1,"High"
"1870",2832,2833,"Humidity",63.495,1,NA
"1871",2834,2835,"Rainfall_mm",227.715,1,NA
"1872",0,0,NA,0,-1,"High"
"1873",0,0,NA,0,-1,"Medium"
"1874",2836,2837,"Electrical_Conductivity",2.61,1,NA
"1875",0,0,NA,0,-1,"Medium"
"1876",2838,2839,"Crop_Type",19,1,NA
"1877",2840,2841,"Field_Area_hectare",14.81,1,NA
"1878",2842,2843,"Crop_Type",4,1,NA
"1879",0,0,NA,0,-1,"High"
"1880",0,0,NA,0,-1,"High"
"1881",0,0,NA,0,-1,"Medium"
"1882",0,0,NA,0,-1,"High"
"1883",2844,2845,"Humidity",81.65,1,NA
"1884",2846,2847,"Rainfall_mm",777.02,1,NA
"1885",0,0,NA,0,-1,"Medium"
"1886",2848,2849,"Wind_Speed_kmh",18.905,1,NA
"1887",0,0,NA,0,-1,"Medium"
"1888",0,0,NA,0,-1,"High"
"1889",2850,2851,"Temperature_C",14.575,1,NA
"1890",0,0,NA,0,-1,"Medium"
"1891",0,0,NA,0,-1,"High"
"1892",0,0,NA,0,-1,"Medium"
"1893",0,0,NA,0,-1,"High"
"1894",0,0,NA,0,-1,"Medium"
"1895",2852,2853,"Electrical_Conductivity",2.885,1,NA
"1896",2854,2855,"Soil_Moisture",33.965,1,NA
"1897",2856,2857,"Humidity",87.51,1,NA
"1898",2858,2859,"Soil_Moisture",25.945,1,NA
"1899",2860,2861,"Soil_pH",5.31,1,NA
"1900",2862,2863,"Temperature_C",30.14,1,NA
"1901",2864,2865,"Region",4,1,NA
"1902",2866,2867,"Temperature_C",30.51,1,NA
"1903",2868,2869,"Irrigation_Type",2,1,NA
"1904",0,0,NA,0,-1,"Medium"
"1905",0,0,NA,0,-1,"High"
"1906",2870,2871,"Rainfall_mm",409.315,1,NA
"1907",2872,2873,"Soil_Type",7,1,NA
"1908",2874,2875,"Rainfall_mm",30.39,1,NA
"1909",2876,2877,"Temperature_C",38.44,1,NA
"1910",2878,2879,"Field_Area_hectare",2.23,1,NA
"1911",0,0,NA,0,-1,"High"
"1912",2880,2881,"Temperature_C",31.16,1,NA
"1913",0,0,NA,0,-1,"High"
"1914",2882,2883,"Rainfall_mm",2462.43,1,NA
"1915",2884,2885,"Sunlight_Hours",10.485,1,NA
"1916",0,0,NA,0,-1,"Medium"
"1917",0,0,NA,0,-1,"High"
"1918",2886,2887,"Soil_Moisture",25.135,1,NA
"1919",2888,2889,"Rainfall_mm",540.225,1,NA
"1920",0,0,NA,0,-1,"High"
"1921",0,0,NA,0,-1,"Medium"
"1922",2890,2891,"Soil_pH",5.75,1,NA
"1923",2892,2893,"Sunlight_Hours",10.425,1,NA
"1924",2894,2895,"Sunlight_Hours",10.025,1,NA
"1925",2896,2897,"Water_Source",7,1,NA
"1926",2898,2899,"Field_Area_hectare",13.61,1,NA
"1927",2900,2901,"Wind_Speed_kmh",0.815,1,NA
"1928",2902,2903,"Wind_Speed_kmh",3.375,1,NA
"1929",2904,2905,"Soil_Moisture",59.06,1,NA
"1930",2906,2907,"Field_Area_hectare",3.925,1,NA
"1931",2908,2909,"Humidity",65.79,1,NA
"1932",2910,2911,"Rainfall_mm",336.765,1,NA
"1933",2912,2913,"Organic_Carbon",0.945,1,NA
"1934",0,0,NA,0,-1,"Medium"
"1935",2914,2915,"Rainfall_mm",1025.55,1,NA
"1936",2916,2917,"Soil_pH",5.57,1,NA
"1937",0,0,NA,0,-1,"Medium"
"1938",2918,2919,"Sunlight_Hours",10.5,1,NA
"1939",2920,2921,"Humidity",75.68,1,NA
"1940",2922,2923,"Water_Source",7,1,NA
"1941",2924,2925,"Region",9,1,NA
"1942",2926,2927,"Temperature_C",35.44,1,NA
"1943",2928,2929,"Soil_Moisture",8.335,1,NA
"1944",2930,2931,"Soil_pH",5.055,1,NA
"1945",2932,2933,"Organic_Carbon",0.325,1,NA
"1946",0,0,NA,0,-1,"High"
"1947",0,0,NA,0,-1,"Medium"
"1948",2934,2935,"Soil_Type",3,1,NA
"1949",2936,2937,"Previous_Irrigation_mm",108.115,1,NA
"1950",2938,2939,"Soil_Moisture",24.925,1,NA
"1951",2940,2941,"Previous_Irrigation_mm",49.415,1,NA
"1952",0,0,NA,0,-1,"High"
"1953",2942,2943,"Wind_Speed_kmh",15.31,1,NA
"1954",2944,2945,"Sunlight_Hours",5.38,1,NA
"1955",2946,2947,"Previous_Irrigation_mm",109.185,1,NA
"1956",2948,2949,"Humidity",32.235,1,NA
"1957",2950,2951,"Previous_Irrigation_mm",27.545,1,NA
"1958",2952,2953,"Previous_Irrigation_mm",2.59,1,NA
"1959",2954,2955,"Organic_Carbon",0.555,1,NA
"1960",2956,2957,"Season",1,1,NA
"1961",2958,2959,"Electrical_Conductivity",3.485,1,NA
"1962",2960,2961,"Rainfall_mm",36.14,1,NA
"1963",2962,2963,"Water_Source",4,1,NA
"1964",0,0,NA,0,-1,"Medium"
"1965",0,0,NA,0,-1,"High"
"1966",2964,2965,"Region",1,1,NA
"1967",2966,2967,"Previous_Irrigation_mm",32.445,1,NA
"1968",2968,2969,"Crop_Type",2,1,NA
"1969",2970,2971,"Previous_Irrigation_mm",43.67,1,NA
"1970",2972,2973,"Previous_Irrigation_mm",83.225,1,NA
"1971",0,0,NA,0,-1,"High"
"1972",0,0,NA,0,-1,"High"
"1973",2974,2975,"Wind_Speed_kmh",10.36,1,NA
"1974",0,0,NA,0,-1,"Medium"
"1975",0,0,NA,0,-1,"High"
"1976",0,0,NA,0,-1,"High"
"1977",0,0,NA,0,-1,"Medium"
"1978",2976,2977,"Irrigation_Type",6,1,NA
"1979",2978,2979,"Previous_Irrigation_mm",53.58,1,NA
"1980",2980,2981,"Region",2,1,NA
"1981",2982,2983,"Organic_Carbon",1.37,1,NA
"1982",2984,2985,"Humidity",50.345,1,NA
"1983",0,0,NA,0,-1,"High"
"1984",2986,2987,"Irrigation_Type",2,1,NA
"1985",0,0,NA,0,-1,"High"
"1986",2988,2989,"Electrical_Conductivity",0.315,1,NA
"1987",2990,2991,"Wind_Speed_kmh",9.79,1,NA
"1988",2992,2993,"Wind_Speed_kmh",9.915,1,NA
"1989",2994,2995,"Soil_pH",7.835,1,NA
"1990",2996,2997,"Soil_Moisture",16.345,1,NA
"1991",2998,2999,"Soil_Type",2,1,NA
"1992",3000,3001,"Water_Source",1,1,NA
"1993",3002,3003,"Field_Area_hectare",13.395,1,NA
"1994",0,0,NA,0,-1,"Medium"
"1995",3004,3005,"Region",6,1,NA
"1996",3006,3007,"Electrical_Conductivity",2.755,1,NA
"1997",3008,3009,"Field_Area_hectare",13.505,1,NA
"1998",3010,3011,"Humidity",37.405,1,NA
"1999",3012,3013,"Sunlight_Hours",10,1,NA
"2000",3014,3015,"Rainfall_mm",100.65,1,NA
"2001",0,0,NA,0,-1,"High"
"2002",3016,3017,"Crop_Type",16,1,NA
"2003",3018,3019,"Soil_pH",8.025,1,NA
"2004",0,0,NA,0,-1,"High"
"2005",0,0,NA,0,-1,"Medium"
"2006",3020,3021,"Soil_Type",2,1,NA
"2007",3022,3023,"Wind_Speed_kmh",17.53,1,NA
"2008",0,0,NA,0,-1,"High"
"2009",3024,3025,"Previous_Irrigation_mm",23.615,1,NA
"2010",3026,3027,"Temperature_C",33.17,1,NA
"2011",3028,3029,"Soil_Moisture",61.43,1,NA
"2012",3030,3031,"Temperature_C",37.57,1,NA
"2013",3032,3033,"Humidity",40.42,1,NA
"2014",3034,3035,"Soil_Moisture",12.435,1,NA
"2015",3036,3037,"Water_Source",6,1,NA
"2016",3038,3039,"Crop_Type",4,1,NA
"2017",3040,3041,"Field_Area_hectare",14.535,1,NA
"2018",3042,3043,"Humidity",93.795,1,NA
"2019",0,0,NA,0,-1,"Medium"
"2020",0,0,NA,0,-1,"High"
"2021",3044,3045,"Crop_Type",17,1,NA
"2022",3046,3047,"Rainfall_mm",223.355,1,NA
"2023",3048,3049,"Season",3,1,NA
"2024",3050,3051,"Field_Area_hectare",13.55,1,NA
"2025",0,0,NA,0,-1,"High"
"2026",3052,3053,"Soil_Type",2,1,NA
"2027",3054,3055,"Soil_Moisture",15.425,1,NA
"2028",3056,3057,"Soil_Moisture",59.675,1,NA
"2029",3058,3059,"Electrical_Conductivity",2.415,1,NA
"2030",3060,3061,"Field_Area_hectare",14.755,1,NA
"2031",0,0,NA,0,-1,"Medium"
"2032",3062,3063,"Crop_Growth_Stage",1,1,NA
"2033",0,0,NA,0,-1,"High"
"2034",3064,3065,"Rainfall_mm",21.16,1,NA
"2035",3066,3067,"Soil_Type",2,1,NA
"2036",0,0,NA,0,-1,"High"
"2037",3068,3069,"Season",3,1,NA
"2038",3070,3071,"Crop_Type",8,1,NA
"2039",3072,3073,"Crop_Type",27,1,NA
"2040",3074,3075,"Sunlight_Hours",10.495,1,NA
"2041",3076,3077,"Crop_Type",6,1,NA
"2042",0,0,NA,0,-1,"High"
"2043",0,0,NA,0,-1,"Medium"
"2044",0,0,NA,0,-1,"Medium"
"2045",3078,3079,"Rainfall_mm",703.875,1,NA
"2046",3080,3081,"Electrical_Conductivity",0.875,1,NA
"2047",0,0,NA,0,-1,"High"
"2048",3082,3083,"Previous_Irrigation_mm",76.375,1,NA
"2049",3084,3085,"Field_Area_hectare",12.855,1,NA
"2050",0,0,NA,0,-1,"High"
"2051",0,0,NA,0,-1,"Medium"
"2052",0,0,NA,0,-1,"Low"
"2053",0,0,NA,0,-1,"Medium"
"2054",3086,3087,"Temperature_C",15.25,1,NA
"2055",3088,3089,"Temperature_C",31.125,1,NA
"2056",3090,3091,"Soil_Type",2,1,NA
"2057",0,0,NA,0,-1,"Low"
"2058",3092,3093,"Season",2,1,NA
"2059",3094,3095,"Rainfall_mm",118.06,1,NA
"2060",3096,3097,"Soil_Moisture",27.065,1,NA
"2061",3098,3099,"Rainfall_mm",220.545,1,NA
"2062",3100,3101,"Soil_pH",7.095,1,NA
"2063",3102,3103,"Crop_Type",16,1,NA
"2064",3104,3105,"Wind_Speed_kmh",3.045,1,NA
"2065",0,0,NA,0,-1,"Medium"
"2066",0,0,NA,0,-1,"High"
"2067",0,0,NA,0,-1,"Medium"
"2068",0,0,NA,0,-1,"Medium"
"2069",3106,3107,"Soil_Type",7,1,NA
"2070",3108,3109,"Crop_Type",9,1,NA
"2071",0,0,NA,0,-1,"Medium"
"2072",3110,3111,"Sunlight_Hours",10.755,1,NA
"2073",0,0,NA,0,-1,"Low"
"2074",3112,3113,"Soil_pH",6.155,1,NA
"2075",0,0,NA,0,-1,"Low"
"2076",3114,3115,"Temperature_C",16.25,1,NA
"2077",3116,3117,"Temperature_C",29.35,1,NA
"2078",3118,3119,"Soil_Moisture",25,1,NA
"2079",3120,3121,"Field_Area_hectare",12.655,1,NA
"2080",3122,3123,"Sunlight_Hours",10.085,1,NA
"2081",3124,3125,"Irrigation_Type",1,1,NA
"2082",3126,3127,"Rainfall_mm",2481.85,1,NA
"2083",3128,3129,"Region",4,1,NA
"2084",3130,3131,"Humidity",82.155,1,NA
"2085",3132,3133,"Water_Source",5,1,NA
"2086",3134,3135,"Soil_Moisture",8.435,1,NA
"2087",3136,3137,"Field_Area_hectare",4.2,1,NA
"2088",3138,3139,"Field_Area_hectare",9.235,1,NA
"2089",3140,3141,"Soil_pH",5.99,1,NA
"2090",3142,3143,"Water_Source",1,1,NA
"2091",3144,3145,"Soil_Moisture",14.885,1,NA
"2092",0,0,NA,0,-1,"High"
"2093",0,0,NA,0,-1,"Medium"
"2094",3146,3147,"Region",1,1,NA
"2095",0,0,NA,0,-1,"Medium"
"2096",3148,3149,"Soil_Type",1,1,NA
"2097",0,0,NA,0,-1,"Medium"
"2098",3150,3151,"Soil_Moisture",26.29,1,NA
"2099",3152,3153,"Field_Area_hectare",5.745,1,NA
"2100",0,0,NA,0,-1,"Medium"
"2101",3154,3155,"Temperature_C",30.41,1,NA
"2102",3156,3157,"Soil_Moisture",25.14,1,NA
"2103",3158,3159,"Wind_Speed_kmh",8.07,1,NA
"2104",3160,3161,"Humidity",31.2,1,NA
"2105",3162,3163,"Soil_Moisture",24.975,1,NA
"2106",3164,3165,"Temperature_C",30.895,1,NA
"2107",3166,3167,"Humidity",88.63,1,NA
"2108",3168,3169,"Crop_Type",15,1,NA
"2109",3170,3171,"Irrigation_Type",2,1,NA
"2110",3172,3173,"Soil_Moisture",25,1,NA
"2111",3174,3175,"Soil_Moisture",26.055,1,NA
"2112",3176,3177,"Sunlight_Hours",10.215,1,NA
"2113",3178,3179,"Field_Area_hectare",13.275,1,NA
"2114",0,0,NA,0,-1,"High"
"2115",0,0,NA,0,-1,"Medium"
"2116",0,0,NA,0,-1,"High"
"2117",3180,3181,"Field_Area_hectare",10.65,1,NA
"2118",3182,3183,"Sunlight_Hours",9.67,1,NA
"2119",0,0,NA,0,-1,"High"
"2120",3184,3185,"Organic_Carbon",1.235,1,NA
"2121",3186,3187,"Temperature_C",20.025,1,NA
"2122",3188,3189,"Rainfall_mm",48.785,1,NA
"2123",3190,3191,"Region",14,1,NA
"2124",3192,3193,"Temperature_C",27.815,1,NA
"2125",3194,3195,"Crop_Type",8,1,NA
"2126",0,0,NA,0,-1,"High"
"2127",0,0,NA,0,-1,"Medium"
"2128",3196,3197,"Humidity",52.575,1,NA
"2129",3198,3199,"Rainfall_mm",7.9,1,NA
"2130",3200,3201,"Crop_Type",4,1,NA
"2131",3202,3203,"Organic_Carbon",0.425,1,NA
"2132",3204,3205,"Electrical_Conductivity",2.665,1,NA
"2133",3206,3207,"Wind_Speed_kmh",15.28,1,NA
"2134",0,0,NA,0,-1,"High"
"2135",0,0,NA,0,-1,"Medium"
"2136",3208,3209,"Rainfall_mm",117.1,1,NA
"2137",3210,3211,"Soil_Type",3,1,NA
"2138",0,0,NA,0,-1,"Low"
"2139",3212,3213,"Soil_pH",7.415,1,NA
"2140",3214,3215,"Previous_Irrigation_mm",111.375,1,NA
"2141",0,0,NA,0,-1,"Medium"
"2142",0,0,NA,0,-1,"Medium"
"2143",0,0,NA,0,-1,"High"
"2144",3216,3217,"Water_Source",3,1,NA
"2145",3218,3219,"Wind_Speed_kmh",15.945,1,NA
"2146",0,0,NA,0,-1,"High"
"2147",0,0,NA,0,-1,"Medium"
"2148",3220,3221,"Electrical_Conductivity",0.67,1,NA
"2149",0,0,NA,0,-1,"Medium"
"2150",3222,3223,"Field_Area_hectare",3.075,1,NA
"2151",0,0,NA,0,-1,"Medium"
"2152",3224,3225,"Temperature_C",22.115,1,NA
"2153",3226,3227,"Organic_Carbon",1.575,1,NA
"2154",3228,3229,"Soil_pH",7.065,1,NA
"2155",0,0,NA,0,-1,"Low"
"2156",3230,3231,"Irrigation_Type",7,1,NA
"2157",0,0,NA,0,-1,"Low"
"2158",3232,3233,"Humidity",46.39,1,NA
"2159",3234,3235,"Electrical_Conductivity",3.12,1,NA
"2160",3236,3237,"Soil_pH",8,1,NA
"2161",3238,3239,"Wind_Speed_kmh",19.665,1,NA
"2162",3240,3241,"Wind_Speed_kmh",10.79,1,NA
"2163",3242,3243,"Sunlight_Hours",10.65,1,NA
"2164",3244,3245,"Soil_pH",6.475,1,NA
"2165",3246,3247,"Field_Area_hectare",11.43,1,NA
"2166",3248,3249,"Soil_Type",5,1,NA
"2167",3250,3251,"Soil_pH",6.775,1,NA
"2168",3252,3253,"Field_Area_hectare",14.345,1,NA
"2169",3254,3255,"Organic_Carbon",1.495,1,NA
"2170",0,0,NA,0,-1,"Medium"
"2171",3256,3257,"Temperature_C",28.99,1,NA
"2172",3258,3259,"Rainfall_mm",526.68,1,NA
"2173",3260,3261,"Temperature_C",29.575,1,NA
"2174",3262,3263,"Soil_Moisture",26.4,1,NA
"2175",3264,3265,"Field_Area_hectare",14.15,1,NA
"2176",3266,3267,"Soil_Type",4,1,NA
"2177",3268,3269,"Field_Area_hectare",8.93,1,NA
"2178",0,0,NA,0,-1,"High"
"2179",3270,3271,"Soil_Type",1,1,NA
"2180",3272,3273,"Wind_Speed_kmh",13.585,1,NA
"2181",3274,3275,"Rainfall_mm",718.64,1,NA
"2182",0,0,NA,0,-1,"High"
"2183",0,0,NA,0,-1,"Medium"
"2184",0,0,NA,0,-1,"Low"
"2185",0,0,NA,0,-1,"Medium"
"2186",3276,3277,"Wind_Speed_kmh",10.62,1,NA
"2187",3278,3279,"Soil_pH",7.81,1,NA
"2188",3280,3281,"Region",4,1,NA
"2189",3282,3283,"Soil_Moisture",36.23,1,NA
"2190",3284,3285,"Soil_Moisture",40.52,1,NA
"2191",3286,3287,"Soil_Type",7,1,NA
"2192",3288,3289,"Soil_pH",5.12,1,NA
"2193",3290,3291,"Crop_Type",26,1,NA
"2194",3292,3293,"Wind_Speed_kmh",10,1,NA
"2195",3294,3295,"Field_Area_hectare",9.2,1,NA
"2196",0,0,NA,0,-1,"Medium"
"2197",0,0,NA,0,-1,"High"
"2198",0,0,NA,0,-1,"High"
"2199",0,0,NA,0,-1,"Medium"
"2200",0,0,NA,0,-1,"Medium"
"2201",0,0,NA,0,-1,"High"
"2202",3296,3297,"Water_Source",6,1,NA
"2203",0,0,NA,0,-1,"High"
"2204",3298,3299,"Temperature_C",31.72,1,NA
"2205",3300,3301,"Soil_Moisture",8.995,1,NA
"2206",0,0,NA,0,-1,"Medium"
"2207",3302,3303,"Wind_Speed_kmh",13.99,1,NA
"2208",0,0,NA,0,-1,"Medium"
"2209",0,0,NA,0,-1,"High"
"2210",0,0,NA,0,-1,"Medium"
"2211",3304,3305,"Region",1,1,NA
"2212",3306,3307,"Sunlight_Hours",9.045,1,NA
"2213",0,0,NA,0,-1,"Low"
"2214",0,0,NA,0,-1,"Medium"
"2215",0,0,NA,0,-1,"Low"
"2216",0,0,NA,0,-1,"Low"
"2217",3308,3309,"Rainfall_mm",799.335,1,NA
"2218",0,0,NA,0,-1,"Low"
"2219",3310,3311,"Soil_Moisture",27.92,1,NA
"2220",3312,3313,"Wind_Speed_kmh",10.09,1,NA
"2221",3314,3315,"Season",2,1,NA
"2222",3316,3317,"Soil_Moisture",58.67,1,NA
"2223",3318,3319,"Humidity",94.59,1,NA
"2224",0,0,NA,0,-1,"Medium"
"2225",0,0,NA,0,-1,"Low"
"2226",0,0,NA,0,-1,"Medium"
"2227",3320,3321,"Temperature_C",41.26,1,NA
"2228",0,0,NA,0,-1,"Medium"
"2229",3322,3323,"Rainfall_mm",2184.805,1,NA
"2230",3324,3325,"Rainfall_mm",318.27,1,NA
"2231",3326,3327,"Organic_Carbon",1.505,1,NA
"2232",0,0,NA,0,-1,"Low"
"2233",3328,3329,"Temperature_C",31.89,1,NA
"2234",3330,3331,"Field_Area_hectare",1.265,1,NA
"2235",3332,3333,"Humidity",94.725,1,NA
"2236",0,0,NA,0,-1,"Low"
"2237",0,0,NA,0,-1,"Medium"
"2238",3334,3335,"Temperature_C",30.52,1,NA
"2239",3336,3337,"Season",1,1,NA
"2240",0,0,NA,0,-1,"Low"
"2241",0,0,NA,0,-1,"Medium"
"2242",0,0,NA,0,-1,"High"
"2243",0,0,NA,0,-1,"Medium"
"2244",0,0,NA,0,-1,"Medium"
"2245",0,0,NA,0,-1,"Low"
"2246",0,0,NA,0,-1,"Low"
"2247",0,0,NA,0,-1,"Medium"
"2248",0,0,NA,0,-1,"Medium"
"2249",3338,3339,"Temperature_C",27.455,1,NA
"2250",3340,3341,"Crop_Growth_Stage",2,1,NA
"2251",0,0,NA,0,-1,"Medium"
"2252",0,0,NA,0,-1,"Low"
"2253",0,0,NA,0,-1,"Medium"
"2254",0,0,NA,0,-1,"Low"
"2255",0,0,NA,0,-1,"Medium"
"2256",3342,3343,"Soil_Type",4,1,NA
"2257",0,0,NA,0,-1,"Low"
"2258",3344,3345,"Rainfall_mm",1636.575,1,NA
"2259",3346,3347,"Humidity",78.095,1,NA
"2260",0,0,NA,0,-1,"Medium"
"2261",0,0,NA,0,-1,"Low"
"2262",3348,3349,"Rainfall_mm",1082.57,1,NA
"2263",3350,3351,"Sunlight_Hours",5.565,1,NA
"2264",0,0,NA,0,-1,"Medium"
"2265",0,0,NA,0,-1,"Low"
"2266",3352,3353,"Humidity",65.57,1,NA
"2267",3354,3355,"Crop_Growth_Stage",2,1,NA
"2268",0,0,NA,0,-1,"Medium"
"2269",0,0,NA,0,-1,"Low"
"2270",3356,3357,"Humidity",27.355,1,NA
"2271",3358,3359,"Soil_Moisture",24.945,1,NA
"2272",3360,3361,"Field_Area_hectare",8.545,1,NA
"2273",3362,3363,"Sunlight_Hours",4.135,1,NA
"2274",3364,3365,"Soil_Type",3,1,NA
"2275",3366,3367,"Irrigation_Type",2,1,NA
"2276",3368,3369,"Electrical_Conductivity",0.275,1,NA
"2277",3370,3371,"Soil_pH",7.905,1,NA
"2278",3372,3373,"Temperature_C",27.965,1,NA
"2279",3374,3375,"Rainfall_mm",486.875,1,NA
"2280",3376,3377,"Temperature_C",20.21,1,NA
"2281",0,0,NA,0,-1,"Low"
"2282",3378,3379,"Field_Area_hectare",1.165,1,NA
"2283",3380,3381,"Soil_pH",7.975,1,NA
"2284",3382,3383,"Organic_Carbon",0.315,1,NA
"2285",3384,3385,"Field_Area_hectare",12.365,1,NA
"2286",3386,3387,"Field_Area_hectare",11.995,1,NA
"2287",3388,3389,"Previous_Irrigation_mm",42.375,1,NA
"2288",3390,3391,"Soil_pH",6.655,1,NA
"2289",0,0,NA,0,-1,"Low"
"2290",3392,3393,"Electrical_Conductivity",0.275,1,NA
"2291",0,0,NA,0,-1,"Low"
"2292",0,0,NA,0,-1,"Medium"
"2293",0,0,NA,0,-1,"High"
"2294",3394,3395,"Organic_Carbon",0.44,1,NA
"2295",3396,3397,"Field_Area_hectare",5.065,1,NA
"2296",0,0,NA,0,-1,"Medium"
"2297",3398,3399,"Temperature_C",29.815,1,NA
"2298",3400,3401,"Sunlight_Hours",4.155,1,NA
"2299",0,0,NA,0,-1,"Medium"
"2300",0,0,NA,0,-1,"Low"
"2301",0,0,NA,0,-1,"Medium"
"2302",0,0,NA,0,-1,"Medium"
"2303",3402,3403,"Sunlight_Hours",5.405,1,NA
"2304",0,0,NA,0,-1,"Low"
"2305",0,0,NA,0,-1,"Medium"
"2306",3404,3405,"Previous_Irrigation_mm",11.22,1,NA
"2307",3406,3407,"Region",8,1,NA
"2308",0,0,NA,0,-1,"Low"
"2309",3408,3409,"Soil_Moisture",20.89,1,NA
"2310",3410,3411,"Soil_pH",7.83,1,NA
"2311",3412,3413,"Organic_Carbon",0.645,1,NA
"2312",3414,3415,"Wind_Speed_kmh",3.595,1,NA
"2313",3416,3417,"Crop_Type",10,1,NA
"2314",3418,3419,"Soil_pH",5.285,1,NA
"2315",3420,3421,"Soil_Type",4,1,NA
"2316",3422,3423,"Organic_Carbon",0.625,1,NA
"2317",3424,3425,"Electrical_Conductivity",3.305,1,NA
"2318",3426,3427,"Rainfall_mm",825.9,1,NA
"2319",3428,3429,"Organic_Carbon",1.3,1,NA
"2320",3430,3431,"Crop_Type",23,1,NA
"2321",3432,3433,"Soil_Type",3,1,NA
"2322",0,0,NA,0,-1,"Medium"
"2323",3434,3435,"Soil_pH",7.67,1,NA
"2324",0,0,NA,0,-1,"Medium"
"2325",0,0,NA,0,-1,"Low"
"2326",3436,3437,"Previous_Irrigation_mm",101.645,1,NA
"2327",3438,3439,"Irrigation_Type",1,1,NA
"2328",0,0,NA,0,-1,"Medium"
"2329",0,0,NA,0,-1,"Low"
"2330",0,0,NA,0,-1,"Medium"
"2331",3440,3441,"Soil_pH",6.58,1,NA
"2332",0,0,NA,0,-1,"Medium"
"2333",0,0,NA,0,-1,"Low"
"2334",0,0,NA,0,-1,"Low"
"2335",3442,3443,"Organic_Carbon",0.685,1,NA
"2336",3444,3445,"Soil_Type",5,1,NA
"2337",3446,3447,"Electrical_Conductivity",3.32,1,NA
"2338",3448,3449,"Soil_pH",8.065,1,NA
"2339",3450,3451,"Crop_Growth_Stage",2,1,NA
"2340",0,0,NA,0,-1,"Medium"
"2341",0,0,NA,0,-1,"Low"
"2342",3452,3453,"Wind_Speed_kmh",1.555,1,NA
"2343",3454,3455,"Wind_Speed_kmh",7.905,1,NA
"2344",0,0,NA,0,-1,"Medium"
"2345",0,0,NA,0,-1,"Low"
"2346",0,0,NA,0,-1,"Medium"
"2347",3456,3457,"Organic_Carbon",0.705,1,NA
"2348",3458,3459,"Crop_Type",9,1,NA
"2349",3460,3461,"Organic_Carbon",1.155,1,NA
"2350",3462,3463,"Irrigation_Type",1,1,NA
"2351",0,0,NA,0,-1,"Low"
"2352",0,0,NA,0,-1,"Medium"
"2353",3464,3465,"Rainfall_mm",2298.425,1,NA
"2354",3466,3467,"Sunlight_Hours",9.34,1,NA
"2355",3468,3469,"Region",8,1,NA
"2356",3470,3471,"Wind_Speed_kmh",6.02,1,NA
"2357",3472,3473,"Humidity",30.27,1,NA
"2358",3474,3475,"Temperature_C",35.935,1,NA
"2359",3476,3477,"Sunlight_Hours",8.255,1,NA
"2360",3478,3479,"Sunlight_Hours",9.595,1,NA
"2361",0,0,NA,0,-1,"Low"
"2362",3480,3481,"Rainfall_mm",150.935,1,NA
"2363",0,0,NA,0,-1,"Low"
"2364",0,0,NA,0,-1,"Low"
"2365",3482,3483,"Wind_Speed_kmh",5.815,1,NA
"2366",0,0,NA,0,-1,"Low"
"2367",0,0,NA,0,-1,"Medium"
"2368",3484,3485,"Soil_pH",5.15,1,NA
"2369",0,0,NA,0,-1,"Low"
"2370",0,0,NA,0,-1,"Medium"
"2371",0,0,NA,0,-1,"Low"
"2372",0,0,NA,0,-1,"Medium"
"2373",0,0,NA,0,-1,"Low"
"2374",0,0,NA,0,-1,"Low"
"2375",3486,3487,"Rainfall_mm",1580.78,1,NA
"2376",3488,3489,"Previous_Irrigation_mm",0.795,1,NA
"2377",3490,3491,"Previous_Irrigation_mm",16.195,1,NA
"2378",0,0,NA,0,-1,"Medium"
"2379",0,0,NA,0,-1,"Low"
"2380",3492,3493,"Crop_Type",9,1,NA
"2381",3494,3495,"Soil_pH",5.315,1,NA
"2382",3496,3497,"Field_Area_hectare",0.895,1,NA
"2383",0,0,NA,0,-1,"Low"
"2384",3498,3499,"Previous_Irrigation_mm",49.76,1,NA
"2385",3500,3501,"Irrigation_Type",1,1,NA
"2386",0,0,NA,0,-1,"Medium"
"2387",0,0,NA,0,-1,"Low"
"2388",3502,3503,"Soil_Type",7,1,NA
"2389",3504,3505,"Soil_pH",6.33,1,NA
"2390",3506,3507,"Soil_Moisture",59.565,1,NA
"2391",0,0,NA,0,-1,"Low"
"2392",3508,3509,"Soil_Moisture",54.59,1,NA
"2393",3510,3511,"Humidity",30.835,1,NA
"2394",0,0,NA,0,-1,"High"
"2395",0,0,NA,0,-1,"Medium"
"2396",0,0,NA,0,-1,"Medium"
"2397",0,0,NA,0,-1,"Low"
"2398",0,0,NA,0,-1,"Medium"
"2399",3512,3513,"Field_Area_hectare",14.705,1,NA
"2400",3514,3515,"Sunlight_Hours",10.885,1,NA
"2401",3516,3517,"Field_Area_hectare",10.085,1,NA
"2402",3518,3519,"Sunlight_Hours",7.855,1,NA
"2403",3520,3521,"Crop_Type",2,1,NA
"2404",0,0,NA,0,-1,"Medium"
"2405",0,0,NA,0,-1,"Low"
"2406",3522,3523,"Soil_Moisture",18,1,NA
"2407",0,0,NA,0,-1,"Medium"
"2408",3524,3525,"Organic_Carbon",1.55,1,NA
"2409",3526,3527,"Crop_Type",13,1,NA
"2410",3528,3529,"Humidity",84.03,1,NA
"2411",3530,3531,"Field_Area_hectare",7.665,1,NA
"2412",3532,3533,"Soil_Moisture",25.005,1,NA
"2413",3534,3535,"Soil_pH",7.765,1,NA
"2414",3536,3537,"Field_Area_hectare",14.47,1,NA
"2415",3538,3539,"Wind_Speed_kmh",19.465,1,NA
"2416",3540,3541,"Field_Area_hectare",13.705,1,NA
"2417",3542,3543,"Field_Area_hectare",13.6,1,NA
"2418",3544,3545,"Previous_Irrigation_mm",117.535,1,NA
"2419",3546,3547,"Soil_pH",5.115,1,NA
"2420",3548,3549,"Organic_Carbon",1.585,1,NA
"2421",3550,3551,"Wind_Speed_kmh",10.035,1,NA
"2422",3552,3553,"Soil_Moisture",19.795,1,NA
"2423",3554,3555,"Rainfall_mm",1072.545,1,NA
"2424",0,0,NA,0,-1,"Medium"
"2425",3556,3557,"Previous_Irrigation_mm",110.29,1,NA
"2426",3558,3559,"Temperature_C",21.335,1,NA
"2427",0,0,NA,0,-1,"Medium"
"2428",3560,3561,"Wind_Speed_kmh",10.325,1,NA
"2429",3562,3563,"Rainfall_mm",2460.73,1,NA
"2430",0,0,NA,0,-1,"Low"
"2431",0,0,NA,0,-1,"Medium"
"2432",0,0,NA,0,-1,"Medium"
"2433",0,0,NA,0,-1,"Low"
"2434",3564,3565,"Rainfall_mm",2460.925,1,NA
"2435",0,0,NA,0,-1,"Medium"
"2436",3566,3567,"Organic_Carbon",1.465,1,NA
"2437",3568,3569,"Previous_Irrigation_mm",60.71,1,NA
"2438",0,0,NA,0,-1,"Low"
"2439",3570,3571,"Crop_Type",16,1,NA
"2440",3572,3573,"Soil_pH",7.155,1,NA
"2441",0,0,NA,0,-1,"Low"
"2442",3574,3575,"Wind_Speed_kmh",10.095,1,NA
"2443",3576,3577,"Soil_Moisture",24.79,1,NA
"2444",0,0,NA,0,-1,"Medium"
"2445",0,0,NA,0,-1,"Low"
"2446",3578,3579,"Electrical_Conductivity",3.34,1,NA
"2447",0,0,NA,0,-1,"High"
"2448",0,0,NA,0,-1,"Medium"
"2449",0,0,NA,0,-1,"Low"
"2450",0,0,NA,0,-1,"Medium"
"2451",0,0,NA,0,-1,"High"
"2452",3580,3581,"Rainfall_mm",380.29,1,NA
"2453",3582,3583,"Wind_Speed_kmh",14.195,1,NA
"2454",3584,3585,"Organic_Carbon",0.355,1,NA
"2455",0,0,NA,0,-1,"Low"
"2456",3586,3587,"Humidity",85.75,1,NA
"2457",3588,3589,"Rainfall_mm",341.5,1,NA
"2458",3590,3591,"Wind_Speed_kmh",10.345,1,NA
"2459",3592,3593,"Water_Source",6,1,NA
"2460",0,0,NA,0,-1,"Medium"
"2461",3594,3595,"Previous_Irrigation_mm",54.015,1,NA
"2462",3596,3597,"Field_Area_hectare",1.375,1,NA
"2463",3598,3599,"Water_Source",4,1,NA
"2464",3600,3601,"Electrical_Conductivity",3.38,1,NA
"2465",3602,3603,"Soil_pH",7.885,1,NA
"2466",0,0,NA,0,-1,"High"
"2467",3604,3605,"Soil_Moisture",35.3,1,NA
"2468",3606,3607,"Previous_Irrigation_mm",88.505,1,NA
"2469",0,0,NA,0,-1,"Medium"
"2470",3608,3609,"Temperature_C",35.425,1,NA
"2471",0,0,NA,0,-1,"Medium"
"2472",0,0,NA,0,-1,"High"
"2473",0,0,NA,0,-1,"Medium"
"2474",3610,3611,"Soil_Moisture",25.24,1,NA
"2475",3612,3613,"Organic_Carbon",0.965,1,NA
"2476",3614,3615,"Crop_Type",23,1,NA
"2477",3616,3617,"Crop_Growth_Stage",2,1,NA
"2478",3618,3619,"Rainfall_mm",377.835,1,NA
"2479",3620,3621,"Humidity",50.895,1,NA
"2480",0,0,NA,0,-1,"Low"
"2481",0,0,NA,0,-1,"Medium"
"2482",3622,3623,"Rainfall_mm",646.905,1,NA
"2483",3624,3625,"Water_Source",2,1,NA
"2484",3626,3627,"Soil_Moisture",23.055,1,NA
"2485",3628,3629,"Previous_Irrigation_mm",110.7,1,NA
"2486",3630,3631,"Humidity",87.21,1,NA
"2487",0,0,NA,0,-1,"High"
"2488",0,0,NA,0,-1,"Medium"
"2489",0,0,NA,0,-1,"High"
"2490",3632,3633,"Previous_Irrigation_mm",43.225,1,NA
"2491",3634,3635,"Previous_Irrigation_mm",115.95,1,NA
"2492",3636,3637,"Sunlight_Hours",10.925,1,NA
"2493",3638,3639,"Sunlight_Hours",7.525,1,NA
"2494",3640,3641,"Crop_Type",16,1,NA
"2495",3642,3643,"Crop_Type",1,1,NA
"2496",0,0,NA,0,-1,"Medium"
"2497",0,0,NA,0,-1,"Low"
"2498",3644,3645,"Crop_Type",17,1,NA
"2499",3646,3647,"Wind_Speed_kmh",15.84,1,NA
"2500",0,0,NA,0,-1,"High"
"2501",3648,3649,"Region",10,1,NA
"2502",0,0,NA,0,-1,"High"
"2503",0,0,NA,0,-1,"Medium"
"2504",3650,3651,"Crop_Type",3,1,NA
"2505",3652,3653,"Soil_Moisture",61.03,1,NA
"2506",0,0,NA,0,-1,"Medium"
"2507",3654,3655,"Temperature_C",17.715,1,NA
"2508",3656,3657,"Field_Area_hectare",3.205,1,NA
"2509",0,0,NA,0,-1,"Medium"
"2510",0,0,NA,0,-1,"Medium"
"2511",0,0,NA,0,-1,"Low"
"2512",3658,3659,"Rainfall_mm",9.735,1,NA
"2513",3660,3661,"Soil_pH",6.47,1,NA
"2514",3662,3663,"Previous_Irrigation_mm",46.31,1,NA
"2515",3664,3665,"Rainfall_mm",121.245,1,NA
"2516",3666,3667,"Electrical_Conductivity",3.375,1,NA
"2517",3668,3669,"Sunlight_Hours",10.165,1,NA
"2518",3670,3671,"Soil_pH",6.685,1,NA
"2519",3672,3673,"Crop_Type",4,1,NA
"2520",3674,3675,"Field_Area_hectare",6.26,1,NA
"2521",0,0,NA,0,-1,"Low"
"2522",0,0,NA,0,-1,"Medium"
"2523",3676,3677,"Crop_Type",2,1,NA
"2524",3678,3679,"Sunlight_Hours",5.415,1,NA
"2525",0,0,NA,0,-1,"High"
"2526",3680,3681,"Soil_Moisture",9.29,1,NA
"2527",3682,3683,"Temperature_C",35.975,1,NA
"2528",0,0,NA,0,-1,"High"
"2529",0,0,NA,0,-1,"Medium"
"2530",0,0,NA,0,-1,"Medium"
"2531",0,0,NA,0,-1,"Low"
"2532",0,0,NA,0,-1,"High"
"2533",0,0,NA,0,-1,"Medium"
"2534",3684,3685,"Humidity",34.36,1,NA
"2535",0,0,NA,0,-1,"Low"
"2536",0,0,NA,0,-1,"High"
"2537",3686,3687,"Region",4,1,NA
"2538",3688,3689,"Humidity",84.285,1,NA
"2539",3690,3691,"Previous_Irrigation_mm",41.14,1,NA
"2540",0,0,NA,0,-1,"Medium"
"2541",0,0,NA,0,-1,"High"
"2542",3692,3693,"Electrical_Conductivity",2.06,1,NA
"2543",3694,3695,"Organic_Carbon",0.345,1,NA
"2544",3696,3697,"Sunlight_Hours",10.895,1,NA
"2545",3698,3699,"Organic_Carbon",1.4,1,NA
"2546",3700,3701,"Soil_Type",1,1,NA
"2547",0,0,NA,0,-1,"High"
"2548",0,0,NA,0,-1,"Medium"
"2549",3702,3703,"Rainfall_mm",264.085,1,NA
"2550",3704,3705,"Mulching_Used",1,1,NA
"2551",0,0,NA,0,-1,"Medium"
"2552",0,0,NA,0,-1,"Medium"
"2553",0,0,NA,0,-1,"High"
"2554",0,0,NA,0,-1,"Medium"
"2555",0,0,NA,0,-1,"High"
"2556",0,0,NA,0,-1,"Medium"
"2557",3706,3707,"Wind_Speed_kmh",12.445,1,NA
"2558",3708,3709,"Previous_Irrigation_mm",6.47,1,NA
"2559",3710,3711,"Previous_Irrigation_mm",111.965,1,NA
"2560",3712,3713,"Humidity",54.16,1,NA
"2561",3714,3715,"Soil_Moisture",9.685,1,NA
"2562",0,0,NA,0,-1,"Medium"
"2563",3716,3717,"Water_Source",4,1,NA
"2564",3718,3719,"Sunlight_Hours",4.055,1,NA
"2565",3720,3721,"Soil_pH",6.045,1,NA
"2566",3722,3723,"Soil_Moisture",11.915,1,NA
"2567",3724,3725,"Humidity",45.34,1,NA
"2568",3726,3727,"Field_Area_hectare",8.915,1,NA
"2569",3728,3729,"Wind_Speed_kmh",19.87,1,NA
"2570",3730,3731,"Previous_Irrigation_mm",2.235,1,NA
"2571",3732,3733,"Soil_Type",1,1,NA
"2572",3734,3735,"Temperature_C",30.625,1,NA
"2573",0,0,NA,0,-1,"Low"
"2574",3736,3737,"Mulching_Used",1,1,NA
"2575",3738,3739,"Rainfall_mm",2107.755,1,NA
"2576",3740,3741,"Previous_Irrigation_mm",112.765,1,NA
"2577",3742,3743,"Soil_Moisture",9.875,1,NA
"2578",3744,3745,"Previous_Irrigation_mm",115.91,1,NA
"2579",3746,3747,"Humidity",86.3,1,NA
"2580",3748,3749,"Previous_Irrigation_mm",51.19,1,NA
"2581",3750,3751,"Previous_Irrigation_mm",8.62,1,NA
"2582",3752,3753,"Electrical_Conductivity",1.725,1,NA
"2583",3754,3755,"Previous_Irrigation_mm",13.425,1,NA
"2584",0,0,NA,0,-1,"Medium"
"2585",3756,3757,"Organic_Carbon",1.255,1,NA
"2586",3758,3759,"Region",15,1,NA
"2587",3760,3761,"Wind_Speed_kmh",10.555,1,NA
"2588",3762,3763,"Region",15,1,NA
"2589",3764,3765,"Humidity",63.725,1,NA
"2590",3766,3767,"Season",1,1,NA
"2591",0,0,NA,0,-1,"Medium"
"2592",0,0,NA,0,-1,"Medium"
"2593",3768,3769,"Sunlight_Hours",4.515,1,NA
"2594",0,0,NA,0,-1,"Medium"
"2595",3770,3771,"Season",2,1,NA
"2596",3772,3773,"Field_Area_hectare",0.52,1,NA
"2597",3774,3775,"Humidity",94.765,1,NA
"2598",3776,3777,"Humidity",92.18,1,NA
"2599",0,0,NA,0,-1,"Low"
"2600",3778,3779,"Electrical_Conductivity",2.12,1,NA
"2601",3780,3781,"Electrical_Conductivity",1.485,1,NA
"2602",0,0,NA,0,-1,"Medium"
"2603",3782,3783,"Organic_Carbon",1.295,1,NA
"2604",0,0,NA,0,-1,"Low"
"2605",3784,3785,"Wind_Speed_kmh",15.135,1,NA
"2606",3786,3787,"Temperature_C",29.63,1,NA
"2607",0,0,NA,0,-1,"Low"
"2608",3788,3789,"Wind_Speed_kmh",19.92,1,NA
"2609",3790,3791,"Soil_pH",5.82,1,NA
"2610",3792,3793,"Rainfall_mm",1122.48,1,NA
"2611",3794,3795,"Soil_Moisture",35.015,1,NA
"2612",3796,3797,"Organic_Carbon",0.345,1,NA
"2613",3798,3799,"Sunlight_Hours",4.035,1,NA
"2614",3800,3801,"Rainfall_mm",2364.22,1,NA
"2615",3802,3803,"Temperature_C",31.635,1,NA
"2616",3804,3805,"Temperature_C",35.4,1,NA
"2617",0,0,NA,0,-1,"Low"
"2618",3806,3807,"Sunlight_Hours",10.77,1,NA
"2619",0,0,NA,0,-1,"Low"
"2620",0,0,NA,0,-1,"Medium"
"2621",0,0,NA,0,-1,"Low"
"2622",3808,3809,"Wind_Speed_kmh",12.45,1,NA
"2623",3810,3811,"Previous_Irrigation_mm",100.325,1,NA
"2624",3812,3813,"Crop_Type",2,1,NA
"2625",3814,3815,"Rainfall_mm",397.64,1,NA
"2626",3816,3817,"Organic_Carbon",0.33,1,NA
"2627",3818,3819,"Wind_Speed_kmh",12.35,1,NA
"2628",3820,3821,"Crop_Growth_Stage",2,1,NA
"2629",3822,3823,"Wind_Speed_kmh",19.585,1,NA
"2630",0,0,NA,0,-1,"Medium"
"2631",0,0,NA,0,-1,"Low"
"2632",0,0,NA,0,-1,"Low"
"2633",3824,3825,"Crop_Type",5,1,NA
"2634",3826,3827,"Previous_Irrigation_mm",75.705,1,NA
"2635",3828,3829,"Soil_pH",7.965,1,NA
"2636",3830,3831,"Wind_Speed_kmh",12.28,1,NA
"2637",0,0,NA,0,-1,"Medium"
"2638",3832,3833,"Crop_Growth_Stage",2,1,NA
"2639",0,0,NA,0,-1,"Low"
"2640",0,0,NA,0,-1,"Low"
"2641",0,0,NA,0,-1,"Medium"
"2642",3834,3835,"Crop_Type",16,1,NA
"2643",3836,3837,"Sunlight_Hours",7.625,1,NA
"2644",3838,3839,"Organic_Carbon",1.2,1,NA
"2645",3840,3841,"Electrical_Conductivity",2.295,1,NA
"2646",3842,3843,"Mulching_Used",1,1,NA
"2647",0,0,NA,0,-1,"Medium"
"2648",3844,3845,"Temperature_C",40.56,1,NA
"2649",3846,3847,"Electrical_Conductivity",2.42,1,NA
"2650",0,0,NA,0,-1,"Medium"
"2651",3848,3849,"Soil_Moisture",25.915,1,NA
"2652",0,0,NA,0,-1,"Medium"
"2653",0,0,NA,0,-1,"Low"
"2654",0,0,NA,0,-1,"Medium"
"2655",0,0,NA,0,-1,"Low"
"2656",3850,3851,"Temperature_C",29.315,1,NA
"2657",0,0,NA,0,-1,"Low"
"2658",0,0,NA,0,-1,"Medium"
"2659",3852,3853,"Electrical_Conductivity",1.9,1,NA
"2660",0,0,NA,0,-1,"Medium"
"2661",3854,3855,"Temperature_C",27.855,1,NA
"2662",3856,3857,"Organic_Carbon",1.135,1,NA
"2663",3858,3859,"Organic_Carbon",0.68,1,NA
"2664",0,0,NA,0,-1,"Medium"
"2665",0,0,NA,0,-1,"Low"
"2666",0,0,NA,0,-1,"Low"
"2667",3860,3861,"Field_Area_hectare",9.745,1,NA
"2668",0,0,NA,0,-1,"Medium"
"2669",0,0,NA,0,-1,"Low"
"2670",0,0,NA,0,-1,"Medium"
"2671",0,0,NA,0,-1,"Low"
"2672",0,0,NA,0,-1,"Medium"
"2673",3862,3863,"Organic_Carbon",1.1,1,NA
"2674",3864,3865,"Soil_pH",5.55,1,NA
"2675",0,0,NA,0,-1,"Low"
"2676",0,0,NA,0,-1,"Medium"
"2677",0,0,NA,0,-1,"Low"
"2678",3866,3867,"Rainfall_mm",2492.305,1,NA
"2679",0,0,NA,0,-1,"Low"
"2680",0,0,NA,0,-1,"Medium"
"2681",0,0,NA,0,-1,"Low"
"2682",0,0,NA,0,-1,"Low"
"2683",0,0,NA,0,-1,"Medium"
"2684",0,0,NA,0,-1,"Low"
"2685",3868,3869,"Soil_pH",6.455,1,NA
"2686",3870,3871,"Field_Area_hectare",12.025,1,NA
"2687",0,0,NA,0,-1,"Low"
"2688",3872,3873,"Soil_Moisture",21.575,1,NA
"2689",3874,3875,"Soil_Moisture",26.21,1,NA
"2690",3876,3877,"Mulching_Used",1,1,NA
"2691",0,0,NA,0,-1,"Low"
"2692",0,0,NA,0,-1,"Low"
"2693",3878,3879,"Organic_Carbon",1.325,1,NA
"2694",3880,3881,"Soil_Moisture",21.82,1,NA
"2695",0,0,NA,0,-1,"Medium"
"2696",0,0,NA,0,-1,"High"
"2697",3882,3883,"Electrical_Conductivity",0.425,1,NA
"2698",0,0,NA,0,-1,"High"
"2699",0,0,NA,0,-1,"Medium"
"2700",0,0,NA,0,-1,"High"
"2701",3884,3885,"Previous_Irrigation_mm",30.805,1,NA
"2702",3886,3887,"Rainfall_mm",728.005,1,NA
"2703",0,0,NA,0,-1,"Low"
"2704",0,0,NA,0,-1,"Low"
"2705",0,0,NA,0,-1,"Medium"
"2706",3888,3889,"Electrical_Conductivity",2.68,1,NA
"2707",3890,3891,"Previous_Irrigation_mm",6.975,1,NA
"2708",3892,3893,"Humidity",61.81,1,NA
"2709",3894,3895,"Season",1,1,NA
"2710",0,0,NA,0,-1,"Medium"
"2711",3896,3897,"Soil_Type",4,1,NA
"2712",0,0,NA,0,-1,"Medium"
"2713",3898,3899,"Soil_Moisture",21.45,1,NA
"2714",3900,3901,"Electrical_Conductivity",2.81,1,NA
"2715",3902,3903,"Field_Area_hectare",0.41,1,NA
"2716",3904,3905,"Soil_pH",5.795,1,NA
"2717",3906,3907,"Rainfall_mm",2321.08,1,NA
"2718",0,0,NA,0,-1,"Medium"
"2719",0,0,NA,0,-1,"Low"
"2720",0,0,NA,0,-1,"Medium"
"2721",3908,3909,"Electrical_Conductivity",0.985,1,NA
"2722",3910,3911,"Soil_Moisture",42.55,1,NA
"2723",3912,3913,"Electrical_Conductivity",2.095,1,NA
"2724",3914,3915,"Soil_Moisture",25.375,1,NA
"2725",0,0,NA,0,-1,"Low"
"2726",0,0,NA,0,-1,"Medium"
"2727",3916,3917,"Electrical_Conductivity",2.86,1,NA
"2728",3918,3919,"Soil_Moisture",34.155,1,NA
"2729",3920,3921,"Soil_pH",5.04,1,NA
"2730",3922,3923,"Electrical_Conductivity",1.4,1,NA
"2731",0,0,NA,0,-1,"Medium"
"2732",0,0,NA,0,-1,"Medium"
"2733",0,0,NA,0,-1,"Low"
"2734",3924,3925,"Soil_Moisture",25.405,1,NA
"2735",3926,3927,"Crop_Growth_Stage",1,1,NA
"2736",3928,3929,"Previous_Irrigation_mm",41.53,1,NA
"2737",3930,3931,"Humidity",92.86,1,NA
"2738",3932,3933,"Soil_Moisture",24.995,1,NA
"2739",3934,3935,"Previous_Irrigation_mm",91.83,1,NA
"2740",0,0,NA,0,-1,"Medium"
"2741",3936,3937,"Electrical_Conductivity",3.19,1,NA
"2742",3938,3939,"Rainfall_mm",1583.97,1,NA
"2743",3940,3941,"Soil_pH",8.145,1,NA
"2744",3942,3943,"Crop_Type",16,1,NA
"2745",3944,3945,"Organic_Carbon",1.455,1,NA
"2746",3946,3947,"Soil_pH",5.595,1,NA
"2747",3948,3949,"Wind_Speed_kmh",9.94,1,NA
"2748",3950,3951,"Previous_Irrigation_mm",89.305,1,NA
"2749",3952,3953,"Soil_Moisture",38.865,1,NA
"2750",0,0,NA,0,-1,"High"
"2751",0,0,NA,0,-1,"Medium"
"2752",3954,3955,"Wind_Speed_kmh",1.295,1,NA
"2753",3956,3957,"Wind_Speed_kmh",1.935,1,NA
"2754",3958,3959,"Crop_Type",16,1,NA
"2755",0,0,NA,0,-1,"Low"
"2756",3960,3961,"Water_Source",1,1,NA
"2757",3962,3963,"Humidity",79.005,1,NA
"2758",3964,3965,"Crop_Type",1,1,NA
"2759",3966,3967,"Crop_Type",7,1,NA
"2760",0,0,NA,0,-1,"Medium"
"2761",3968,3969,"Crop_Growth_Stage",1,1,NA
"2762",0,0,NA,0,-1,"Medium"
"2763",3970,3971,"Crop_Type",1,1,NA
"2764",3972,3973,"Humidity",85.975,1,NA
"2765",0,0,NA,0,-1,"Medium"
"2766",3974,3975,"Rainfall_mm",1671.21,1,NA
"2767",3976,3977,"Sunlight_Hours",8.34,1,NA
"2768",3978,3979,"Soil_Moisture",25.05,1,NA
"2769",3980,3981,"Sunlight_Hours",10.365,1,NA
"2770",3982,3983,"Soil_Moisture",25.54,1,NA
"2771",3984,3985,"Humidity",27.795,1,NA
"2772",0,0,NA,0,-1,"Medium"
"2773",3986,3987,"Water_Source",1,1,NA
"2774",0,0,NA,0,-1,"High"
"2775",3988,3989,"Previous_Irrigation_mm",77.97,1,NA
"2776",0,0,NA,0,-1,"High"
"2777",0,0,NA,0,-1,"Medium"
"2778",0,0,NA,0,-1,"Medium"
"2779",0,0,NA,0,-1,"High"
"2780",0,0,NA,0,-1,"Medium"
"2781",3990,3991,"Water_Source",3,1,NA
"2782",3992,3993,"Previous_Irrigation_mm",23.665,1,NA
"2783",3994,3995,"Soil_Moisture",13.35,1,NA
"2784",3996,3997,"Soil_pH",7.4,1,NA
"2785",0,0,NA,0,-1,"High"
"2786",3998,3999,"Irrigation_Type",6,1,NA
"2787",4000,4001,"Crop_Type",15,1,NA
"2788",0,0,NA,0,-1,"High"
"2789",4002,4003,"Wind_Speed_kmh",19.365,1,NA
"2790",4004,4005,"Wind_Speed_kmh",11.51,1,NA
"2791",0,0,NA,0,-1,"High"
"2792",4006,4007,"Humidity",28.78,1,NA
"2793",4008,4009,"Soil_Moisture",11.555,1,NA
"2794",4010,4011,"Temperature_C",27.985,1,NA
"2795",4012,4013,"Soil_pH",8.095,1,NA
"2796",4014,4015,"Region",9,1,NA
"2797",0,0,NA,0,-1,"Medium"
"2798",0,0,NA,0,-1,"Medium"
"2799",0,0,NA,0,-1,"High"
"2800",4016,4017,"Soil_Type",2,1,NA
"2801",4018,4019,"Region",1,1,NA
"2802",4020,4021,"Electrical_Conductivity",0.54,1,NA
"2803",4022,4023,"Region",14,1,NA
"2804",0,0,NA,0,-1,"High"
"2805",4024,4025,"Humidity",79.69,1,NA
"2806",4026,4027,"Humidity",51.995,1,NA
"2807",4028,4029,"Electrical_Conductivity",1.155,1,NA
"2808",4030,4031,"Previous_Irrigation_mm",99.97,1,NA
"2809",4032,4033,"Organic_Carbon",0.555,1,NA
"2810",0,0,NA,0,-1,"Medium"
"2811",4034,4035,"Rainfall_mm",760.045,1,NA
"2812",4036,4037,"Wind_Speed_kmh",15.295,1,NA
"2813",4038,4039,"Sunlight_Hours",5.805,1,NA
"2814",0,0,NA,0,-1,"Medium"
"2815",0,0,NA,0,-1,"High"
"2816",4040,4041,"Soil_Moisture",23.81,1,NA
"2817",0,0,NA,0,-1,"High"
"2818",0,0,NA,0,-1,"High"
"2819",0,0,NA,0,-1,"Medium"
"2820",4042,4043,"Soil_Moisture",24.91,1,NA
"2821",0,0,NA,0,-1,"High"
"2822",4044,4045,"Previous_Irrigation_mm",75.455,1,NA
"2823",0,0,NA,0,-1,"Medium"
"2824",0,0,NA,0,-1,"High"
"2825",4046,4047,"Soil_pH",7.935,1,NA
"2826",4048,4049,"Sunlight_Hours",7.17,1,NA
"2827",4050,4051,"Soil_Moisture",18.325,1,NA
"2828",4052,4053,"Wind_Speed_kmh",19.225,1,NA
"2829",4054,4055,"Humidity",89.245,1,NA
"2830",0,0,NA,0,-1,"Medium"
"2831",4056,4057,"Electrical_Conductivity",2.83,1,NA
"2832",0,0,NA,0,-1,"Medium"
"2833",4058,4059,"Soil_Moisture",24.13,1,NA
"2834",0,0,NA,0,-1,"High"
"2835",0,0,NA,0,-1,"Medium"
"2836",0,0,NA,0,-1,"High"
"2837",0,0,NA,0,-1,"Medium"
"2838",4060,4061,"Electrical_Conductivity",3.475,1,NA
"2839",0,0,NA,0,-1,"Medium"
"2840",4062,4063,"Soil_pH",7.695,1,NA
"2841",4064,4065,"Sunlight_Hours",10.52,1,NA
"2842",4066,4067,"Region",2,1,NA
"2843",0,0,NA,0,-1,"Medium"
"2844",0,0,NA,0,-1,"Medium"
"2845",4068,4069,"Electrical_Conductivity",2.53,1,NA
"2846",0,0,NA,0,-1,"High"
"2847",0,0,NA,0,-1,"Medium"
"2848",0,0,NA,0,-1,"Medium"
"2849",0,0,NA,0,-1,"High"
"2850",0,0,NA,0,-1,"High"
"2851",0,0,NA,0,-1,"Medium"
"2852",0,0,NA,0,-1,"High"
"2853",0,0,NA,0,-1,"Medium"
"2854",0,0,NA,0,-1,"High"
"2855",0,0,NA,0,-1,"Medium"
"2856",0,0,NA,0,-1,"Medium"
"2857",0,0,NA,0,-1,"High"
"2858",4070,4071,"Soil_pH",5.28,1,NA
"2859",4072,4073,"Sunlight_Hours",4.14,1,NA
"2860",4074,4075,"Soil_Moisture",35.54,1,NA
"2861",4076,4077,"Electrical_Conductivity",3.345,1,NA
"2862",4078,4079,"Season",3,1,NA
"2863",4080,4081,"Water_Source",1,1,NA
"2864",4082,4083,"Electrical_Conductivity",3.425,1,NA
"2865",4084,4085,"Soil_pH",5.995,1,NA
"2866",0,0,NA,0,-1,"Low"
"2867",0,0,NA,0,-1,"Medium"
"2868",0,0,NA,0,-1,"Medium"
"2869",4086,4087,"Season",3,1,NA
"2870",0,0,NA,0,-1,"High"
"2871",0,0,NA,0,-1,"Medium"
"2872",0,0,NA,0,-1,"Medium"
"2873",4088,4089,"Organic_Carbon",0.93,1,NA
"2874",4090,4091,"Humidity",40.55,1,NA
"2875",0,0,NA,0,-1,"High"
"2876",4092,4093,"Field_Area_hectare",7.48,1,NA
"2877",4094,4095,"Temperature_C",38.75,1,NA
"2878",4096,4097,"Organic_Carbon",0.645,1,NA
"2879",0,0,NA,0,-1,"Medium"
"2880",0,0,NA,0,-1,"Low"
"2881",4098,4099,"Soil_Moisture",62.315,1,NA
"2882",4100,4101,"Region",4,1,NA
"2883",4102,4103,"Soil_Moisture",11.45,1,NA
"2884",4104,4105,"Temperature_C",31.94,1,NA
"2885",4106,4107,"Soil_Type",4,1,NA
"2886",4108,4109,"Soil_Type",1,1,NA
"2887",0,0,NA,0,-1,"High"
"2888",0,0,NA,0,-1,"Medium"
"2889",0,0,NA,0,-1,"High"
"2890",4110,4111,"Soil_Moisture",15.52,1,NA
"2891",4112,4113,"Soil_Type",3,1,NA
"2892",4114,4115,"Field_Area_hectare",3.73,1,NA
"2893",4116,4117,"Electrical_Conductivity",2.665,1,NA
"2894",4118,4119,"Humidity",32.095,1,NA
"2895",0,0,NA,0,-1,"Medium"
"2896",0,0,NA,0,-1,"Medium"
"2897",4120,4121,"Sunlight_Hours",4.745,1,NA
"2898",0,0,NA,0,-1,"Medium"
"2899",0,0,NA,0,-1,"Low"
"2900",4122,4123,"Soil_Moisture",58.61,1,NA
"2901",0,0,NA,0,-1,"Medium"
"2902",4124,4125,"Sunlight_Hours",9.37,1,NA
"2903",4126,4127,"Electrical_Conductivity",1.31,1,NA
"2904",4128,4129,"Rainfall_mm",221.88,1,NA
"2905",4130,4131,"Soil_Moisture",59.14,1,NA
"2906",0,0,NA,0,-1,"Medium"
"2907",0,0,NA,0,-1,"High"
"2908",0,0,NA,0,-1,"Medium"
"2909",0,0,NA,0,-1,"High"
"2910",4132,4133,"Wind_Speed_kmh",9.79,1,NA
"2911",4134,4135,"Soil_Moisture",8.675,1,NA
"2912",4136,4137,"Rainfall_mm",409.145,1,NA
"2913",4138,4139,"Rainfall_mm",390.52,1,NA
"2914",0,0,NA,0,-1,"High"
"2915",0,0,NA,0,-1,"Medium"
"2916",0,0,NA,0,-1,"High"
"2917",0,0,NA,0,-1,"Medium"
"2918",0,0,NA,0,-1,"Medium"
"2919",4140,4141,"Rainfall_mm",159.675,1,NA
"2920",0,0,NA,0,-1,"Medium"
"2921",0,0,NA,0,-1,"High"
"2922",0,0,NA,0,-1,"Medium"
"2923",4142,4143,"Field_Area_hectare",12.415,1,NA
"2924",4144,4145,"Electrical_Conductivity",2.88,1,NA
"2925",4146,4147,"Wind_Speed_kmh",1.93,1,NA
"2926",0,0,NA,0,-1,"Medium"
"2927",0,0,NA,0,-1,"High"
"2928",0,0,NA,0,-1,"High"
"2929",0,0,NA,0,-1,"Medium"
"2930",4148,4149,"Humidity",25.94,1,NA
"2931",0,0,NA,0,-1,"High"
"2932",4150,4151,"Organic_Carbon",0.315,1,NA
"2933",4152,4153,"Region",12,1,NA
"2934",4154,4155,"Electrical_Conductivity",0.245,1,NA
"2935",4156,4157,"Organic_Carbon",1.51,1,NA
"2936",4158,4159,"Humidity",83.945,1,NA
"2937",4160,4161,"Sunlight_Hours",5.35,1,NA
"2938",4162,4163,"Irrigation_Type",1,1,NA
"2939",4164,4165,"Field_Area_hectare",12.545,1,NA
"2940",4166,4167,"Organic_Carbon",0.505,1,NA
"2941",0,0,NA,0,-1,"High"
"2942",0,0,NA,0,-1,"Medium"
"2943",0,0,NA,0,-1,"High"
"2944",0,0,NA,0,-1,"Medium"
"2945",4168,4169,"Field_Area_hectare",6.065,1,NA
"2946",0,0,NA,0,-1,"High"
"2947",0,0,NA,0,-1,"Medium"
"2948",4170,4171,"Humidity",32.095,1,NA
"2949",4172,4173,"Soil_Moisture",32.98,1,NA
"2950",4174,4175,"Previous_Irrigation_mm",27.525,1,NA
"2951",4176,4177,"Sunlight_Hours",7.855,1,NA
"2952",0,0,NA,0,-1,"High"
"2953",4178,4179,"Crop_Type",12,1,NA
"2954",4180,4181,"Field_Area_hectare",12.85,1,NA
"2955",4182,4183,"Previous_Irrigation_mm",2.455,1,NA
"2956",4184,4185,"Previous_Irrigation_mm",81.995,1,NA
"2957",0,0,NA,0,-1,"Medium"
"2958",4186,4187,"Rainfall_mm",227.92,1,NA
"2959",4188,4189,"Soil_Moisture",51.86,1,NA
"2960",0,0,NA,0,-1,"Medium"
"2961",4190,4191,"Wind_Speed_kmh",17.44,1,NA
"2962",4192,4193,"Temperature_C",40.965,1,NA
"2963",4194,4195,"Soil_Moisture",64.815,1,NA
"2964",4196,4197,"Soil_Type",1,1,NA
"2965",0,0,NA,0,-1,"Medium"
"2966",4198,4199,"Crop_Growth_Stage",1,1,NA
"2967",4200,4201,"Electrical_Conductivity",0.705,1,NA
"2968",4202,4203,"Season",1,1,NA
"2969",0,0,NA,0,-1,"Medium"
"2970",4204,4205,"Previous_Irrigation_mm",43.655,1,NA
"2971",0,0,NA,0,-1,"Medium"
"2972",0,0,NA,0,-1,"Medium"
"2973",0,0,NA,0,-1,"High"
"2974",0,0,NA,0,-1,"Medium"
"2975",4206,4207,"Soil_pH",7.6,1,NA
"2976",4208,4209,"Electrical_Conductivity",1.035,1,NA
"2977",0,0,NA,0,-1,"Medium"
"2978",0,0,NA,0,-1,"Medium"
"2979",4210,4211,"Wind_Speed_kmh",2.135,1,NA
"2980",4212,4213,"Rainfall_mm",892.7,1,NA
"2981",0,0,NA,0,-1,"Medium"
"2982",4214,4215,"Humidity",72.675,1,NA
"2983",4216,4217,"Soil_Type",2,1,NA
"2984",0,0,NA,0,-1,"High"
"2985",0,0,NA,0,-1,"Medium"
"2986",0,0,NA,0,-1,"Medium"
"2987",0,0,NA,0,-1,"High"
"2988",4218,4219,"Sunlight_Hours",7.285,1,NA
"2989",0,0,NA,0,-1,"High"
"2990",4220,4221,"Water_Source",2,1,NA
"2991",0,0,NA,0,-1,"High"
"2992",4222,4223,"Region",6,1,NA
"2993",4224,4225,"Temperature_C",30.145,1,NA
"2994",4226,4227,"Organic_Carbon",0.365,1,NA
"2995",4228,4229,"Wind_Speed_kmh",10.1,1,NA
"2996",0,0,NA,0,-1,"Medium"
"2997",4230,4231,"Previous_Irrigation_mm",61.155,1,NA
"2998",4232,4233,"Wind_Speed_kmh",9.995,1,NA
"2999",4234,4235,"Wind_Speed_kmh",9.995,1,NA
"3000",0,0,NA,0,-1,"High"
"3001",4236,4237,"Soil_Moisture",57.835,1,NA
"3002",0,0,NA,0,-1,"High"
"3003",0,0,NA,0,-1,"Medium"
"3004",4238,4239,"Sunlight_Hours",8.13,1,NA
"3005",0,0,NA,0,-1,"Medium"
"3006",4240,4241,"Rainfall_mm",223.195,1,NA
"3007",4242,4243,"Soil_Type",1,1,NA
"3008",4244,4245,"Wind_Speed_kmh",19.605,1,NA
"3009",4246,4247,"Wind_Speed_kmh",12.38,1,NA
"3010",0,0,NA,0,-1,"High"
"3011",0,0,NA,0,-1,"Medium"
"3012",4248,4249,"Wind_Speed_kmh",1.99,1,NA
"3013",4250,4251,"Sunlight_Hours",10.025,1,NA
"3014",0,0,NA,0,-1,"Medium"
"3015",0,0,NA,0,-1,"High"
"3016",4252,4253,"Sunlight_Hours",9.245,1,NA
"3017",0,0,NA,0,-1,"Medium"
"3018",4254,4255,"Field_Area_hectare",13.01,1,NA
"3019",4256,4257,"Field_Area_hectare",9.915,1,NA
"3020",4258,4259,"Field_Area_hectare",2.785,1,NA
"3021",4260,4261,"Temperature_C",30.405,1,NA
"3022",0,0,NA,0,-1,"Medium"
"3023",0,0,NA,0,-1,"High"
"3024",4262,4263,"Soil_Moisture",61.825,1,NA
"3025",4264,4265,"Wind_Speed_kmh",14.625,1,NA
"3026",0,0,NA,0,-1,"High"
"3027",0,0,NA,0,-1,"Medium"
"3028",4266,4267,"Region",15,1,NA
"3029",4268,4269,"Field_Area_hectare",9.37,1,NA
"3030",0,0,NA,0,-1,"Medium"
"3031",0,0,NA,0,-1,"High"
"3032",4270,4271,"Crop_Type",16,1,NA
"3033",0,0,NA,0,-1,"High"
"3034",4272,4273,"Soil_Moisture",12.365,1,NA
"3035",4274,4275,"Humidity",53.19,1,NA
"3036",4276,4277,"Humidity",54.535,1,NA
"3037",0,0,NA,0,-1,"Medium"
"3038",4278,4279,"Rainfall_mm",1265.67,1,NA
"3039",0,0,NA,0,-1,"Medium"
"3040",4280,4281,"Temperature_C",38.555,1,NA
"3041",4282,4283,"Electrical_Conductivity",1.15,1,NA
"3042",0,0,NA,0,-1,"High"
"3043",0,0,NA,0,-1,"Medium"
"3044",4284,4285,"Rainfall_mm",1342.27,1,NA
"3045",4286,4287,"Soil_Moisture",17.165,1,NA
"3046",4288,4289,"Water_Source",2,1,NA
"3047",4290,4291,"Electrical_Conductivity",0.34,1,NA
"3048",0,0,NA,0,-1,"Medium"
"3049",4292,4293,"Temperature_C",41.84,1,NA
"3050",4294,4295,"Wind_Speed_kmh",9.605,1,NA
"3051",0,0,NA,0,-1,"High"
"3052",0,0,NA,0,-1,"Medium"
"3053",4296,4297,"Electrical_Conductivity",1.085,1,NA
"3054",4298,4299,"Temperature_C",41.4,1,NA
"3055",0,0,NA,0,-1,"Medium"
"3056",0,0,NA,0,-1,"Medium"
"3057",4300,4301,"Temperature_C",39.555,1,NA
"3058",0,0,NA,0,-1,"Medium"
"3059",4302,4303,"Electrical_Conductivity",2.425,1,NA
"3060",0,0,NA,0,-1,"High"
"3061",0,0,NA,0,-1,"Medium"
"3062",0,0,NA,0,-1,"High"
"3063",0,0,NA,0,-1,"Medium"
"3064",4304,4305,"Wind_Speed_kmh",12.12,1,NA
"3065",4306,4307,"Wind_Speed_kmh",10.37,1,NA
"3066",4308,4309,"Field_Area_hectare",10.84,1,NA
"3067",0,0,NA,0,-1,"High"
"3068",0,0,NA,0,-1,"High"
"3069",0,0,NA,0,-1,"Medium"
"3070",4310,4311,"Sunlight_Hours",9.89,1,NA
"3071",0,0,NA,0,-1,"High"
"3072",0,0,NA,0,-1,"High"
"3073",4312,4313,"Soil_Type",1,1,NA
"3074",0,0,NA,0,-1,"Medium"
"3075",0,0,NA,0,-1,"High"
"3076",4314,4315,"Field_Area_hectare",13.82,1,NA
"3077",4316,4317,"Electrical_Conductivity",0.345,1,NA
"3078",0,0,NA,0,-1,"High"
"3079",0,0,NA,0,-1,"Medium"
"3080",0,0,NA,0,-1,"High"
"3081",0,0,NA,0,-1,"Medium"
"3082",4318,4319,"Soil_pH",7.91,1,NA
"3083",0,0,NA,0,-1,"Medium"
"3084",4320,4321,"Field_Area_hectare",1.94,1,NA
"3085",4322,4323,"Organic_Carbon",1.08,1,NA
"3086",4324,4325,"Rainfall_mm",2271.155,1,NA
"3087",0,0,NA,0,-1,"Low"
"3088",4326,4327,"Temperature_C",31.1,1,NA
"3089",4328,4329,"Season",1,1,NA
"3090",0,0,NA,0,-1,"Low"
"3091",0,0,NA,0,-1,"Medium"
"3092",4330,4331,"Wind_Speed_kmh",9.83,1,NA
"3093",4332,4333,"Previous_Irrigation_mm",64.975,1,NA
"3094",4334,4335,"Soil_Moisture",23.895,1,NA
"3095",4336,4337,"Soil_pH",7.195,1,NA
"3096",4338,4339,"Sunlight_Hours",5.47,1,NA
"3097",0,0,NA,0,-1,"Medium"
"3098",4340,4341,"Crop_Growth_Stage",1,1,NA
"3099",0,0,NA,0,-1,"Medium"
"3100",0,0,NA,0,-1,"High"
"3101",4342,4343,"Humidity",64.195,1,NA
"3102",0,0,NA,0,-1,"Medium"
"3103",0,0,NA,0,-1,"High"
"3104",0,0,NA,0,-1,"Medium"
"3105",4344,4345,"Previous_Irrigation_mm",65.325,1,NA
"3106",4346,4347,"Humidity",36.125,1,NA
"3107",0,0,NA,0,-1,"Low"
"3108",4348,4349,"Electrical_Conductivity",0.245,1,NA
"3109",0,0,NA,0,-1,"Medium"
"3110",4350,4351,"Rainfall_mm",2193.39,1,NA
"3111",4352,4353,"Temperature_C",27.735,1,NA
"3112",4354,4355,"Region",4,1,NA
"3113",4356,4357,"Previous_Irrigation_mm",93.455,1,NA
"3114",4358,4359,"Humidity",35.415,1,NA
"3115",4360,4361,"Soil_Moisture",24.995,1,NA
"3116",4362,4363,"Irrigation_Type",1,1,NA
"3117",4364,4365,"Wind_Speed_kmh",3.82,1,NA
"3118",4366,4367,"Rainfall_mm",887.205,1,NA
"3119",4368,4369,"Humidity",59.19,1,NA
"3120",4370,4371,"Water_Source",4,1,NA
"3121",4372,4373,"Previous_Irrigation_mm",107.115,1,NA
"3122",4374,4375,"Soil_Moisture",25.265,1,NA
"3123",0,0,NA,0,-1,"Low"
"3124",4376,4377,"Sunlight_Hours",5.105,1,NA
"3125",4378,4379,"Region",15,1,NA
"3126",4380,4381,"Temperature_C",15.29,1,NA
"3127",4382,4383,"Water_Source",2,1,NA
"3128",0,0,NA,0,-1,"Medium"
"3129",4384,4385,"Soil_Type",5,1,NA
"3130",0,0,NA,0,-1,"Medium"
"3131",4386,4387,"Humidity",83.605,1,NA
"3132",4388,4389,"Wind_Speed_kmh",2.595,1,NA
"3133",4390,4391,"Humidity",32.08,1,NA
"3134",0,0,NA,0,-1,"Medium"
"3135",4392,4393,"Soil_Moisture",21.28,1,NA
"3136",0,0,NA,0,-1,"High"
"3137",4394,4395,"Temperature_C",39.495,1,NA
"3138",0,0,NA,0,-1,"High"
"3139",4396,4397,"Soil_Type",7,1,NA
"3140",4398,4399,"Sunlight_Hours",5.41,1,NA
"3141",0,0,NA,0,-1,"High"
"3142",4400,4401,"Rainfall_mm",137.365,1,NA
"3143",4402,4403,"Humidity",70.435,1,NA
"3144",0,0,NA,0,-1,"Medium"
"3145",0,0,NA,0,-1,"High"
"3146",0,0,NA,0,-1,"Low"
"3147",0,0,NA,0,-1,"Medium"
"3148",4404,4405,"Wind_Speed_kmh",3.345,1,NA
"3149",0,0,NA,0,-1,"Medium"
"3150",4406,4407,"Electrical_Conductivity",0.27,1,NA
"3151",4408,4409,"Rainfall_mm",2187.355,1,NA
"3152",4410,4411,"Previous_Irrigation_mm",101.94,1,NA
"3153",4412,4413,"Electrical_Conductivity",1.11,1,NA
"3154",4414,4415,"Soil_Moisture",48.735,1,NA
"3155",4416,4417,"Humidity",37.105,1,NA
"3156",0,0,NA,0,-1,"Medium"
"3157",4418,4419,"Temperature_C",32.78,1,NA
"3158",4420,4421,"Region",1,1,NA
"3159",4422,4423,"Soil_Moisture",28.895,1,NA
"3160",4424,4425,"Soil_pH",5.605,1,NA
"3161",4426,4427,"Wind_Speed_kmh",0.835,1,NA
"3162",4428,4429,"Irrigation_Type",1,1,NA
"3163",4430,4431,"Soil_Moisture",25.95,1,NA
"3164",4432,4433,"Soil_Moisture",19.67,1,NA
"3165",0,0,NA,0,-1,"Medium"
"3166",4434,4435,"Previous_Irrigation_mm",106.43,1,NA
"3167",4436,4437,"Season",1,1,NA
"3168",4438,4439,"Temperature_C",35.035,1,NA
"3169",4440,4441,"Organic_Carbon",1.465,1,NA
"3170",4442,4443,"Rainfall_mm",2270.56,1,NA
"3171",4444,4445,"Sunlight_Hours",4.055,1,NA
"3172",0,0,NA,0,-1,"Medium"
"3173",4446,4447,"Soil_Moisture",26.625,1,NA
"3174",0,0,NA,0,-1,"Medium"
"3175",4448,4449,"Field_Area_hectare",13.96,1,NA
"3176",0,0,NA,0,-1,"Medium"
"3177",4450,4451,"Field_Area_hectare",1.125,1,NA
"3178",4452,4453,"Water_Source",4,1,NA
"3179",4454,4455,"Sunlight_Hours",4.085,1,NA
"3180",4456,4457,"Field_Area_hectare",4.035,1,NA
"3181",4458,4459,"Humidity",50.755,1,NA
"3182",0,0,NA,0,-1,"Medium"
"3183",4460,4461,"Previous_Irrigation_mm",39.64,1,NA
"3184",0,0,NA,0,-1,"High"
"3185",0,0,NA,0,-1,"Medium"
"3186",4462,4463,"Sunlight_Hours",10.21,1,NA
"3187",4464,4465,"Electrical_Conductivity",1.815,1,NA
"3188",4466,4467,"Temperature_C",31.675,1,NA
"3189",4468,4469,"Organic_Carbon",0.345,1,NA
"3190",4470,4471,"Sunlight_Hours",9.01,1,NA
"3191",0,0,NA,0,-1,"High"
"3192",0,0,NA,0,-1,"Medium"
"3193",4472,4473,"Soil_pH",7.79,1,NA
"3194",4474,4475,"Season",2,1,NA
"3195",0,0,NA,0,-1,"High"
"3196",0,0,NA,0,-1,"Medium"
"3197",0,0,NA,0,-1,"High"
"3198",4476,4477,"Season",1,1,NA
"3199",4478,4479,"Temperature_C",33.49,1,NA
"3200",0,0,NA,0,-1,"Medium"
"3201",0,0,NA,0,-1,"High"
"3202",0,0,NA,0,-1,"High"
"3203",0,0,NA,0,-1,"Medium"
"3204",0,0,NA,0,-1,"Medium"
"3205",4480,4481,"Temperature_C",24.625,1,NA
"3206",0,0,NA,0,-1,"High"
"3207",4482,4483,"Electrical_Conductivity",2.085,1,NA
"3208",4484,4485,"Sunlight_Hours",5.045,1,NA
"3209",4486,4487,"Sunlight_Hours",5.075,1,NA
"3210",0,0,NA,0,-1,"High"
"3211",0,0,NA,0,-1,"Medium"
"3212",4488,4489,"Wind_Speed_kmh",10.83,1,NA
"3213",4490,4491,"Field_Area_hectare",13.515,1,NA
"3214",4492,4493,"Soil_pH",7.815,1,NA
"3215",4494,4495,"Soil_pH",7.055,1,NA
"3216",0,0,NA,0,-1,"High"
"3217",0,0,NA,0,-1,"Medium"
"3218",4496,4497,"Electrical_Conductivity",0.96,1,NA
"3219",4498,4499,"Water_Source",7,1,NA
"3220",0,0,NA,0,-1,"Medium"
"3221",0,0,NA,0,-1,"High"
"3222",0,0,NA,0,-1,"Medium"
"3223",0,0,NA,0,-1,"High"
"3224",0,0,NA,0,-1,"Low"
"3225",4500,4501,"Organic_Carbon",0.87,1,NA
"3226",4502,4503,"Soil_Type",7,1,NA
"3227",4504,4505,"Previous_Irrigation_mm",11.665,1,NA
"3228",0,0,NA,0,-1,"Low"
"3229",0,0,NA,0,-1,"Medium"
"3230",4506,4507,"Soil_Moisture",33.875,1,NA
"3231",0,0,NA,0,-1,"Low"
"3232",4508,4509,"Water_Source",4,1,NA
"3233",0,0,NA,0,-1,"Low"
"3234",4510,4511,"Rainfall_mm",2330.75,1,NA
"3235",4512,4513,"Organic_Carbon",1.515,1,NA
"3236",4514,4515,"Organic_Carbon",1.585,1,NA
"3237",4516,4517,"Previous_Irrigation_mm",81.07,1,NA
"3238",0,0,NA,0,-1,"Medium"
"3239",4518,4519,"Soil_Moisture",23.885,1,NA
"3240",0,0,NA,0,-1,"Medium"
"3241",4520,4521,"Humidity",89.13,1,NA
"3242",4522,4523,"Humidity",70.96,1,NA
"3243",4524,4525,"Soil_Type",6,1,NA
"3244",4526,4527,"Crop_Growth_Stage",1,1,NA
"3245",4528,4529,"Region",12,1,NA
"3246",4530,4531,"Previous_Irrigation_mm",115.755,1,NA
"3247",4532,4533,"Sunlight_Hours",5.36,1,NA
"3248",4534,4535,"Electrical_Conductivity",0.225,1,NA
"3249",4536,4537,"Irrigation_Type",6,1,NA
"3250",4538,4539,"Previous_Irrigation_mm",46.78,1,NA
"3251",4540,4541,"Sunlight_Hours",9.015,1,NA
"3252",0,0,NA,0,-1,"Medium"
"3253",4542,4543,"Rainfall_mm",561.935,1,NA
"3254",4544,4545,"Sunlight_Hours",10.255,1,NA
"3255",4546,4547,"Crop_Type",2,1,NA
"3256",4548,4549,"Rainfall_mm",2373.615,1,NA
"3257",4550,4551,"Temperature_C",29.005,1,NA
"3258",4552,4553,"Soil_Type",2,1,NA
"3259",4554,4555,"Humidity",90.87,1,NA
"3260",4556,4557,"Soil_pH",4.925,1,NA
"3261",4558,4559,"Rainfall_mm",437.63,1,NA
"3262",4560,4561,"Soil_Moisture",25.815,1,NA
"3263",4562,4563,"Irrigation_Type",6,1,NA
"3264",0,0,NA,0,-1,"Medium"
"3265",4564,4565,"Temperature_C",26.37,1,NA
"3266",4566,4567,"Sunlight_Hours",10.925,1,NA
"3267",4568,4569,"Season",2,1,NA
"3268",0,0,NA,0,-1,"High"
"3269",4570,4571,"Organic_Carbon",0.925,1,NA
"3270",4572,4573,"Organic_Carbon",0.315,1,NA
"3271",4574,4575,"Humidity",53.11,1,NA
"3272",0,0,NA,0,-1,"Medium"
"3273",0,0,NA,0,-1,"High"
"3274",4576,4577,"Rainfall_mm",717.41,1,NA
"3275",4578,4579,"Field_Area_hectare",14.605,1,NA
"3276",4580,4581,"Irrigation_Type",2,1,NA
"3277",0,0,NA,0,-1,"Medium"
"3278",0,0,NA,0,-1,"Medium"
"3279",4582,4583,"Soil_Type",4,1,NA
"3280",4584,4585,"Irrigation_Type",1,1,NA
"3281",4586,4587,"Rainfall_mm",653.01,1,NA
"3282",4588,4589,"Soil_Moisture",35.435,1,NA
"3283",0,0,NA,0,-1,"Medium"
"3284",0,0,NA,0,-1,"Medium"
"3285",4590,4591,"Region",4,1,NA
"3286",4592,4593,"Temperature_C",38.595,1,NA
"3287",4594,4595,"Humidity",80.025,1,NA
"3288",0,0,NA,0,-1,"Medium"
"3289",4596,4597,"Humidity",67.51,1,NA
"3290",4598,4599,"Electrical_Conductivity",0.19,1,NA
"3291",4600,4601,"Water_Source",7,1,NA
"3292",0,0,NA,0,-1,"Low"
"3293",4602,4603,"Previous_Irrigation_mm",0.985,1,NA
"3294",4604,4605,"Previous_Irrigation_mm",28.845,1,NA
"3295",0,0,NA,0,-1,"Medium"
"3296",0,0,NA,0,-1,"Medium"
"3297",0,0,NA,0,-1,"High"
"3298",0,0,NA,0,-1,"Medium"
"3299",4606,4607,"Sunlight_Hours",5.735,1,NA
"3300",4608,4609,"Soil_pH",7.825,1,NA
"3301",0,0,NA,0,-1,"Medium"
"3302",0,0,NA,0,-1,"Medium"
"3303",4610,4611,"Temperature_C",41.11,1,NA
"3304",0,0,NA,0,-1,"Low"
"3305",0,0,NA,0,-1,"Medium"
"3306",0,0,NA,0,-1,"Low"
"3307",4612,4613,"Rainfall_mm",1666.875,1,NA
"3308",0,0,NA,0,-1,"Medium"
"3309",0,0,NA,0,-1,"Low"
"3310",4614,4615,"Soil_Moisture",26.99,1,NA
"3311",4616,4617,"Soil_pH",7.5,1,NA
"3312",4618,4619,"Soil_Moisture",50.07,1,NA
"3313",0,0,NA,0,-1,"Medium"
"3314",0,0,NA,0,-1,"Low"
"3315",4620,4621,"Wind_Speed_kmh",9.92,1,NA
"3316",4622,4623,"Region",2,1,NA
"3317",4624,4625,"Wind_Speed_kmh",10.195,1,NA
"3318",4626,4627,"Wind_Speed_kmh",10.05,1,NA
"3319",0,0,NA,0,-1,"Low"
"3320",4628,4629,"Soil_pH",7.395,1,NA
"3321",4630,4631,"Irrigation_Type",2,1,NA
"3322",4632,4633,"Sunlight_Hours",5.23,1,NA
"3323",4634,4635,"Humidity",91.31,1,NA
"3324",0,0,NA,0,-1,"Medium"
"3325",4636,4637,"Organic_Carbon",1.555,1,NA
"3326",4638,4639,"Humidity",94.11,1,NA
"3327",0,0,NA,0,-1,"Medium"
"3328",4640,4641,"Temperature_C",31.8,1,NA
"3329",4642,4643,"Electrical_Conductivity",3.475,1,NA
"3330",0,0,NA,0,-1,"Low"
"3331",0,0,NA,0,-1,"Medium"
"3332",4644,4645,"Sunlight_Hours",10.895,1,NA
"3333",4646,4647,"Sunlight_Hours",4.52,1,NA
"3334",0,0,NA,0,-1,"Low"
"3335",0,0,NA,0,-1,"Medium"
"3336",4648,4649,"Soil_Moisture",63.905,1,NA
"3337",4650,4651,"Soil_Moisture",64.355,1,NA
"3338",0,0,NA,0,-1,"High"
"3339",0,0,NA,0,-1,"Medium"
"3340",0,0,NA,0,-1,"Low"
"3341",0,0,NA,0,-1,"High"
"3342",0,0,NA,0,-1,"Low"
"3343",0,0,NA,0,-1,"Medium"
"3344",4652,4653,"Previous_Irrigation_mm",40.91,1,NA
"3345",4654,4655,"Mulching_Used",1,1,NA
"3346",0,0,NA,0,-1,"Low"
"3347",0,0,NA,0,-1,"Medium"
"3348",4656,4657,"Field_Area_hectare",14.965,1,NA
"3349",4658,4659,"Mulching_Used",1,1,NA
"3350",4660,4661,"Mulching_Used",1,1,NA
"3351",4662,4663,"Irrigation_Type",5,1,NA
"3352",4664,4665,"Soil_Moisture",10.44,1,NA
"3353",0,0,NA,0,-1,"Medium"
"3354",0,0,NA,0,-1,"Low"
"3355",4666,4667,"Temperature_C",18.585,1,NA
"3356",0,0,NA,0,-1,"Medium"
"3357",0,0,NA,0,-1,"Low"
"3358",4668,4669,"Temperature_C",16.08,1,NA
"3359",0,0,NA,0,-1,"Medium"
"3360",0,0,NA,0,-1,"Low"
"3361",0,0,NA,0,-1,"Medium"
"3362",4670,4671,"Organic_Carbon",0.91,1,NA
"3363",4672,4673,"Electrical_Conductivity",0.35,1,NA
"3364",4674,4675,"Soil_pH",7.575,1,NA
"3365",4676,4677,"Irrigation_Type",4,1,NA
"3366",0,0,NA,0,-1,"Medium"
"3367",4678,4679,"Electrical_Conductivity",2.415,1,NA
"3368",4680,4681,"Humidity",33.045,1,NA
"3369",4682,4683,"Region",7,1,NA
"3370",4684,4685,"Organic_Carbon",1.465,1,NA
"3371",4686,4687,"Wind_Speed_kmh",4.19,1,NA
"3372",4688,4689,"Organic_Carbon",0.735,1,NA
"3373",4690,4691,"Rainfall_mm",646.975,1,NA
"3374",4692,4693,"Soil_Moisture",22.065,1,NA
"3375",4694,4695,"Rainfall_mm",2499.215,1,NA
"3376",0,0,NA,0,-1,"Low"
"3377",4696,4697,"Sunlight_Hours",5.49,1,NA
"3378",0,0,NA,0,-1,"Low"
"3379",4698,4699,"Crop_Type",4,1,NA
"3380",0,0,NA,0,-1,"Medium"
"3381",0,0,NA,0,-1,"Low"
"3382",4700,4701,"Previous_Irrigation_mm",99.815,1,NA
"3383",4702,4703,"Rainfall_mm",860.42,1,NA
"3384",0,0,NA,0,-1,"Low"
"3385",0,0,NA,0,-1,"Medium"
"3386",0,0,NA,0,-1,"Low"
"3387",4704,4705,"Soil_pH",5.24,1,NA
"3388",0,0,NA,0,-1,"Medium"
"3389",4706,4707,"Organic_Carbon",1.165,1,NA
"3390",0,0,NA,0,-1,"Low"
"3391",4708,4709,"Soil_pH",6.92,1,NA
"3392",4710,4711,"Field_Area_hectare",11.885,1,NA
"3393",0,0,NA,0,-1,"Low"
"3394",0,0,NA,0,-1,"Medium"
"3395",0,0,NA,0,-1,"Low"
"3396",4712,4713,"Electrical_Conductivity",1.425,1,NA
"3397",0,0,NA,0,-1,"Medium"
"3398",4714,4715,"Region",1,1,NA
"3399",4716,4717,"Wind_Speed_kmh",3.52,1,NA
"3400",0,0,NA,0,-1,"Medium"
"3401",4718,4719,"Previous_Irrigation_mm",82.69,1,NA
"3402",0,0,NA,0,-1,"Medium"
"3403",0,0,NA,0,-1,"Low"
"3404",0,0,NA,0,-1,"Low"
"3405",4720,4721,"Rainfall_mm",2479.095,1,NA
"3406",4722,4723,"Rainfall_mm",482.88,1,NA
"3407",4724,4725,"Temperature_C",33.95,1,NA
"3408",4726,4727,"Organic_Carbon",1.495,1,NA
"3409",4728,4729,"Electrical_Conductivity",0.64,1,NA
"3410",4730,4731,"Humidity",30.45,1,NA
"3411",4732,4733,"Soil_pH",7.915,1,NA
"3412",4734,4735,"Rainfall_mm",2471.7,1,NA
"3413",4736,4737,"Region",3,1,NA
"3414",4738,4739,"Electrical_Conductivity",0.84,1,NA
"3415",4740,4741,"Crop_Type",17,1,NA
"3416",4742,4743,"Region",4,1,NA
"3417",0,0,NA,0,-1,"Medium"
"3418",4744,4745,"Soil_Moisture",20.825,1,NA
"3419",4746,4747,"Previous_Irrigation_mm",74.54,1,NA
"3420",4748,4749,"Humidity",58.56,1,NA
"3421",4750,4751,"Soil_Moisture",10.68,1,NA
"3422",4752,4753,"Humidity",33.865,1,NA
"3423",4754,4755,"Previous_Irrigation_mm",109.535,1,NA
"3424",4756,4757,"Sunlight_Hours",10.96,1,NA
"3425",4758,4759,"Organic_Carbon",0.455,1,NA
"3426",4760,4761,"Rainfall_mm",677.655,1,NA
"3427",4762,4763,"Organic_Carbon",1.57,1,NA
"3428",0,0,NA,0,-1,"Medium"
"3429",0,0,NA,0,-1,"Low"
"3430",4764,4765,"Soil_Moisture",24.355,1,NA
"3431",4766,4767,"Rainfall_mm",219.515,1,NA
"3432",4768,4769,"Temperature_C",41.3,1,NA
"3433",4770,4771,"Electrical_Conductivity",3.02,1,NA
"3434",0,0,NA,0,-1,"Medium"
"3435",0,0,NA,0,-1,"Low"
"3436",0,0,NA,0,-1,"Medium"
"3437",4772,4773,"Sunlight_Hours",10.13,1,NA
"3438",0,0,NA,0,-1,"Medium"
"3439",4774,4775,"Soil_Type",4,1,NA
"3440",0,0,NA,0,-1,"Medium"
"3441",0,0,NA,0,-1,"Low"
"3442",4776,4777,"Region",2,1,NA
"3443",0,0,NA,0,-1,"Medium"
"3444",0,0,NA,0,-1,"Medium"
"3445",4778,4779,"Humidity",83.16,1,NA
"3446",4780,4781,"Soil_pH",5.105,1,NA
"3447",4782,4783,"Humidity",38.705,1,NA
"3448",4784,4785,"Previous_Irrigation_mm",56.62,1,NA
"3449",0,0,NA,0,-1,"Medium"
"3450",4786,4787,"Electrical_Conductivity",0.42,1,NA
"3451",4788,4789,"Rainfall_mm",2083.025,1,NA
"3452",4790,4791,"Organic_Carbon",1.5,1,NA
"3453",4792,4793,"Electrical_Conductivity",1.325,1,NA
"3454",4794,4795,"Humidity",64.845,1,NA
"3455",4796,4797,"Electrical_Conductivity",1.855,1,NA
"3456",4798,4799,"Organic_Carbon",0.69,1,NA
"3457",4800,4801,"Rainfall_mm",328.195,1,NA
"3458",0,0,NA,0,-1,"Low"
"3459",4802,4803,"Soil_pH",6.875,1,NA
"3460",4804,4805,"Temperature_C",40.24,1,NA
"3461",4806,4807,"Wind_Speed_kmh",0.715,1,NA
"3462",0,0,NA,0,-1,"Medium"
"3463",0,0,NA,0,-1,"Low"
"3464",0,0,NA,0,-1,"Low"
"3465",4808,4809,"Rainfall_mm",2303.705,1,NA
"3466",0,0,NA,0,-1,"Medium"
"3467",0,0,NA,0,-1,"Low"
"3468",4810,4811,"Sunlight_Hours",10.73,1,NA
"3469",4812,4813,"Field_Area_hectare",14.795,1,NA
"3470",4814,4815,"Temperature_C",35.43,1,NA
"3471",0,0,NA,0,-1,"Medium"
"3472",0,0,NA,0,-1,"Medium"
"3473",0,0,NA,0,-1,"Low"
"3474",0,0,NA,0,-1,"Low"
"3475",4816,4817,"Region",1,1,NA
"3476",0,0,NA,0,-1,"Low"
"3477",0,0,NA,0,-1,"Medium"
"3478",0,0,NA,0,-1,"Medium"
"3479",0,0,NA,0,-1,"Low"
"3480",0,0,NA,0,-1,"Low"
"3481",0,0,NA,0,-1,"Medium"
"3482",4818,4819,"Temperature_C",12.545,1,NA
"3483",4820,4821,"Soil_Type",1,1,NA
"3484",0,0,NA,0,-1,"Low"
"3485",0,0,NA,0,-1,"Medium"
"3486",0,0,NA,0,-1,"Medium"
"3487",0,0,NA,0,-1,"Low"
"3488",0,0,NA,0,-1,"Medium"
"3489",4822,4823,"Crop_Type",16,1,NA
"3490",4824,4825,"Soil_Moisture",29.245,1,NA
"3491",4826,4827,"Humidity",53.22,1,NA
"3492",4828,4829,"Region",1,1,NA
"3493",0,0,NA,0,-1,"Low"
"3494",4830,4831,"Soil_pH",5.04,1,NA
"3495",0,0,NA,0,-1,"Low"
"3496",0,0,NA,0,-1,"Low"
"3497",0,0,NA,0,-1,"Medium"
"3498",0,0,NA,0,-1,"Medium"
"3499",4832,4833,"Soil_pH",6.125,1,NA
"3500",4834,4835,"Crop_Type",26,1,NA
"3501",4836,4837,"Humidity",47.905,1,NA
"3502",0,0,NA,0,-1,"Low"
"3503",4838,4839,"Region",8,1,NA
"3504",0,0,NA,0,-1,"Medium"
"3505",0,0,NA,0,-1,"Low"
"3506",0,0,NA,0,-1,"Low"
"3507",4840,4841,"Soil_pH",6.69,1,NA
"3508",0,0,NA,0,-1,"Low"
"3509",4842,4843,"Previous_Irrigation_mm",47.665,1,NA
"3510",4844,4845,"Rainfall_mm",349.96,1,NA
"3511",4846,4847,"Soil_pH",4.855,1,NA
"3512",0,0,NA,0,-1,"Low"
"3513",4848,4849,"Humidity",80.54,1,NA
"3514",4850,4851,"Organic_Carbon",1.345,1,NA
"3515",0,0,NA,0,-1,"Medium"
"3516",0,0,NA,0,-1,"Medium"
"3517",4852,4853,"Field_Area_hectare",13.38,1,NA
"3518",0,0,NA,0,-1,"Low"
"3519",4854,4855,"Wind_Speed_kmh",10.035,1,NA
"3520",4856,4857,"Sunlight_Hours",10.725,1,NA
"3521",4858,4859,"Electrical_Conductivity",2.805,1,NA
"3522",0,0,NA,0,-1,"Medium"
"3523",0,0,NA,0,-1,"Low"
"3524",4860,4861,"Soil_Moisture",26.34,1,NA
"3525",0,0,NA,0,-1,"Low"
"3526",4862,4863,"Rainfall_mm",1425.725,1,NA
"3527",4864,4865,"Rainfall_mm",676.67,1,NA
"3528",0,0,NA,0,-1,"Medium"
"3529",0,0,NA,0,-1,"Low"
"3530",4866,4867,"Soil_Moisture",25.07,1,NA
"3531",4868,4869,"Crop_Type",22,1,NA
"3532",4870,4871,"Humidity",56.015,1,NA
"3533",4872,4873,"Soil_Moisture",26.925,1,NA
"3534",4874,4875,"Crop_Type",5,1,NA
"3535",4876,4877,"Humidity",91.77,1,NA
"3536",4878,4879,"Humidity",28.41,1,NA
"3537",4880,4881,"Rainfall_mm",2278.42,1,NA
"3538",4882,4883,"Soil_Moisture",24.655,1,NA
"3539",4884,4885,"Soil_Moisture",25.905,1,NA
"3540",4886,4887,"Previous_Irrigation_mm",101.885,1,NA
"3541",0,0,NA,0,-1,"Low"
"3542",4888,4889,"Field_Area_hectare",3.55,1,NA
"3543",4890,4891,"Temperature_C",17.12,1,NA
"3544",4892,4893,"Rainfall_mm",2192.24,1,NA
"3545",4894,4895,"Soil_Type",7,1,NA
"3546",0,0,NA,0,-1,"Medium"
"3547",0,0,NA,0,-1,"Low"
"3548",4896,4897,"Soil_pH",6.565,1,NA
"3549",4898,4899,"Water_Source",4,1,NA
"3550",4900,4901,"Field_Area_hectare",1.055,1,NA
"3551",4902,4903,"Temperature_C",12.135,1,NA
"3552",4904,4905,"Sunlight_Hours",5.74,1,NA
"3553",4906,4907,"Previous_Irrigation_mm",17.22,1,NA
"3554",4908,4909,"Soil_pH",6.615,1,NA
"3555",0,0,NA,0,-1,"Low"
"3556",4910,4911,"Crop_Type",15,1,NA
"3557",0,0,NA,0,-1,"Low"
"3558",0,0,NA,0,-1,"Medium"
"3559",0,0,NA,0,-1,"Low"
"3560",0,0,NA,0,-1,"Medium"
"3561",0,0,NA,0,-1,"Low"
"3562",4912,4913,"Wind_Speed_kmh",17.92,1,NA
"3563",0,0,NA,0,-1,"Low"
"3564",4914,4915,"Mulching_Used",1,1,NA
"3565",4916,4917,"Wind_Speed_kmh",10.95,1,NA
"3566",4918,4919,"Humidity",91.425,1,NA
"3567",4920,4921,"Humidity",55.53,1,NA
"3568",4922,4923,"Mulching_Used",1,1,NA
"3569",0,0,NA,0,-1,"Medium"
"3570",4924,4925,"Soil_Moisture",34.485,1,NA
"3571",0,0,NA,0,-1,"Low"
"3572",4926,4927,"Rainfall_mm",2461.82,1,NA
"3573",4928,4929,"Soil_Type",2,1,NA
"3574",0,0,NA,0,-1,"Medium"
"3575",4930,4931,"Electrical_Conductivity",2.165,1,NA
"3576",4932,4933,"Mulching_Used",1,1,NA
"3577",0,0,NA,0,-1,"Low"
"3578",4934,4935,"Wind_Speed_kmh",19.685,1,NA
"3579",4936,4937,"Crop_Type",8,1,NA
"3580",4938,4939,"Water_Source",1,1,NA
"3581",4940,4941,"Field_Area_hectare",13.625,1,NA
"3582",0,0,NA,0,-1,"Medium"
"3583",0,0,NA,0,-1,"High"
"3584",0,0,NA,0,-1,"Medium"
"3585",4942,4943,"Rainfall_mm",978.015,1,NA
"3586",0,0,NA,0,-1,"Medium"
"3587",4944,4945,"Soil_pH",7.925,1,NA
"3588",4946,4947,"Rainfall_mm",33.045,1,NA
"3589",4948,4949,"Wind_Speed_kmh",11.08,1,NA
"3590",0,0,NA,0,-1,"Low"
"3591",0,0,NA,0,-1,"Medium"
"3592",4950,4951,"Rainfall_mm",207.47,1,NA
"3593",0,0,NA,0,-1,"Low"
"3594",0,0,NA,0,-1,"Medium"
"3595",4952,4953,"Rainfall_mm",294.825,1,NA
"3596",4954,4955,"Field_Area_hectare",0.945,1,NA
"3597",4956,4957,"Wind_Speed_kmh",10.525,1,NA
"3598",4958,4959,"Temperature_C",32.725,1,NA
"3599",0,0,NA,0,-1,"Low"
"3600",4960,4961,"Field_Area_hectare",14.62,1,NA
"3601",0,0,NA,0,-1,"Medium"
"3602",4962,4963,"Sunlight_Hours",4.45,1,NA
"3603",4964,4965,"Water_Source",6,1,NA
"3604",4966,4967,"Soil_pH",5.365,1,NA
"3605",0,0,NA,0,-1,"Medium"
"3606",0,0,NA,0,-1,"High"
"3607",4968,4969,"Region",12,1,NA
"3608",0,0,NA,0,-1,"High"
"3609",0,0,NA,0,-1,"Medium"
"3610",0,0,NA,0,-1,"Medium"
"3611",4970,4971,"Humidity",29.29,1,NA
"3612",4972,4973,"Organic_Carbon",0.51,1,NA
"3613",4974,4975,"Soil_Moisture",25.25,1,NA
"3614",4976,4977,"Soil_pH",5.795,1,NA
"3615",4978,4979,"Soil_Type",4,1,NA
"3616",4980,4981,"Temperature_C",41.525,1,NA
"3617",4982,4983,"Soil_Moisture",25.035,1,NA
"3618",0,0,NA,0,-1,"Medium"
"3619",4984,4985,"Field_Area_hectare",0.36,1,NA
"3620",0,0,NA,0,-1,"Low"
"3621",0,0,NA,0,-1,"Medium"
"3622",0,0,NA,0,-1,"Medium"
"3623",0,0,NA,0,-1,"Low"
"3624",4986,4987,"Soil_Type",5,1,NA
"3625",4988,4989,"Electrical_Conductivity",3.285,1,NA
"3626",0,0,NA,0,-1,"Medium"
"3627",4990,4991,"Soil_Moisture",51.135,1,NA
"3628",4992,4993,"Crop_Type",2,1,NA
"3629",4994,4995,"Crop_Growth_Stage",2,1,NA
"3630",4996,4997,"Humidity",72.84,1,NA
"3631",4998,4999,"Soil_Moisture",38.505,1,NA
"3632",5000,5001,"Field_Area_hectare",14.655,1,NA
"3633",5002,5003,"Organic_Carbon",0.805,1,NA
"3634",5004,5005,"Temperature_C",38.895,1,NA
"3635",5006,5007,"Rainfall_mm",672.915,1,NA
"3636",5008,5009,"Field_Area_hectare",6.65,1,NA
"3637",0,0,NA,0,-1,"Low"
"3638",5010,5011,"Soil_Moisture",10.52,1,NA
"3639",5012,5013,"Organic_Carbon",1.395,1,NA
"3640",5014,5015,"Region",9,1,NA
"3641",0,0,NA,0,-1,"Low"
"3642",5016,5017,"Soil_Moisture",52.595,1,NA
"3643",0,0,NA,0,-1,"Low"
"3644",5018,5019,"Temperature_C",41.39,1,NA
"3645",0,0,NA,0,-1,"Medium"
"3646",0,0,NA,0,-1,"Medium"
"3647",0,0,NA,0,-1,"Low"
"3648",0,0,NA,0,-1,"High"
"3649",0,0,NA,0,-1,"Medium"
"3650",0,0,NA,0,-1,"Low"
"3651",0,0,NA,0,-1,"Medium"
"3652",5020,5021,"Wind_Speed_kmh",11.405,1,NA
"3653",0,0,NA,0,-1,"Medium"
"3654",0,0,NA,0,-1,"Low"
"3655",0,0,NA,0,-1,"Medium"
"3656",0,0,NA,0,-1,"Low"
"3657",0,0,NA,0,-1,"Medium"
"3658",5022,5023,"Water_Source",1,1,NA
"3659",5024,5025,"Wind_Speed_kmh",10.355,1,NA
"3660",0,0,NA,0,-1,"High"
"3661",0,0,NA,0,-1,"Medium"
"3662",0,0,NA,0,-1,"High"
"3663",5026,5027,"Field_Area_hectare",13.07,1,NA
"3664",5028,5029,"Electrical_Conductivity",0.62,1,NA
"3665",5030,5031,"Electrical_Conductivity",0.3,1,NA
"3666",5032,5033,"Water_Source",7,1,NA
"3667",5034,5035,"Humidity",62.805,1,NA
"3668",0,0,NA,0,-1,"Low"
"3669",0,0,NA,0,-1,"Medium"
"3670",0,0,NA,0,-1,"High"
"3671",5036,5037,"Region",1,1,NA
"3672",0,0,NA,0,-1,"Medium"
"3673",0,0,NA,0,-1,"Low"
"3674",0,0,NA,0,-1,"High"
"3675",0,0,NA,0,-1,"Medium"
"3676",5038,5039,"Electrical_Conductivity",0.94,1,NA
"3677",0,0,NA,0,-1,"Low"
"3678",0,0,NA,0,-1,"Medium"
"3679",0,0,NA,0,-1,"Low"
"3680",0,0,NA,0,-1,"High"
"3681",5040,5041,"Previous_Irrigation_mm",28.55,1,NA
"3682",5042,5043,"Soil_Moisture",12.845,1,NA
"3683",5044,5045,"Soil_Moisture",36.02,1,NA
"3684",0,0,NA,0,-1,"High"
"3685",0,0,NA,0,-1,"Medium"
"3686",0,0,NA,0,-1,"High"
"3687",0,0,NA,0,-1,"Medium"
"3688",0,0,NA,0,-1,"High"
"3689",0,0,NA,0,-1,"Medium"
"3690",0,0,NA,0,-1,"Low"
"3691",0,0,NA,0,-1,"Medium"
"3692",5046,5047,"Soil_pH",5.63,1,NA
"3693",5048,5049,"Previous_Irrigation_mm",47.775,1,NA
"3694",5050,5051,"Sunlight_Hours",7.785,1,NA
"3695",5052,5053,"Season",2,1,NA
"3696",5054,5055,"Mulching_Used",1,1,NA
"3697",0,0,NA,0,-1,"High"
"3698",5056,5057,"Soil_Moisture",24.125,1,NA
"3699",0,0,NA,0,-1,"Medium"
"3700",5058,5059,"Crop_Type",8,1,NA
"3701",0,0,NA,0,-1,"Medium"
"3702",0,0,NA,0,-1,"Medium"
"3703",0,0,NA,0,-1,"Low"
"3704",0,0,NA,0,-1,"High"
"3705",0,0,NA,0,-1,"Medium"
"3706",0,0,NA,0,-1,"Medium"
"3707",0,0,NA,0,-1,"High"
"3708",0,0,NA,0,-1,"Low"
"3709",5060,5061,"Previous_Irrigation_mm",107.2,1,NA
"3710",5062,5063,"Field_Area_hectare",11.285,1,NA
"3711",5064,5065,"Sunlight_Hours",4.25,1,NA
"3712",5066,5067,"Electrical_Conductivity",3.26,1,NA
"3713",5068,5069,"Mulching_Used",1,1,NA
"3714",5070,5071,"Mulching_Used",1,1,NA
"3715",5072,5073,"Temperature_C",27.79,1,NA
"3716",5074,5075,"Field_Area_hectare",9.765,1,NA
"3717",5076,5077,"Electrical_Conductivity",3.455,1,NA
"3718",5078,5079,"Soil_Moisture",22.195,1,NA
"3719",5080,5081,"Soil_Moisture",20.775,1,NA
"3720",5082,5083,"Humidity",28.015,1,NA
"3721",5084,5085,"Wind_Speed_kmh",19.57,1,NA
"3722",5086,5087,"Soil_Type",7,1,NA
"3723",0,0,NA,0,-1,"Medium"
"3724",0,0,NA,0,-1,"Medium"
"3725",0,0,NA,0,-1,"Low"
"3726",0,0,NA,0,-1,"Low"
"3727",0,0,NA,0,-1,"Medium"
"3728",5088,5089,"Temperature_C",30.205,1,NA
"3729",5090,5091,"Wind_Speed_kmh",19.91,1,NA
"3730",0,0,NA,0,-1,"Medium"
"3731",0,0,NA,0,-1,"High"
"3732",5092,5093,"Region",8,1,NA
"3733",0,0,NA,0,-1,"Medium"
"3734",5094,5095,"Crop_Type",15,1,NA
"3735",5096,5097,"Humidity",47.085,1,NA
"3736",0,0,NA,0,-1,"Medium"
"3737",0,0,NA,0,-1,"Low"
"3738",5098,5099,"Organic_Carbon",1.535,1,NA
"3739",5100,5101,"Water_Source",5,1,NA
"3740",5102,5103,"Soil_Moisture",21.435,1,NA
"3741",5104,5105,"Mulching_Used",1,1,NA
"3742",5106,5107,"Soil_pH",7.895,1,NA
"3743",5108,5109,"Soil_pH",6.48,1,NA
"3744",5110,5111,"Temperature_C",29.42,1,NA
"3745",0,0,NA,0,-1,"High"
"3746",5112,5113,"Soil_Moisture",8.295,1,NA
"3747",0,0,NA,0,-1,"Medium"
"3748",0,0,NA,0,-1,"Low"
"3749",0,0,NA,0,-1,"Medium"
"3750",5114,5115,"Electrical_Conductivity",0.395,1,NA
"3751",5116,5117,"Organic_Carbon",1.585,1,NA
"3752",5118,5119,"Mulching_Used",1,1,NA
"3753",5120,5121,"Mulching_Used",1,1,NA
"3754",5122,5123,"Mulching_Used",1,1,NA
"3755",5124,5125,"Rainfall_mm",1441.8,1,NA
"3756",5126,5127,"Rainfall_mm",1152.815,1,NA
"3757",5128,5129,"Soil_Moisture",16.195,1,NA
"3758",5130,5131,"Soil_Moisture",23.06,1,NA
"3759",5132,5133,"Sunlight_Hours",6.78,1,NA
"3760",5134,5135,"Rainfall_mm",778.94,1,NA
"3761",5136,5137,"Field_Area_hectare",14.94,1,NA
"3762",5138,5139,"Water_Source",3,1,NA
"3763",5140,5141,"Sunlight_Hours",6.12,1,NA
"3764",5142,5143,"Soil_Type",6,1,NA
"3765",5144,5145,"Temperature_C",29.89,1,NA
"3766",0,0,NA,0,-1,"Low"
"3767",0,0,NA,0,-1,"Medium"
"3768",5146,5147,"Sunlight_Hours",4.465,1,NA
"3769",0,0,NA,0,-1,"Medium"
"3770",5148,5149,"Soil_Type",3,1,NA
"3771",5150,5151,"Crop_Type",17,1,NA
"3772",0,0,NA,0,-1,"Low"
"3773",5152,5153,"Sunlight_Hours",6.315,1,NA
"3774",5154,5155,"Region",8,1,NA
"3775",0,0,NA,0,-1,"Low"
"3776",5156,5157,"Wind_Speed_kmh",14.69,1,NA
"3777",0,0,NA,0,-1,"Low"
"3778",5158,5159,"Rainfall_mm",2362.175,1,NA
"3779",0,0,NA,0,-1,"Low"
"3780",0,0,NA,0,-1,"Low"
"3781",5160,5161,"Previous_Irrigation_mm",114.85,1,NA
"3782",0,0,NA,0,-1,"Low"
"3783",5162,5163,"Humidity",90.695,1,NA
"3784",5164,5165,"Electrical_Conductivity",2.69,1,NA
"3785",5166,5167,"Water_Source",3,1,NA
"3786",0,0,NA,0,-1,"Low"
"3787",0,0,NA,0,-1,"Medium"
"3788",5168,5169,"Electrical_Conductivity",0.255,1,NA
"3789",5170,5171,"Soil_Moisture",10.475,1,NA
"3790",0,0,NA,0,-1,"Low"
"3791",0,0,NA,0,-1,"Medium"
"3792",5172,5173,"Organic_Carbon",1.565,1,NA
"3793",5174,5175,"Soil_Moisture",27.355,1,NA
"3794",0,0,NA,0,-1,"Low"
"3795",5176,5177,"Soil_Moisture",36.515,1,NA
"3796",5178,5179,"Temperature_C",39.145,1,NA
"3797",5180,5181,"Electrical_Conductivity",0.33,1,NA
"3798",5182,5183,"Organic_Carbon",0.685,1,NA
"3799",5184,5185,"Temperature_C",30.285,1,NA
"3800",0,0,NA,0,-1,"Medium"
"3801",0,0,NA,0,-1,"Low"
"3802",5186,5187,"Irrigation_Type",2,1,NA
"3803",5188,5189,"Soil_pH",5.17,1,NA
"3804",0,0,NA,0,-1,"Low"
"3805",5190,5191,"Electrical_Conductivity",2.705,1,NA
"3806",0,0,NA,0,-1,"Medium"
"3807",0,0,NA,0,-1,"Low"
"3808",5192,5193,"Field_Area_hectare",0.53,1,NA
"3809",5194,5195,"Soil_Moisture",25.095,1,NA
"3810",5196,5197,"Previous_Irrigation_mm",100.315,1,NA
"3811",5198,5199,"Wind_Speed_kmh",19.955,1,NA
"3812",5200,5201,"Previous_Irrigation_mm",0.605,1,NA
"3813",0,0,NA,0,-1,"Low"
"3814",5202,5203,"Previous_Irrigation_mm",4.465,1,NA
"3815",5204,5205,"Water_Source",1,1,NA
"3816",5206,5207,"Soil_Moisture",36.715,1,NA
"3817",0,0,NA,0,-1,"Low"
"3818",0,0,NA,0,-1,"Medium"
"3819",5208,5209,"Water_Source",1,1,NA
"3820",5210,5211,"Sunlight_Hours",10.695,1,NA
"3821",0,0,NA,0,-1,"Low"
"3822",5212,5213,"Soil_Moisture",26.925,1,NA
"3823",5214,5215,"Temperature_C",36.895,1,NA
"3824",5216,5217,"Field_Area_hectare",1.67,1,NA
"3825",0,0,NA,0,-1,"Low"
"3826",5218,5219,"Soil_pH",8.025,1,NA
"3827",5220,5221,"Soil_Type",4,1,NA
"3828",5222,5223,"Wind_Speed_kmh",16.27,1,NA
"3829",5224,5225,"Soil_Moisture",62.725,1,NA
"3830",0,0,NA,0,-1,"Medium"
"3831",0,0,NA,0,-1,"Low"
"3832",5226,5227,"Soil_Moisture",35.515,1,NA
"3833",0,0,NA,0,-1,"Low"
"3834",5228,5229,"Humidity",85.625,1,NA
"3835",0,0,NA,0,-1,"Low"
"3836",5230,5231,"Sunlight_Hours",5.475,1,NA
"3837",0,0,NA,0,-1,"Low"
"3838",5232,5233,"Previous_Irrigation_mm",37.36,1,NA
"3839",5234,5235,"Rainfall_mm",2468.315,1,NA
"3840",5236,5237,"Previous_Irrigation_mm",7.62,1,NA
"3841",5238,5239,"Soil_Moisture",20.21,1,NA
"3842",0,0,NA,0,-1,"Medium"
"3843",0,0,NA,0,-1,"Low"
"3844",5240,5241,"Wind_Speed_kmh",12.115,1,NA
"3845",5242,5243,"Rainfall_mm",2456.855,1,NA
"3846",0,0,NA,0,-1,"Low"
"3847",5244,5245,"Organic_Carbon",1,1,NA
"3848",0,0,NA,0,-1,"Medium"
"3849",0,0,NA,0,-1,"Low"
"3850",0,0,NA,0,-1,"Low"
"3851",0,0,NA,0,-1,"Medium"
"3852",0,0,NA,0,-1,"Low"
"3853",5246,5247,"Wind_Speed_kmh",19.8,1,NA
"3854",0,0,NA,0,-1,"Low"
"3855",5248,5249,"Soil_pH",6.755,1,NA
"3856",5250,5251,"Region",7,1,NA
"3857",0,0,NA,0,-1,"Medium"
"3858",5252,5253,"Soil_Moisture",35.23,1,NA
"3859",5254,5255,"Organic_Carbon",0.945,1,NA
"3860",0,0,NA,0,-1,"Low"
"3861",0,0,NA,0,-1,"Medium"
"3862",5256,5257,"Sunlight_Hours",5.95,1,NA
"3863",5258,5259,"Soil_Moisture",28.46,1,NA
"3864",0,0,NA,0,-1,"Low"
"3865",0,0,NA,0,-1,"Medium"
"3866",0,0,NA,0,-1,"Low"
"3867",0,0,NA,0,-1,"Medium"
"3868",0,0,NA,0,-1,"Medium"
"3869",0,0,NA,0,-1,"Low"
"3870",0,0,NA,0,-1,"Medium"
"3871",0,0,NA,0,-1,"Low"
"3872",5260,5261,"Soil_Type",6,1,NA
"3873",0,0,NA,0,-1,"Low"
"3874",5262,5263,"Soil_Type",1,1,NA
"3875",0,0,NA,0,-1,"Low"
"3876",0,0,NA,0,-1,"Medium"
"3877",0,0,NA,0,-1,"Low"
"3878",5264,5265,"Soil_Moisture",23.785,1,NA
"3879",0,0,NA,0,-1,"Low"
"3880",0,0,NA,0,-1,"High"
"3881",5266,5267,"Rainfall_mm",102.195,1,NA
"3882",0,0,NA,0,-1,"High"
"3883",0,0,NA,0,-1,"Medium"
"3884",5268,5269,"Soil_Moisture",38.945,1,NA
"3885",0,0,NA,0,-1,"Medium"
"3886",0,0,NA,0,-1,"Medium"
"3887",5270,5271,"Soil_pH",7.8,1,NA
"3888",5272,5273,"Season",1,1,NA
"3889",0,0,NA,0,-1,"Low"
"3890",5274,5275,"Irrigation_Type",1,1,NA
"3891",5276,5277,"Humidity",43.455,1,NA
"3892",0,0,NA,0,-1,"Low"
"3893",5278,5279,"Field_Area_hectare",8.18,1,NA
"3894",0,0,NA,0,-1,"Medium"
"3895",0,0,NA,0,-1,"Low"
"3896",5280,5281,"Previous_Irrigation_mm",19.91,1,NA
"3897",0,0,NA,0,-1,"Low"
"3898",0,0,NA,0,-1,"Medium"
"3899",5282,5283,"Soil_Type",1,1,NA
"3900",5284,5285,"Wind_Speed_kmh",8.24,1,NA
"3901",0,0,NA,0,-1,"Medium"
"3902",0,0,NA,0,-1,"Medium"
"3903",5286,5287,"Soil_pH",7.765,1,NA
"3904",0,0,NA,0,-1,"Medium"
"3905",5288,5289,"Organic_Carbon",0.975,1,NA
"3906",5290,5291,"Wind_Speed_kmh",3.365,1,NA
"3907",5292,5293,"Temperature_C",14.12,1,NA
"3908",0,0,NA,0,-1,"Medium"
"3909",0,0,NA,0,-1,"High"
"3910",5294,5295,"Crop_Type",15,1,NA
"3911",5296,5297,"Soil_pH",8.165,1,NA
"3912",5298,5299,"Field_Area_hectare",7.335,1,NA
"3913",5300,5301,"Electrical_Conductivity",2.11,1,NA
"3914",0,0,NA,0,-1,"Medium"
"3915",0,0,NA,0,-1,"Low"
"3916",0,0,NA,0,-1,"Low"
"3917",5302,5303,"Humidity",49.285,1,NA
"3918",0,0,NA,0,-1,"Medium"
"3919",0,0,NA,0,-1,"Low"
"3920",5304,5305,"Soil_pH",4.845,1,NA
"3921",5306,5307,"Wind_Speed_kmh",1.05,1,NA
"3922",5308,5309,"Soil_Moisture",24.84,1,NA
"3923",5310,5311,"Field_Area_hectare",12.235,1,NA
"3924",0,0,NA,0,-1,"Medium"
"3925",0,0,NA,0,-1,"Low"
"3926",0,0,NA,0,-1,"Low"
"3927",5312,5313,"Soil_Moisture",27.13,1,NA
"3928",5314,5315,"Previous_Irrigation_mm",28.88,1,NA
"3929",0,0,NA,0,-1,"Medium"
"3930",5316,5317,"Sunlight_Hours",8.335,1,NA
"3931",0,0,NA,0,-1,"Low"
"3932",0,0,NA,0,-1,"Medium"
"3933",5318,5319,"Field_Area_hectare",0.465,1,NA
"3934",5320,5321,"Soil_pH",7.395,1,NA
"3935",5322,5323,"Field_Area_hectare",5.015,1,NA
"3936",0,0,NA,0,-1,"Medium"
"3937",0,0,NA,0,-1,"High"
"3938",5324,5325,"Rainfall_mm",526.73,1,NA
"3939",5326,5327,"Wind_Speed_kmh",4.57,1,NA
"3940",5328,5329,"Soil_pH",5.845,1,NA
"3941",5330,5331,"Field_Area_hectare",9.2,1,NA
"3942",5332,5333,"Humidity",79.665,1,NA
"3943",5334,5335,"Electrical_Conductivity",3.355,1,NA
"3944",5336,5337,"Rainfall_mm",2458.85,1,NA
"3945",0,0,NA,0,-1,"Low"
"3946",5338,5339,"Electrical_Conductivity",0.83,1,NA
"3947",5340,5341,"Humidity",85.045,1,NA
"3948",5342,5343,"Soil_Moisture",25.25,1,NA
"3949",0,0,NA,0,-1,"Medium"
"3950",5344,5345,"Region",4,1,NA
"3951",5346,5347,"Field_Area_hectare",11.835,1,NA
"3952",0,0,NA,0,-1,"Medium"
"3953",0,0,NA,0,-1,"Low"
"3954",5348,5349,"Rainfall_mm",498.335,1,NA
"3955",5350,5351,"Soil_pH",5.375,1,NA
"3956",5352,5353,"Sunlight_Hours",6.04,1,NA
"3957",5354,5355,"Field_Area_hectare",1.395,1,NA
"3958",0,0,NA,0,-1,"Low"
"3959",0,0,NA,0,-1,"Medium"
"3960",5356,5357,"Wind_Speed_kmh",7.465,1,NA
"3961",5358,5359,"Previous_Irrigation_mm",0.345,1,NA
"3962",5360,5361,"Organic_Carbon",1.175,1,NA
"3963",5362,5363,"Electrical_Conductivity",3.34,1,NA
"3964",0,0,NA,0,-1,"Low"
"3965",0,0,NA,0,-1,"Medium"
"3966",5364,5365,"Field_Area_hectare",7.5,1,NA
"3967",5366,5367,"Soil_Moisture",22.39,1,NA
"3968",5368,5369,"Temperature_C",20.69,1,NA
"3969",5370,5371,"Season",3,1,NA
"3970",5372,5373,"Humidity",28.35,1,NA
"3971",0,0,NA,0,-1,"Low"
"3972",0,0,NA,0,-1,"Medium"
"3973",5374,5375,"Field_Area_hectare",1,1,NA
"3974",5376,5377,"Season",2,1,NA
"3975",0,0,NA,0,-1,"Medium"
"3976",5378,5379,"Organic_Carbon",0.675,1,NA
"3977",0,0,NA,0,-1,"Low"
"3978",0,0,NA,0,-1,"Medium"
"3979",5380,5381,"Field_Area_hectare",12.495,1,NA
"3980",5382,5383,"Humidity",83.955,1,NA
"3981",5384,5385,"Water_Source",1,1,NA
"3982",0,0,NA,0,-1,"Medium"
"3983",5386,5387,"Soil_Moisture",46.435,1,NA
"3984",5388,5389,"Irrigation_Type",3,1,NA
"3985",5390,5391,"Soil_Moisture",25.085,1,NA
"3986",0,0,NA,0,-1,"Medium"
"3987",0,0,NA,0,-1,"High"
"3988",0,0,NA,0,-1,"Medium"
"3989",5392,5393,"Temperature_C",23.195,1,NA
"3990",0,0,NA,0,-1,"Medium"
"3991",5394,5395,"Wind_Speed_kmh",19.68,1,NA
"3992",0,0,NA,0,-1,"High"
"3993",5396,5397,"Soil_pH",7.065,1,NA
"3994",5398,5399,"Water_Source",5,1,NA
"3995",5400,5401,"Region",2,1,NA
"3996",5402,5403,"Electrical_Conductivity",0.255,1,NA
"3997",5404,5405,"Rainfall_mm",58.205,1,NA
"3998",0,0,NA,0,-1,"Medium"
"3999",5406,5407,"Soil_Moisture",13.65,1,NA
"4000",5408,5409,"Electrical_Conductivity",2.44,1,NA
"4001",5410,5411,"Temperature_C",20.105,1,NA
"4002",5412,5413,"Previous_Irrigation_mm",117.7,1,NA
"4003",0,0,NA,0,-1,"Medium"
"4004",5414,5415,"Region",2,1,NA
"4005",0,0,NA,0,-1,"Medium"
"4006",0,0,NA,0,-1,"Medium"
"4007",5416,5417,"Soil_Moisture",15.48,1,NA
"4008",5418,5419,"Electrical_Conductivity",1.71,1,NA
"4009",0,0,NA,0,-1,"Medium"
"4010",5420,5421,"Humidity",73.535,1,NA
"4011",5422,5423,"Electrical_Conductivity",1.59,1,NA
"4012",5424,5425,"Temperature_C",19.005,1,NA
"4013",5426,5427,"Crop_Type",31,1,NA
"4014",0,0,NA,0,-1,"Medium"
"4015",0,0,NA,0,-1,"High"
"4016",5428,5429,"Rainfall_mm",314.83,1,NA
"4017",0,0,NA,0,-1,"Medium"
"4018",5430,5431,"Soil_pH",5.385,1,NA
"4019",0,0,NA,0,-1,"Medium"
"4020",5432,5433,"Region",15,1,NA
"4021",5434,5435,"Sunlight_Hours",10.36,1,NA
"4022",0,0,NA,0,-1,"Medium"
"4023",5436,5437,"Previous_Irrigation_mm",20.39,1,NA
"4024",0,0,NA,0,-1,"Medium"
"4025",5438,5439,"Rainfall_mm",863.025,1,NA
"4026",5440,5441,"Soil_Moisture",25.325,1,NA
"4027",5442,5443,"Field_Area_hectare",11.43,1,NA
"4028",5444,5445,"Region",9,1,NA
"4029",5446,5447,"Soil_Moisture",25.465,1,NA
"4030",0,0,NA,0,-1,"Medium"
"4031",0,0,NA,0,-1,"High"
"4032",5448,5449,"Sunlight_Hours",9.165,1,NA
"4033",5450,5451,"Soil_Moisture",25.765,1,NA
"4034",5452,5453,"Soil_pH",5.47,1,NA
"4035",5454,5455,"Sunlight_Hours",9.74,1,NA
"4036",0,0,NA,0,-1,"Medium"
"4037",5456,5457,"Soil_Moisture",14.835,1,NA
"4038",5458,5459,"Organic_Carbon",1.555,1,NA
"4039",5460,5461,"Rainfall_mm",657.6,1,NA
"4040",5462,5463,"Soil_Moisture",18.53,1,NA
"4041",0,0,NA,0,-1,"Medium"
"4042",5464,5465,"Soil_Moisture",10.62,1,NA
"4043",0,0,NA,0,-1,"Medium"
"4044",0,0,NA,0,-1,"High"
"4045",0,0,NA,0,-1,"Medium"
"4046",5466,5467,"Temperature_C",25.05,1,NA
"4047",5468,5469,"Soil_Moisture",21.855,1,NA
"4048",0,0,NA,0,-1,"High"
"4049",0,0,NA,0,-1,"Medium"
"4050",5470,5471,"Humidity",32.17,1,NA
"4051",5472,5473,"Region",15,1,NA
"4052",0,0,NA,0,-1,"High"
"4053",0,0,NA,0,-1,"Medium"
"4054",0,0,NA,0,-1,"High"
"4055",0,0,NA,0,-1,"Low"
"4056",5474,5475,"Sunlight_Hours",10.97,1,NA
"4057",5476,5477,"Soil_Moisture",35.605,1,NA
"4058",5478,5479,"Organic_Carbon",0.41,1,NA
"4059",0,0,NA,0,-1,"Medium"
"4060",5480,5481,"Humidity",26.335,1,NA
"4061",5482,5483,"Soil_pH",6.965,1,NA
"4062",5484,5485,"Soil_Moisture",21.9,1,NA
"4063",5486,5487,"Crop_Type",17,1,NA
"4064",5488,5489,"Soil_Moisture",29.38,1,NA
"4065",5490,5491,"Previous_Irrigation_mm",5.855,1,NA
"4066",5492,5493,"Field_Area_hectare",5.22,1,NA
"4067",0,0,NA,0,-1,"Medium"
"4068",0,0,NA,0,-1,"Medium"
"4069",0,0,NA,0,-1,"High"
"4070",0,0,NA,0,-1,"Medium"
"4071",5494,5495,"Region",4,1,NA
"4072",0,0,NA,0,-1,"High"
"4073",0,0,NA,0,-1,"Medium"
"4074",0,0,NA,0,-1,"High"
"4075",0,0,NA,0,-1,"Medium"
"4076",0,0,NA,0,-1,"Medium"
"4077",0,0,NA,0,-1,"High"
"4078",0,0,NA,0,-1,"Medium"
"4079",5496,5497,"Rainfall_mm",795.93,1,NA
"4080",5498,5499,"Soil_pH",6.85,1,NA
"4081",5500,5501,"Region",8,1,NA
"4082",5502,5503,"Temperature_C",37.995,1,NA
"4083",0,0,NA,0,-1,"Medium"
"4084",5504,5505,"Organic_Carbon",1.195,1,NA
"4085",0,0,NA,0,-1,"Medium"
"4086",0,0,NA,0,-1,"Medium"
"4087",5506,5507,"Wind_Speed_kmh",0.74,1,NA
"4088",0,0,NA,0,-1,"Low"
"4089",0,0,NA,0,-1,"Medium"
"4090",0,0,NA,0,-1,"Medium"
"4091",5508,5509,"Temperature_C",34.16,1,NA
"4092",5510,5511,"Humidity",82.65,1,NA
"4093",0,0,NA,0,-1,"Medium"
"4094",0,0,NA,0,-1,"High"
"4095",5512,5513,"Wind_Speed_kmh",3.015,1,NA
"4096",0,0,NA,0,-1,"High"
"4097",0,0,NA,0,-1,"Medium"
"4098",0,0,NA,0,-1,"Medium"
"4099",0,0,NA,0,-1,"Low"
"4100",5514,5515,"Sunlight_Hours",4.09,1,NA
"4101",5516,5517,"Soil_Type",7,1,NA
"4102",5518,5519,"Region",2,1,NA
"4103",5520,5521,"Rainfall_mm",2471.26,1,NA
"4104",5522,5523,"Rainfall_mm",2434.935,1,NA
"4105",5524,5525,"Previous_Irrigation_mm",17.335,1,NA
"4106",5526,5527,"Sunlight_Hours",10.495,1,NA
"4107",0,0,NA,0,-1,"Medium"
"4108",5528,5529,"Wind_Speed_kmh",1.58,1,NA
"4109",5530,5531,"Soil_Type",4,1,NA
"4110",5532,5533,"Rainfall_mm",17.82,1,NA
"4111",0,0,NA,0,-1,"High"
"4112",5534,5535,"Soil_Moisture",18.555,1,NA
"4113",0,0,NA,0,-1,"High"
"4114",5536,5537,"Field_Area_hectare",3.69,1,NA
"4115",5538,5539,"Humidity",65.11,1,NA
"4116",5540,5541,"Organic_Carbon",0.42,1,NA
"4117",5542,5543,"Electrical_Conductivity",2.805,1,NA
"4118",5544,5545,"Sunlight_Hours",7.895,1,NA
"4119",5546,5547,"Organic_Carbon",0.445,1,NA
"4120",0,0,NA,0,-1,"High"
"4121",0,0,NA,0,-1,"Medium"
"4122",0,0,NA,0,-1,"Medium"
"4123",5548,5549,"Soil_pH",6.35,1,NA
"4124",5550,5551,"Soil_Moisture",55.71,1,NA
"4125",5552,5553,"Previous_Irrigation_mm",66.055,1,NA
"4126",0,0,NA,0,-1,"Low"
"4127",0,0,NA,0,-1,"Medium"
"4128",5554,5555,"Region",4,1,NA
"4129",5556,5557,"Region",10,1,NA
"4130",0,0,NA,0,-1,"Low"
"4131",5558,5559,"Electrical_Conductivity",0.945,1,NA
"4132",0,0,NA,0,-1,"High"
"4133",0,0,NA,0,-1,"Medium"
"4134",5560,5561,"Previous_Irrigation_mm",48.37,1,NA
"4135",5562,5563,"Sunlight_Hours",6.25,1,NA
"4136",5564,5565,"Field_Area_hectare",12.01,1,NA
"4137",5566,5567,"Previous_Irrigation_mm",11.845,1,NA
"4138",5568,5569,"Water_Source",1,1,NA
"4139",5570,5571,"Water_Source",2,1,NA
"4140",0,0,NA,0,-1,"Medium"
"4141",0,0,NA,0,-1,"High"
"4142",0,0,NA,0,-1,"Medium"
"4143",5572,5573,"Previous_Irrigation_mm",69.425,1,NA
"4144",0,0,NA,0,-1,"Medium"
"4145",5574,5575,"Rainfall_mm",2286.9,1,NA
"4146",5576,5577,"Humidity",88.95,1,NA
"4147",5578,5579,"Previous_Irrigation_mm",12.865,1,NA
"4148",5580,5581,"Previous_Irrigation_mm",73.67,1,NA
"4149",0,0,NA,0,-1,"High"
"4150",0,0,NA,0,-1,"High"
"4151",5582,5583,"Wind_Speed_kmh",13.47,1,NA
"4152",5584,5585,"Irrigation_Type",5,1,NA
"4153",5586,5587,"Soil_pH",5.865,1,NA
"4154",0,0,NA,0,-1,"Medium"
"4155",5588,5589,"Season",1,1,NA
"4156",5590,5591,"Electrical_Conductivity",2.765,1,NA
"4157",5592,5593,"Humidity",70.895,1,NA
"4158",5594,5595,"Temperature_C",30.315,1,NA
"4159",5596,5597,"Temperature_C",30.35,1,NA
"4160",5598,5599,"Electrical_Conductivity",1.935,1,NA
"4161",0,0,NA,0,-1,"High"
"4162",5600,5601,"Humidity",83.42,1,NA
"4163",5602,5603,"Previous_Irrigation_mm",53.825,1,NA
"4164",0,0,NA,0,-1,"High"
"4165",0,0,NA,0,-1,"Medium"
"4166",5604,5605,"Soil_Moisture",15.59,1,NA
"4167",5606,5607,"Region",2,1,NA
"4168",0,0,NA,0,-1,"High"
"4169",0,0,NA,0,-1,"Medium"
"4170",5608,5609,"Water_Source",7,1,NA
"4171",0,0,NA,0,-1,"High"
"4172",5610,5611,"Soil_Moisture",31.335,1,NA
"4173",5612,5613,"Sunlight_Hours",10.665,1,NA
"4174",5614,5615,"Wind_Speed_kmh",11.105,1,NA
"4175",5616,5617,"Temperature_C",36.24,1,NA
"4176",5618,5619,"Soil_Moisture",45.2,1,NA
"4177",5620,5621,"Rainfall_mm",335.83,1,NA
"4178",5622,5623,"Rainfall_mm",379.12,1,NA
"4179",0,0,NA,0,-1,"Medium"
"4180",5624,5625,"Field_Area_hectare",12.825,1,NA
"4181",5626,5627,"Previous_Irrigation_mm",21.91,1,NA
"4182",5628,5629,"Wind_Speed_kmh",11.29,1,NA
"4183",5630,5631,"Previous_Irrigation_mm",5.61,1,NA
"4184",0,0,NA,0,-1,"Medium"
"4185",0,0,NA,0,-1,"High"
"4186",5632,5633,"Region",7,1,NA
"4187",5634,5635,"Sunlight_Hours",10.885,1,NA
"4188",0,0,NA,0,-1,"High"
"4189",0,0,NA,0,-1,"Medium"
"4190",5636,5637,"Soil_Moisture",55.775,1,NA
"4191",5638,5639,"Soil_Moisture",58.05,1,NA
"4192",5640,5641,"Soil_Moisture",49.02,1,NA
"4193",5642,5643,"Crop_Type",31,1,NA
"4194",5644,5645,"Temperature_C",41.62,1,NA
"4195",5646,5647,"Crop_Type",1,1,NA
"4196",0,0,NA,0,-1,"High"
"4197",0,0,NA,0,-1,"Medium"
"4198",5648,5649,"Previous_Irrigation_mm",25.525,1,NA
"4199",5650,5651,"Soil_Moisture",55.98,1,NA
"4200",5652,5653,"Sunlight_Hours",5.4,1,NA
"4201",5654,5655,"Soil_Type",4,1,NA
"4202",5656,5657,"Field_Area_hectare",1.715,1,NA
"4203",0,0,NA,0,-1,"Medium"
"4204",5658,5659,"Field_Area_hectare",12.37,1,NA
"4205",5660,5661,"Humidity",86.945,1,NA
"4206",5662,5663,"Soil_pH",7.4,1,NA
"4207",0,0,NA,0,-1,"High"
"4208",0,0,NA,0,-1,"Medium"
"4209",5664,5665,"Organic_Carbon",0.65,1,NA
"4210",5666,5667,"Temperature_C",32.475,1,NA
"4211",5668,5669,"Field_Area_hectare",11.89,1,NA
"4212",0,0,NA,0,-1,"Medium"
"4213",5670,5671,"Irrigation_Type",1,1,NA
"4214",0,0,NA,0,-1,"Medium"
"4215",5672,5673,"Temperature_C",35.005,1,NA
"4216",0,0,NA,0,-1,"High"
"4217",0,0,NA,0,-1,"Medium"
"4218",5674,5675,"Rainfall_mm",675.615,1,NA
"4219",0,0,NA,0,-1,"High"
"4220",5676,5677,"Rainfall_mm",781.805,1,NA
"4221",5678,5679,"Humidity",39.535,1,NA
"4222",5680,5681,"Crop_Type",24,1,NA
"4223",5682,5683,"Crop_Type",10,1,NA
"4224",5684,5685,"Field_Area_hectare",0.975,1,NA
"4225",5686,5687,"Sunlight_Hours",10.855,1,NA
"4226",5688,5689,"Soil_Moisture",20.885,1,NA
"4227",5690,5691,"Soil_Type",5,1,NA
"4228",5692,5693,"Humidity",65.195,1,NA
"4229",5694,5695,"Crop_Type",2,1,NA
"4230",5696,5697,"Wind_Speed_kmh",12.925,1,NA
"4231",0,0,NA,0,-1,"High"
"4232",5698,5699,"Soil_Moisture",16.44,1,NA
"4233",5700,5701,"Sunlight_Hours",8.245,1,NA
"4234",5702,5703,"Sunlight_Hours",10.165,1,NA
"4235",5704,5705,"Irrigation_Type",7,1,NA
"4236",0,0,NA,0,-1,"Medium"
"4237",0,0,NA,0,-1,"High"
"4238",0,0,NA,0,-1,"Medium"
"4239",5706,5707,"Wind_Speed_kmh",8.815,1,NA
"4240",5708,5709,"Electrical_Conductivity",1.885,1,NA
"4241",5710,5711,"Crop_Type",2,1,NA
"4242",0,0,NA,0,-1,"High"
"4243",0,0,NA,0,-1,"Medium"
"4244",5712,5713,"Irrigation_Type",2,1,NA
"4245",5714,5715,"Wind_Speed_kmh",19.785,1,NA
"4246",0,0,NA,0,-1,"Medium"
"4247",5716,5717,"Previous_Irrigation_mm",19.87,1,NA
"4248",5718,5719,"Crop_Type",2,1,NA
"4249",0,0,NA,0,-1,"Medium"
"4250",0,0,NA,0,-1,"High"
"4251",0,0,NA,0,-1,"Medium"
"4252",0,0,NA,0,-1,"Medium"
"4253",0,0,NA,0,-1,"Low"
"4254",5720,5721,"Water_Source",1,1,NA
"4255",5722,5723,"Soil_Moisture",59.515,1,NA
"4256",0,0,NA,0,-1,"Medium"
"4257",5724,5725,"Temperature_C",33.325,1,NA
"4258",5726,5727,"Region",2,1,NA
"4259",5728,5729,"Rainfall_mm",342.395,1,NA
"4260",5730,5731,"Rainfall_mm",436.25,1,NA
"4261",0,0,NA,0,-1,"Medium"
"4262",0,0,NA,0,-1,"High"
"4263",0,0,NA,0,-1,"Medium"
"4264",0,0,NA,0,-1,"Medium"
"4265",5732,5733,"Electrical_Conductivity",0.935,1,NA
"4266",0,0,NA,0,-1,"Medium"
"4267",5734,5735,"Humidity",28.895,1,NA
"4268",0,0,NA,0,-1,"High"
"4269",5736,5737,"Electrical_Conductivity",1.785,1,NA
"4270",5738,5739,"Soil_Moisture",19.69,1,NA
"4271",5740,5741,"Temperature_C",40.465,1,NA
"4272",5742,5743,"Rainfall_mm",361.625,1,NA
"4273",5744,5745,"Sunlight_Hours",5.815,1,NA
"4274",5746,5747,"Organic_Carbon",0.955,1,NA
"4275",5748,5749,"Rainfall_mm",358.62,1,NA
"4276",0,0,NA,0,-1,"Medium"
"4277",0,0,NA,0,-1,"High"
"4278",5750,5751,"Previous_Irrigation_mm",51.11,1,NA
"4279",0,0,NA,0,-1,"Medium"
"4280",5752,5753,"Season",1,1,NA
"4281",5754,5755,"Crop_Type",1,1,NA
"4282",5756,5757,"Electrical_Conductivity",1,1,NA
"4283",0,0,NA,0,-1,"Medium"
"4284",0,0,NA,0,-1,"Medium"
"4285",5758,5759,"Wind_Speed_kmh",2.795,1,NA
"4286",5760,5761,"Temperature_C",40.185,1,NA
"4287",0,0,NA,0,-1,"High"
"4288",0,0,NA,0,-1,"High"
"4289",0,0,NA,0,-1,"Medium"
"4290",5762,5763,"Soil_pH",7.55,1,NA
"4291",0,0,NA,0,-1,"Medium"
"4292",5764,5765,"Rainfall_mm",277.71,1,NA
"4293",5766,5767,"Sunlight_Hours",7.34,1,NA
"4294",5768,5769,"Irrigation_Type",1,1,NA
"4295",0,0,NA,0,-1,"High"
"4296",5770,5771,"Previous_Irrigation_mm",13.525,1,NA
"4297",5772,5773,"Wind_Speed_kmh",2.325,1,NA
"4298",0,0,NA,0,-1,"Medium"
"4299",5774,5775,"Temperature_C",41.485,1,NA
"4300",0,0,NA,0,-1,"Low"
"4301",0,0,NA,0,-1,"Medium"
"4302",0,0,NA,0,-1,"High"
"4303",0,0,NA,0,-1,"Medium"
"4304",5776,5777,"Organic_Carbon",1.065,1,NA
"4305",0,0,NA,0,-1,"High"
"4306",5778,5779,"Water_Source",1,1,NA
"4307",5780,5781,"Humidity",27.87,1,NA
"4308",0,0,NA,0,-1,"High"
"4309",0,0,NA,0,-1,"Medium"
"4310",0,0,NA,0,-1,"Medium"
"4311",0,0,NA,0,-1,"High"
"4312",0,0,NA,0,-1,"High"
"4313",0,0,NA,0,-1,"Medium"
"4314",0,0,NA,0,-1,"Medium"
"4315",5782,5783,"Region",4,1,NA
"4316",5784,5785,"Wind_Speed_kmh",15.165,1,NA
"4317",5786,5787,"Rainfall_mm",302.23,1,NA
"4318",0,0,NA,0,-1,"High"
"4319",0,0,NA,0,-1,"Medium"
"4320",5788,5789,"Temperature_C",41.325,1,NA
"4321",0,0,NA,0,-1,"Medium"
"4322",0,0,NA,0,-1,"Medium"
"4323",5790,5791,"Season",2,1,NA
"4324",0,0,NA,0,-1,"Low"
"4325",5792,5793,"Temperature_C",15.045,1,NA
"4326",5794,5795,"Electrical_Conductivity",0.115,1,NA
"4327",5796,5797,"Wind_Speed_kmh",3.525,1,NA
"4328",5798,5799,"Temperature_C",41.575,1,NA
"4329",5800,5801,"Organic_Carbon",0.315,1,NA
"4330",5802,5803,"Rainfall_mm",6.035,1,NA
"4331",0,0,NA,0,-1,"Low"
"4332",5804,5805,"Previous_Irrigation_mm",24.04,1,NA
"4333",5806,5807,"Crop_Growth_Stage",1,1,NA
"4334",0,0,NA,0,-1,"Medium"
"4335",5808,5809,"Humidity",36.51,1,NA
"4336",5810,5811,"Water_Source",2,1,NA
"4337",5812,5813,"Rainfall_mm",137.98,1,NA
"4338",0,0,NA,0,-1,"Medium"
"4339",0,0,NA,0,-1,"High"
"4340",0,0,NA,0,-1,"High"
"4341",5814,5815,"Soil_pH",5.175,1,NA
"4342",0,0,NA,0,-1,"Medium"
"4343",5816,5817,"Soil_Type",1,1,NA
"4344",5818,5819,"Humidity",45.325,1,NA
"4345",0,0,NA,0,-1,"High"
"4346",0,0,NA,0,-1,"Low"
"4347",0,0,NA,0,-1,"Medium"
"4348",5820,5821,"Humidity",62.6,1,NA
"4349",5822,5823,"Temperature_C",12.625,1,NA
"4350",0,0,NA,0,-1,"Low"
"4351",5824,5825,"Irrigation_Type",1,1,NA
"4352",0,0,NA,0,-1,"Low"
"4353",5826,5827,"Humidity",63.915,1,NA
"4354",5828,5829,"Soil_pH",5.095,1,NA
"4355",0,0,NA,0,-1,"Low"
"4356",0,0,NA,0,-1,"Low"
"4357",5830,5831,"Wind_Speed_kmh",5.74,1,NA
"4358",5832,5833,"Soil_Moisture",25,1,NA
"4359",5834,5835,"Soil_Moisture",25.045,1,NA
"4360",0,0,NA,0,-1,"Medium"
"4361",5836,5837,"Electrical_Conductivity",0.765,1,NA
"4362",5838,5839,"Soil_Moisture",25.18,1,NA
"4363",5840,5841,"Soil_Moisture",24.995,1,NA
"4364",5842,5843,"Field_Area_hectare",12.135,1,NA
"4365",5844,5845,"Crop_Type",3,1,NA
"4366",5846,5847,"Water_Source",1,1,NA
"4367",0,0,NA,0,-1,"Medium"
"4368",5848,5849,"Wind_Speed_kmh",9.185,1,NA
"4369",0,0,NA,0,-1,"Low"
"4370",5850,5851,"Previous_Irrigation_mm",90.335,1,NA
"4371",5852,5853,"Organic_Carbon",0.405,1,NA
"4372",5854,5855,"Sunlight_Hours",4.595,1,NA
"4373",5856,5857,"Wind_Speed_kmh",0.92,1,NA
"4374",0,0,NA,0,-1,"Medium"
"4375",0,0,NA,0,-1,"Low"
"4376",5858,5859,"Soil_Moisture",19.845,1,NA
"4377",5860,5861,"Rainfall_mm",2466.235,1,NA
"4378",5862,5863,"Soil_Moisture",24.92,1,NA
"4379",0,0,NA,0,-1,"Medium"
"4380",5864,5865,"Irrigation_Type",4,1,NA
"4381",5866,5867,"Soil_Moisture",25.375,1,NA
"4382",5868,5869,"Field_Area_hectare",4.82,1,NA
"4383",5870,5871,"Crop_Type",21,1,NA
"4384",5872,5873,"Irrigation_Type",3,1,NA
"4385",5874,5875,"Temperature_C",22.32,1,NA
"4386",0,0,NA,0,-1,"High"
"4387",0,0,NA,0,-1,"Medium"
"4388",5876,5877,"Sunlight_Hours",8.75,1,NA
"4389",0,0,NA,0,-1,"Medium"
"4390",0,0,NA,0,-1,"High"
"4391",0,0,NA,0,-1,"Medium"
"4392",0,0,NA,0,-1,"High"
"4393",5878,5879,"Soil_Moisture",21.78,1,NA
"4394",5880,5881,"Electrical_Conductivity",1.055,1,NA
"4395",0,0,NA,0,-1,"Medium"
"4396",0,0,NA,0,-1,"Medium"
"4397",0,0,NA,0,-1,"High"
"4398",0,0,NA,0,-1,"Medium"
"4399",0,0,NA,0,-1,"High"
"4400",0,0,NA,0,-1,"Medium"
"4401",0,0,NA,0,-1,"High"
"4402",5882,5883,"Organic_Carbon",1.355,1,NA
"4403",5884,5885,"Humidity",89.005,1,NA
"4404",0,0,NA,0,-1,"Low"
"4405",0,0,NA,0,-1,"Medium"
"4406",5886,5887,"Electrical_Conductivity",0.215,1,NA
"4407",5888,5889,"Humidity",84.265,1,NA
"4408",5890,5891,"Soil_Moisture",26.81,1,NA
"4409",5892,5893,"Rainfall_mm",2232.29,1,NA
"4410",5894,5895,"Field_Area_hectare",4.095,1,NA
"4411",5896,5897,"Water_Source",6,1,NA
"4412",5898,5899,"Crop_Type",8,1,NA
"4413",5900,5901,"Electrical_Conductivity",1.285,1,NA
"4414",0,0,NA,0,-1,"Low"
"4415",0,0,NA,0,-1,"Medium"
"4416",5902,5903,"Soil_pH",5.565,1,NA
"4417",0,0,NA,0,-1,"Low"
"4418",0,0,NA,0,-1,"Medium"
"4419",5904,5905,"Rainfall_mm",2367.61,1,NA
"4420",5906,5907,"Water_Source",2,1,NA
"4421",5908,5909,"Soil_Moisture",25.22,1,NA
"4422",0,0,NA,0,-1,"Medium"
"4423",5910,5911,"Electrical_Conductivity",2.35,1,NA
"4424",5912,5913,"Sunlight_Hours",10.555,1,NA
"4425",5914,5915,"Soil_Moisture",24.97,1,NA
"4426",5916,5917,"Sunlight_Hours",9.94,1,NA
"4427",5918,5919,"Soil_Moisture",25.03,1,NA
"4428",5920,5921,"Temperature_C",34.79,1,NA
"4429",0,0,NA,0,-1,"Medium"
"4430",5922,5923,"Season",3,1,NA
"4431",5924,5925,"Wind_Speed_kmh",0.515,1,NA
"4432",0,0,NA,0,-1,"Medium"
"4433",5926,5927,"Soil_pH",7.255,1,NA
"4434",0,0,NA,0,-1,"Medium"
"4435",5928,5929,"Electrical_Conductivity",3.265,1,NA
"4436",5930,5931,"Soil_pH",5.305,1,NA
"4437",0,0,NA,0,-1,"Medium"
"4438",5932,5933,"Humidity",89.9,1,NA
"4439",5934,5935,"Soil_pH",6.47,1,NA
"4440",5936,5937,"Sunlight_Hours",10.885,1,NA
"4441",5938,5939,"Soil_pH",5.355,1,NA
"4442",5940,5941,"Wind_Speed_kmh",8.38,1,NA
"4443",5942,5943,"Temperature_C",34.95,1,NA
"4444",5944,5945,"Region",10,1,NA
"4445",5946,5947,"Region",15,1,NA
"4446",5948,5949,"Soil_Moisture",25.305,1,NA
"4447",5950,5951,"Sunlight_Hours",4.05,1,NA
"4448",0,0,NA,0,-1,"Low"
"4449",5952,5953,"Sunlight_Hours",7.29,1,NA
"4450",5954,5955,"Humidity",66.51,1,NA
"4451",0,0,NA,0,-1,"Medium"
"4452",5956,5957,"Soil_Type",1,1,NA
"4453",5958,5959,"Organic_Carbon",1.315,1,NA
"4454",5960,5961,"Sunlight_Hours",4.075,1,NA
"4455",5962,5963,"Crop_Type",16,1,NA
"4456",5964,5965,"Humidity",63.76,1,NA
"4457",0,0,NA,0,-1,"Medium"
"4458",0,0,NA,0,-1,"Medium"
"4459",5966,5967,"Field_Area_hectare",13.675,1,NA
"4460",0,0,NA,0,-1,"High"
"4461",0,0,NA,0,-1,"Medium"
"4462",5968,5969,"Crop_Type",4,1,NA
"4463",5970,5971,"Sunlight_Hours",10.745,1,NA
"4464",5972,5973,"Wind_Speed_kmh",10.145,1,NA
"4465",5974,5975,"Crop_Type",16,1,NA
"4466",0,0,NA,0,-1,"Medium"
"4467",0,0,NA,0,-1,"High"
"4468",5976,5977,"Crop_Type",16,1,NA
"4469",0,0,NA,0,-1,"High"
"4470",0,0,NA,0,-1,"Medium"
"4471",5978,5979,"Water_Source",7,1,NA
"4472",0,0,NA,0,-1,"Medium"
"4473",0,0,NA,0,-1,"High"
"4474",0,0,NA,0,-1,"Medium"
"4475",0,0,NA,0,-1,"High"
"4476",0,0,NA,0,-1,"Medium"
"4477",0,0,NA,0,-1,"High"
"4478",5980,5981,"Region",2,1,NA
"4479",5982,5983,"Temperature_C",34.67,1,NA
"4480",0,0,NA,0,-1,"High"
"4481",0,0,NA,0,-1,"Medium"
"4482",0,0,NA,0,-1,"Medium"
"4483",5984,5985,"Soil_Moisture",23.98,1,NA
"4484",0,0,NA,0,-1,"Medium"
"4485",5986,5987,"Organic_Carbon",0.495,1,NA
"4486",5988,5989,"Region",15,1,NA
"4487",0,0,NA,0,-1,"High"
"4488",5990,5991,"Soil_Moisture",61.575,1,NA
"4489",0,0,NA,0,-1,"Medium"
"4490",0,0,NA,0,-1,"Medium"
"4491",5992,5993,"Soil_Moisture",50.71,1,NA
"4492",5994,5995,"Crop_Type",8,1,NA
"4493",0,0,NA,0,-1,"Low"
"4494",0,0,NA,0,-1,"Low"
"4495",0,0,NA,0,-1,"Medium"
"4496",5996,5997,"Wind_Speed_kmh",11.53,1,NA
"4497",5998,5999,"Water_Source",7,1,NA
"4498",6000,6001,"Field_Area_hectare",14.945,1,NA
"4499",6002,6003,"Electrical_Conductivity",1.195,1,NA
"4500",0,0,NA,0,-1,"Medium"
"4501",0,0,NA,0,-1,"Low"
"4502",6004,6005,"Soil_Moisture",26.71,1,NA
"4503",6006,6007,"Organic_Carbon",1.215,1,NA
"4504",0,0,NA,0,-1,"Low"
"4505",0,0,NA,0,-1,"Medium"
"4506",6008,6009,"Wind_Speed_kmh",11.395,1,NA
"4507",6010,6011,"Electrical_Conductivity",1.995,1,NA
"4508",0,0,NA,0,-1,"Medium"
"4509",0,0,NA,0,-1,"Low"
"4510",0,0,NA,0,-1,"Low"
"4511",6012,6013,"Sunlight_Hours",4.615,1,NA
"4512",0,0,NA,0,-1,"Low"
"4513",6014,6015,"Humidity",66.2,1,NA
"4514",6016,6017,"Soil_Moisture",25.025,1,NA
"4515",0,0,NA,0,-1,"Medium"
"4516",6018,6019,"Humidity",81.885,1,NA
"4517",0,0,NA,0,-1,"Low"
"4518",0,0,NA,0,-1,"Medium"
"4519",0,0,NA,0,-1,"Low"
"4520",0,0,NA,0,-1,"Low"
"4521",0,0,NA,0,-1,"Medium"
"4522",6020,6021,"Region",6,1,NA
"4523",6022,6023,"Previous_Irrigation_mm",106.12,1,NA
"4524",0,0,NA,0,-1,"Medium"
"4525",6024,6025,"Soil_pH",6.495,1,NA
"4526",6026,6027,"Crop_Type",5,1,NA
"4527",6028,6029,"Soil_Moisture",24.97,1,NA
"4528",6030,6031,"Organic_Carbon",0.355,1,NA
"4529",6032,6033,"Organic_Carbon",0.325,1,NA
"4530",6034,6035,"Organic_Carbon",0.945,1,NA
"4531",6036,6037,"Soil_Moisture",23.25,1,NA
"4532",6038,6039,"Field_Area_hectare",14.015,1,NA
"4533",6040,6041,"Field_Area_hectare",11.535,1,NA
"4534",0,0,NA,0,-1,"Low"
"4535",6042,6043,"Field_Area_hectare",2.02,1,NA
"4536",6044,6045,"Crop_Type",6,1,NA
"4537",6046,6047,"Organic_Carbon",0.705,1,NA
"4538",6048,6049,"Soil_Moisture",25.295,1,NA
"4539",6050,6051,"Soil_Moisture",25.055,1,NA
"4540",6052,6053,"Soil_Moisture",25,1,NA
"4541",6054,6055,"Rainfall_mm",894.235,1,NA
"4542",0,0,NA,0,-1,"Medium"
"4543",0,0,NA,0,-1,"High"
"4544",0,0,NA,0,-1,"Medium"
"4545",6056,6057,"Field_Area_hectare",3.72,1,NA
"4546",6058,6059,"Rainfall_mm",662.375,1,NA
"4547",0,0,NA,0,-1,"Medium"
"4548",0,0,NA,0,-1,"Medium"
"4549",6060,6061,"Electrical_Conductivity",0.675,1,NA
"4550",6062,6063,"Electrical_Conductivity",2.575,1,NA
"4551",0,0,NA,0,-1,"Medium"
"4552",6064,6065,"Region",8,1,NA
"4553",6066,6067,"Field_Area_hectare",5.085,1,NA
"4554",6068,6069,"Previous_Irrigation_mm",12.19,1,NA
"4555",0,0,NA,0,-1,"Medium"
"4556",0,0,NA,0,-1,"Low"
"4557",6070,6071,"Wind_Speed_kmh",10.055,1,NA
"4558",0,0,NA,0,-1,"Medium"
"4559",6072,6073,"Rainfall_mm",2149.015,1,NA
"4560",0,0,NA,0,-1,"Low"
"4561",6074,6075,"Electrical_Conductivity",0.535,1,NA
"4562",6076,6077,"Rainfall_mm",1170.205,1,NA
"4563",6078,6079,"Organic_Carbon",0.45,1,NA
"4564",0,0,NA,0,-1,"Low"
"4565",6080,6081,"Rainfall_mm",1023.165,1,NA
"4566",6082,6083,"Field_Area_hectare",0.48,1,NA
"4567",0,0,NA,0,-1,"High"
"4568",6084,6085,"Irrigation_Type",7,1,NA
"4569",0,0,NA,0,-1,"Medium"
"4570",6086,6087,"Rainfall_mm",378.93,1,NA
"4571",6088,6089,"Electrical_Conductivity",2.405,1,NA
"4572",6090,6091,"Field_Area_hectare",10.425,1,NA
"4573",6092,6093,"Soil_pH",5.565,1,NA
"4574",0,0,NA,0,-1,"High"
"4575",6094,6095,"Organic_Carbon",0.835,1,NA
"4576",6096,6097,"Field_Area_hectare",13.815,1,NA
"4577",0,0,NA,0,-1,"High"
"4578",6098,6099,"Organic_Carbon",0.405,1,NA
"4579",6100,6101,"Organic_Carbon",1.565,1,NA
"4580",6102,6103,"Crop_Growth_Stage",1,1,NA
"4581",0,0,NA,0,-1,"Medium"
"4582",6104,6105,"Electrical_Conductivity",2.36,1,NA
"4583",0,0,NA,0,-1,"Medium"
"4584",6106,6107,"Season",3,1,NA
"4585",0,0,NA,0,-1,"Medium"
"4586",6108,6109,"Electrical_Conductivity",3.04,1,NA
"4587",6110,6111,"Electrical_Conductivity",2.375,1,NA
"4588",0,0,NA,0,-1,"Medium"
"4589",0,0,NA,0,-1,"Low"
"4590",0,0,NA,0,-1,"Low"
"4591",0,0,NA,0,-1,"Medium"
"4592",6112,6113,"Electrical_Conductivity",0.555,1,NA
"4593",6114,6115,"Field_Area_hectare",2.41,1,NA
"4594",6116,6117,"Soil_Moisture",29.57,1,NA
"4595",6118,6119,"Crop_Type",12,1,NA
"4596",0,0,NA,0,-1,"Medium"
"4597",0,0,NA,0,-1,"Low"
"4598",6120,6121,"Temperature_C",39.78,1,NA
"4599",6122,6123,"Soil_Moisture",25.36,1,NA
"4600",0,0,NA,0,-1,"Medium"
"4601",6124,6125,"Soil_Type",7,1,NA
"4602",6126,6127,"Rainfall_mm",1153.02,1,NA
"4603",6128,6129,"Soil_pH",5.595,1,NA
"4604",0,0,NA,0,-1,"Low"
"4605",0,0,NA,0,-1,"Medium"
"4606",0,0,NA,0,-1,"High"
"4607",0,0,NA,0,-1,"Medium"
"4608",0,0,NA,0,-1,"Medium"
"4609",6130,6131,"Organic_Carbon",0.825,1,NA
"4610",0,0,NA,0,-1,"Medium"
"4611",0,0,NA,0,-1,"High"
"4612",0,0,NA,0,-1,"Medium"
"4613",0,0,NA,0,-1,"Low"
"4614",0,0,NA,0,-1,"Low"
"4615",0,0,NA,0,-1,"Medium"
"4616",0,0,NA,0,-1,"Low"
"4617",6132,6133,"Sunlight_Hours",4.83,1,NA
"4618",6134,6135,"Crop_Type",1,1,NA
"4619",6136,6137,"Soil_Moisture",51.725,1,NA
"4620",6138,6139,"Organic_Carbon",0.9,1,NA
"4621",6140,6141,"Soil_Moisture",53.15,1,NA
"4622",6142,6143,"Temperature_C",37.76,1,NA
"4623",0,0,NA,0,-1,"Low"
"4624",0,0,NA,0,-1,"Low"
"4625",0,0,NA,0,-1,"Medium"
"4626",6144,6145,"Region",4,1,NA
"4627",0,0,NA,0,-1,"Medium"
"4628",6146,6147,"Organic_Carbon",1.465,1,NA
"4629",6148,6149,"Soil_Moisture",26.215,1,NA
"4630",6150,6151,"Wind_Speed_kmh",8.425,1,NA
"4631",0,0,NA,0,-1,"Low"
"4632",6152,6153,"Crop_Growth_Stage",1,1,NA
"4633",6154,6155,"Temperature_C",40.715,1,NA
"4634",6156,6157,"Temperature_C",30.745,1,NA
"4635",0,0,NA,0,-1,"Low"
"4636",6158,6159,"Wind_Speed_kmh",10.845,1,NA
"4637",6160,6161,"Region",8,1,NA
"4638",0,0,NA,0,-1,"Low"
"4639",0,0,NA,0,-1,"Medium"
"4640",6162,6163,"Water_Source",1,1,NA
"4641",0,0,NA,0,-1,"Low"
"4642",6164,6165,"Soil_Moisture",25.22,1,NA
"4643",6166,6167,"Water_Source",6,1,NA
"4644",0,0,NA,0,-1,"Low"
"4645",0,0,NA,0,-1,"Medium"
"4646",0,0,NA,0,-1,"Medium"
"4647",6168,6169,"Previous_Irrigation_mm",107.145,1,NA
"4648",0,0,NA,0,-1,"Low"
"4649",0,0,NA,0,-1,"Medium"
"4650",6170,6171,"Temperature_C",28.51,1,NA
"4651",0,0,NA,0,-1,"Medium"
"4652",6172,6173,"Mulching_Used",1,1,NA
"4653",6174,6175,"Region",14,1,NA
"4654",6176,6177,"Previous_Irrigation_mm",21.705,1,NA
"4655",0,0,NA,0,-1,"Low"
"4656",6178,6179,"Wind_Speed_kmh",9.895,1,NA
"4657",6180,6181,"Humidity",80.88,1,NA
"4658",6182,6183,"Rainfall_mm",2337.6,1,NA
"4659",6184,6185,"Electrical_Conductivity",3.42,1,NA
"4660",0,0,NA,0,-1,"Medium"
"4661",0,0,NA,0,-1,"Low"
"4662",6186,6187,"Soil_Type",5,1,NA
"4663",6188,6189,"Previous_Irrigation_mm",29.765,1,NA
"4664",0,0,NA,0,-1,"Medium"
"4665",6190,6191,"Electrical_Conductivity",0.115,1,NA
"4666",6192,6193,"Rainfall_mm",1474.165,1,NA
"4667",6194,6195,"Temperature_C",23.57,1,NA
"4668",6196,6197,"Soil_Moisture",14.12,1,NA
"4669",6198,6199,"Electrical_Conductivity",0.185,1,NA
"4670",0,0,NA,0,-1,"Low"
"4671",0,0,NA,0,-1,"Medium"
"4672",6200,6201,"Field_Area_hectare",3.645,1,NA
"4673",0,0,NA,0,-1,"Low"
"4674",6202,6203,"Crop_Type",8,1,NA
"4675",0,0,NA,0,-1,"Low"
"4676",6204,6205,"Crop_Type",3,1,NA
"4677",0,0,NA,0,-1,"Low"
"4678",0,0,NA,0,-1,"Low"
"4679",6206,6207,"Soil_pH",6.37,1,NA
"4680",0,0,NA,0,-1,"Medium"
"4681",0,0,NA,0,-1,"Low"
"4682",6208,6209,"Rainfall_mm",2287.525,1,NA
"4683",6210,6211,"Sunlight_Hours",8.87,1,NA
"4684",6212,6213,"Temperature_C",12.115,1,NA
"4685",6214,6215,"Crop_Type",9,1,NA
"4686",6216,6217,"Rainfall_mm",2175.87,1,NA
"4687",6218,6219,"Sunlight_Hours",9.695,1,NA
"4688",6220,6221,"Previous_Irrigation_mm",61.655,1,NA
"4689",6222,6223,"Wind_Speed_kmh",0.815,1,NA
"4690",0,0,NA,0,-1,"Low"
"4691",6224,6225,"Field_Area_hectare",6.05,1,NA
"4692",6226,6227,"Region",1,1,NA
"4693",0,0,NA,0,-1,"Medium"
"4694",6228,6229,"Rainfall_mm",1618.245,1,NA
"4695",0,0,NA,0,-1,"Medium"
"4696",0,0,NA,0,-1,"Medium"
"4697",0,0,NA,0,-1,"Low"
"4698",6230,6231,"Soil_pH",5.785,1,NA
"4699",0,0,NA,0,-1,"Low"
"4700",0,0,NA,0,-1,"Low"
"4701",0,0,NA,0,-1,"Medium"
"4702",6232,6233,"Rainfall_mm",856.165,1,NA
"4703",0,0,NA,0,-1,"Low"
"4704",6234,6235,"Region",15,1,NA
"4705",0,0,NA,0,-1,"Low"
"4706",6236,6237,"Field_Area_hectare",14.855,1,NA
"4707",6238,6239,"Humidity",78.48,1,NA
"4708",0,0,NA,0,-1,"Medium"
"4709",0,0,NA,0,-1,"Low"
"4710",0,0,NA,0,-1,"Low"
"4711",0,0,NA,0,-1,"Medium"
"4712",0,0,NA,0,-1,"Low"
"4713",0,0,NA,0,-1,"Medium"
"4714",6240,6241,"Previous_Irrigation_mm",92.105,1,NA
"4715",6242,6243,"Rainfall_mm",2193.19,1,NA
"4716",0,0,NA,0,-1,"Medium"
"4717",6244,6245,"Previous_Irrigation_mm",68.54,1,NA
"4718",6246,6247,"Wind_Speed_kmh",6.995,1,NA
"4719",6248,6249,"Previous_Irrigation_mm",93.67,1,NA
"4720",6250,6251,"Electrical_Conductivity",2.42,1,NA
"4721",0,0,NA,0,-1,"Low"
"4722",0,0,NA,0,-1,"High"
"4723",0,0,NA,0,-1,"Medium"
"4724",6252,6253,"Crop_Growth_Stage",2,1,NA
"4725",0,0,NA,0,-1,"Medium"
"4726",6254,6255,"Humidity",68.535,1,NA
"4727",0,0,NA,0,-1,"Medium"
"4728",6256,6257,"Region",2,1,NA
"4729",6258,6259,"Region",8,1,NA
"4730",6260,6261,"Crop_Type",31,1,NA
"4731",0,0,NA,0,-1,"High"
"4732",0,0,NA,0,-1,"High"
"4733",0,0,NA,0,-1,"Medium"
"4734",6262,6263,"Organic_Carbon",0.375,1,NA
"4735",6264,6265,"Rainfall_mm",2478.705,1,NA
"4736",6266,6267,"Previous_Irrigation_mm",118.635,1,NA
"4737",0,0,NA,0,-1,"Medium"
"4738",6268,6269,"Field_Area_hectare",2.475,1,NA
"4739",6270,6271,"Organic_Carbon",1.26,1,NA
"4740",6272,6273,"Sunlight_Hours",6.4,1,NA
"4741",0,0,NA,0,-1,"Medium"
"4742",6274,6275,"Humidity",53.345,1,NA
"4743",6276,6277,"Soil_Moisture",23.515,1,NA
"4744",0,0,NA,0,-1,"Medium"
"4745",0,0,NA,0,-1,"High"
"4746",0,0,NA,0,-1,"Medium"
"4747",6278,6279,"Humidity",35.365,1,NA
"4748",0,0,NA,0,-1,"Medium"
"4749",6280,6281,"Organic_Carbon",0.655,1,NA
"4750",6282,6283,"Humidity",76.115,1,NA
"4751",6284,6285,"Rainfall_mm",131.505,1,NA
"4752",6286,6287,"Rainfall_mm",2402.445,1,NA
"4753",6288,6289,"Rainfall_mm",2076.53,1,NA
"4754",6290,6291,"Temperature_C",32.5,1,NA
"4755",6292,6293,"Previous_Irrigation_mm",110.285,1,NA
"4756",6294,6295,"Sunlight_Hours",10.75,1,NA
"4757",6296,6297,"Temperature_C",35.92,1,NA
"4758",6298,6299,"Soil_Moisture",17.18,1,NA
"4759",6300,6301,"Crop_Type",8,1,NA
"4760",6302,6303,"Humidity",52.175,1,NA
"4761",6304,6305,"Wind_Speed_kmh",8.36,1,NA
"4762",6306,6307,"Wind_Speed_kmh",8.315,1,NA
"4763",0,0,NA,0,-1,"Low"
"4764",0,0,NA,0,-1,"Medium"
"4765",6308,6309,"Wind_Speed_kmh",9.06,1,NA
"4766",0,0,NA,0,-1,"High"
"4767",6310,6311,"Region",1,1,NA
"4768",6312,6313,"Crop_Growth_Stage",2,1,NA
"4769",6314,6315,"Wind_Speed_kmh",8.92,1,NA
"4770",6316,6317,"Irrigation_Type",5,1,NA
"4771",6318,6319,"Season",2,1,NA
"4772",0,0,NA,0,-1,"Medium"
"4773",0,0,NA,0,-1,"Low"
"4774",0,0,NA,0,-1,"Medium"
"4775",0,0,NA,0,-1,"Low"
"4776",0,0,NA,0,-1,"Low"
"4777",6320,6321,"Water_Source",1,1,NA
"4778",0,0,NA,0,-1,"Low"
"4779",6322,6323,"Wind_Speed_kmh",7.76,1,NA
"4780",6324,6325,"Wind_Speed_kmh",3.89,1,NA
"4781",0,0,NA,0,-1,"Low"
"4782",0,0,NA,0,-1,"Medium"
"4783",0,0,NA,0,-1,"Low"
"4784",0,0,NA,0,-1,"Medium"
"4785",6326,6327,"Electrical_Conductivity",3.305,1,NA
"4786",6328,6329,"Previous_Irrigation_mm",103.375,1,NA
"4787",6330,6331,"Soil_Moisture",9.06,1,NA
"4788",6332,6333,"Soil_pH",7.205,1,NA
"4789",0,0,NA,0,-1,"Medium"
"4790",6334,6335,"Rainfall_mm",2120.24,1,NA
"4791",6336,6337,"Soil_pH",5.72,1,NA
"4792",6338,6339,"Previous_Irrigation_mm",89.695,1,NA
"4793",6340,6341,"Electrical_Conductivity",3.485,1,NA
"4794",0,0,NA,0,-1,"Medium"
"4795",0,0,NA,0,-1,"Low"
"4796",0,0,NA,0,-1,"Low"
"4797",6342,6343,"Temperature_C",31.705,1,NA
"4798",6344,6345,"Temperature_C",39.755,1,NA
"4799",6346,6347,"Field_Area_hectare",5.92,1,NA
"4800",0,0,NA,0,-1,"Medium"
"4801",6348,6349,"Wind_Speed_kmh",0.84,1,NA
"4802",0,0,NA,0,-1,"Medium"
"4803",0,0,NA,0,-1,"Low"
"4804",6350,6351,"Rainfall_mm",365.315,1,NA
"4805",0,0,NA,0,-1,"Medium"
"4806",6352,6353,"Water_Source",1,1,NA
"4807",6354,6355,"Rainfall_mm",296.565,1,NA
"4808",0,0,NA,0,-1,"Medium"
"4809",0,0,NA,0,-1,"Low"
"4810",6356,6357,"Temperature_C",31.645,1,NA
"4811",0,0,NA,0,-1,"Medium"
"4812",6358,6359,"Sunlight_Hours",7.535,1,NA
"4813",6360,6361,"Water_Source",1,1,NA
"4814",0,0,NA,0,-1,"Medium"
"4815",0,0,NA,0,-1,"Low"
"4816",6362,6363,"Temperature_C",36.29,1,NA
"4817",0,0,NA,0,-1,"Low"
"4818",6364,6365,"Previous_Irrigation_mm",65.45,1,NA
"4819",6366,6367,"Humidity",86.615,1,NA
"4820",6368,6369,"Temperature_C",26.7,1,NA
"4821",0,0,NA,0,-1,"Medium"
"4822",6370,6371,"Previous_Irrigation_mm",25.855,1,NA
"4823",0,0,NA,0,-1,"Low"
"4824",6372,6373,"Organic_Carbon",0.35,1,NA
"4825",0,0,NA,0,-1,"Low"
"4826",6374,6375,"Rainfall_mm",225.27,1,NA
"4827",6376,6377,"Soil_Moisture",64.79,1,NA
"4828",0,0,NA,0,-1,"Medium"
"4829",6378,6379,"Previous_Irrigation_mm",89.945,1,NA
"4830",0,0,NA,0,-1,"Low"
"4831",0,0,NA,0,-1,"Medium"
"4832",6380,6381,"Wind_Speed_kmh",0.605,1,NA
"4833",6382,6383,"Rainfall_mm",2388.815,1,NA
"4834",6384,6385,"Previous_Irrigation_mm",49.765,1,NA
"4835",6386,6387,"Field_Area_hectare",7.22,1,NA
"4836",6388,6389,"Previous_Irrigation_mm",118.895,1,NA
"4837",6390,6391,"Soil_pH",7.475,1,NA
"4838",0,0,NA,0,-1,"Medium"
"4839",0,0,NA,0,-1,"Low"
"4840",0,0,NA,0,-1,"Low"
"4841",0,0,NA,0,-1,"Medium"
"4842",0,0,NA,0,-1,"Low"
"4843",6392,6393,"Field_Area_hectare",0.81,1,NA
"4844",6394,6395,"Sunlight_Hours",7.635,1,NA
"4845",6396,6397,"Crop_Type",16,1,NA
"4846",6398,6399,"Previous_Irrigation_mm",100.515,1,NA
"4847",6400,6401,"Rainfall_mm",298.395,1,NA
"4848",0,0,NA,0,-1,"Low"
"4849",6402,6403,"Field_Area_hectare",14.8,1,NA
"4850",6404,6405,"Soil_pH",5.97,1,NA
"4851",6406,6407,"Previous_Irrigation_mm",16.2,1,NA
"4852",6408,6409,"Rainfall_mm",1776.775,1,NA
"4853",6410,6411,"Field_Area_hectare",13.995,1,NA
"4854",6412,6413,"Sunlight_Hours",8.805,1,NA
"4855",6414,6415,"Wind_Speed_kmh",19.535,1,NA
"4856",6416,6417,"Soil_Type",1,1,NA
"4857",0,0,NA,0,-1,"Medium"
"4858",6418,6419,"Humidity",56.64,1,NA
"4859",6420,6421,"Crop_Type",4,1,NA
"4860",0,0,NA,0,-1,"Medium"
"4861",0,0,NA,0,-1,"Low"
"4862",6422,6423,"Soil_Moisture",23.99,1,NA
"4863",6424,6425,"Soil_Type",7,1,NA
"4864",6426,6427,"Water_Source",7,1,NA
"4865",6428,6429,"Temperature_C",13.835,1,NA
"4866",6430,6431,"Humidity",93.74,1,NA
"4867",6432,6433,"Organic_Carbon",0.425,1,NA
"4868",6434,6435,"Humidity",65.355,1,NA
"4869",6436,6437,"Temperature_C",13.255,1,NA
"4870",6438,6439,"Soil_pH",4.94,1,NA
"4871",0,0,NA,0,-1,"Medium"
"4872",6440,6441,"Crop_Type",16,1,NA
"4873",6442,6443,"Temperature_C",30.635,1,NA
"4874",6444,6445,"Wind_Speed_kmh",18.945,1,NA
"4875",6446,6447,"Organic_Carbon",0.495,1,NA
"4876",6448,6449,"Soil_Moisture",25.04,1,NA
"4877",6450,6451,"Soil_pH",7.915,1,NA
"4878",6452,6453,"Soil_Type",7,1,NA
"4879",6454,6455,"Soil_pH",4.895,1,NA
"4880",6456,6457,"Organic_Carbon",0.88,1,NA
"4881",0,0,NA,0,-1,"Low"
"4882",0,0,NA,0,-1,"Medium"
"4883",6458,6459,"Soil_pH",8.07,1,NA
"4884",6460,6461,"Soil_pH",7.985,1,NA
"4885",6462,6463,"Organic_Carbon",1.145,1,NA
"4886",6464,6465,"Soil_pH",6.355,1,NA
"4887",0,0,NA,0,-1,"Medium"
"4888",6466,6467,"Organic_Carbon",1.525,1,NA
"4889",0,0,NA,0,-1,"Medium"
"4890",6468,6469,"Rainfall_mm",953.14,1,NA
"4891",0,0,NA,0,-1,"Medium"
"4892",0,0,NA,0,-1,"Low"
"4893",6470,6471,"Electrical_Conductivity",2.225,1,NA
"4894",0,0,NA,0,-1,"Low"
"4895",6472,6473,"Humidity",55.545,1,NA
"4896",6474,6475,"Humidity",48.66,1,NA
"4897",6476,6477,"Temperature_C",30.005,1,NA
"4898",6478,6479,"Rainfall_mm",1616.345,1,NA
"4899",6480,6481,"Soil_Moisture",14.625,1,NA
"4900",0,0,NA,0,-1,"Medium"
"4901",0,0,NA,0,-1,"Low"
"4902",6482,6483,"Soil_Type",7,1,NA
"4903",6484,6485,"Soil_Moisture",24.89,1,NA
"4904",0,0,NA,0,-1,"Low"
"4905",6486,6487,"Crop_Type",12,1,NA
"4906",6488,6489,"Soil_Moisture",25.555,1,NA
"4907",6490,6491,"Soil_Type",4,1,NA
"4908",0,0,NA,0,-1,"Medium"
"4909",0,0,NA,0,-1,"Low"
"4910",6492,6493,"Previous_Irrigation_mm",109.02,1,NA
"4911",6494,6495,"Organic_Carbon",0.825,1,NA
"4912",0,0,NA,0,-1,"Low"
"4913",0,0,NA,0,-1,"Medium"
"4914",0,0,NA,0,-1,"Medium"
"4915",0,0,NA,0,-1,"Low"
"4916",0,0,NA,0,-1,"Low"
"4917",0,0,NA,0,-1,"Medium"
"4918",0,0,NA,0,-1,"Medium"
"4919",0,0,NA,0,-1,"Low"
"4920",0,0,NA,0,-1,"Medium"
"4921",0,0,NA,0,-1,"Low"
"4922",0,0,NA,0,-1,"Medium"
"4923",0,0,NA,0,-1,"Low"
"4924",0,0,NA,0,-1,"Medium"
"4925",0,0,NA,0,-1,"Low"
"4926",6496,6497,"Organic_Carbon",1.255,1,NA
"4927",0,0,NA,0,-1,"Low"
"4928",0,0,NA,0,-1,"Low"
"4929",0,0,NA,0,-1,"Medium"
"4930",0,0,NA,0,-1,"Medium"
"4931",0,0,NA,0,-1,"Low"
"4932",0,0,NA,0,-1,"Medium"
"4933",6498,6499,"Previous_Irrigation_mm",4.345,1,NA
"4934",0,0,NA,0,-1,"Low"
"4935",6500,6501,"Humidity",42.13,1,NA
"4936",0,0,NA,0,-1,"Medium"
"4937",0,0,NA,0,-1,"Low"
"4938",6502,6503,"Soil_Type",1,1,NA
"4939",6504,6505,"Rainfall_mm",69.945,1,NA
"4940",0,0,NA,0,-1,"Medium"
"4941",6506,6507,"Sunlight_Hours",6.735,1,NA
"4942",0,0,NA,0,-1,"High"
"4943",0,0,NA,0,-1,"Medium"
"4944",0,0,NA,0,-1,"Medium"
"4945",0,0,NA,0,-1,"High"
"4946",0,0,NA,0,-1,"Medium"
"4947",6508,6509,"Rainfall_mm",112.845,1,NA
"4948",6510,6511,"Soil_Moisture",12.15,1,NA
"4949",6512,6513,"Region",1,1,NA
"4950",0,0,NA,0,-1,"Medium"
"4951",6514,6515,"Soil_Type",1,1,NA
"4952",6516,6517,"Temperature_C",31.96,1,NA
"4953",6518,6519,"Electrical_Conductivity",2.1,1,NA
"4954",6520,6521,"Humidity",75.68,1,NA
"4955",6522,6523,"Previous_Irrigation_mm",91.985,1,NA
"4956",6524,6525,"Wind_Speed_kmh",10.365,1,NA
"4957",6526,6527,"Field_Area_hectare",6.63,1,NA
"4958",0,0,NA,0,-1,"Medium"
"4959",6528,6529,"Soil_pH",6.175,1,NA
"4960",6530,6531,"Rainfall_mm",284.5,1,NA
"4961",6532,6533,"Organic_Carbon",0.465,1,NA
"4962",0,0,NA,0,-1,"Medium"
"4963",6534,6535,"Field_Area_hectare",9.085,1,NA
"4964",6536,6537,"Region",8,1,NA
"4965",6538,6539,"Humidity",84.77,1,NA
"4966",0,0,NA,0,-1,"Medium"
"4967",6540,6541,"Soil_Moisture",21.76,1,NA
"4968",0,0,NA,0,-1,"High"
"4969",6542,6543,"Season",1,1,NA
"4970",6544,6545,"Crop_Type",11,1,NA
"4971",6546,6547,"Field_Area_hectare",0.715,1,NA
"4972",6548,6549,"Temperature_C",39.535,1,NA
"4973",6550,6551,"Soil_Moisture",26.53,1,NA
"4974",0,0,NA,0,-1,"Medium"
"4975",6552,6553,"Electrical_Conductivity",0.175,1,NA
"4976",6554,6555,"Previous_Irrigation_mm",51.52,1,NA
"4977",6556,6557,"Previous_Irrigation_mm",52.52,1,NA
"4978",0,0,NA,0,-1,"Medium"
"4979",6558,6559,"Previous_Irrigation_mm",54.68,1,NA
"4980",6560,6561,"Electrical_Conductivity",1.525,1,NA
"4981",6562,6563,"Crop_Type",17,1,NA
"4982",0,0,NA,0,-1,"Medium"
"4983",6564,6565,"Season",1,1,NA
"4984",0,0,NA,0,-1,"Medium"
"4985",6566,6567,"Electrical_Conductivity",0.32,1,NA
"4986",6568,6569,"Soil_pH",8.105,1,NA
"4987",0,0,NA,0,-1,"Low"
"4988",6570,6571,"Electrical_Conductivity",0.85,1,NA
"4989",0,0,NA,0,-1,"Low"
"4990",0,0,NA,0,-1,"Low"
"4991",0,0,NA,0,-1,"Medium"
"4992",6572,6573,"Soil_Moisture",34.66,1,NA
"4993",0,0,NA,0,-1,"Medium"
"4994",0,0,NA,0,-1,"Medium"
"4995",0,0,NA,0,-1,"High"
"4996",0,0,NA,0,-1,"Medium"
"4997",6574,6575,"Water_Source",2,1,NA
"4998",0,0,NA,0,-1,"High"
"4999",0,0,NA,0,-1,"Medium"
"5000",6576,6577,"Field_Area_hectare",6.405,1,NA
"5001",0,0,NA,0,-1,"Low"
"5002",6578,6579,"Soil_Moisture",17.65,1,NA
"5003",6580,6581,"Wind_Speed_kmh",10.245,1,NA
"5004",0,0,NA,0,-1,"Medium"
"5005",6582,6583,"Temperature_C",38.975,1,NA
"5006",0,0,NA,0,-1,"Low"
"5007",6584,6585,"Humidity",85.71,1,NA
"5008",6586,6587,"Soil_Moisture",20.72,1,NA
"5009",0,0,NA,0,-1,"Medium"
"5010",0,0,NA,0,-1,"Low"
"5011",0,0,NA,0,-1,"Medium"
"5012",6588,6589,"Organic_Carbon",0.315,1,NA
"5013",6590,6591,"Soil_Moisture",11.575,1,NA
"5014",6592,6593,"Sunlight_Hours",7.82,1,NA
"5015",0,0,NA,0,-1,"Low"
"5016",0,0,NA,0,-1,"Low"
"5017",0,0,NA,0,-1,"Medium"
"5018",6594,6595,"Water_Source",4,1,NA
"5019",0,0,NA,0,-1,"Medium"
"5020",6596,6597,"Soil_pH",6.455,1,NA
"5021",6598,6599,"Rainfall_mm",122.695,1,NA
"5022",0,0,NA,0,-1,"Medium"
"5023",6600,6601,"Region",1,1,NA
"5024",0,0,NA,0,-1,"Low"
"5025",6602,6603,"Crop_Type",2,1,NA
"5026",6604,6605,"Rainfall_mm",110.8,1,NA
"5027",6606,6607,"Humidity",66.915,1,NA
"5028",0,0,NA,0,-1,"High"
"5029",6608,6609,"Sunlight_Hours",10.29,1,NA
"5030",0,0,NA,0,-1,"Medium"
"5031",6610,6611,"Field_Area_hectare",9.08,1,NA
"5032",0,0,NA,0,-1,"Medium"
"5033",6612,6613,"Field_Area_hectare",11.655,1,NA
"5034",6614,6615,"Wind_Speed_kmh",15.35,1,NA
"5035",0,0,NA,0,-1,"Medium"
"5036",6616,6617,"Water_Source",2,1,NA
"5037",0,0,NA,0,-1,"Medium"
"5038",0,0,NA,0,-1,"Low"
"5039",0,0,NA,0,-1,"Medium"
"5040",6618,6619,"Mulching_Used",1,1,NA
"5041",6620,6621,"Humidity",55.98,1,NA
"5042",6622,6623,"Humidity",59.84,1,NA
"5043",0,0,NA,0,-1,"Medium"
"5044",6624,6625,"Wind_Speed_kmh",15.315,1,NA
"5045",0,0,NA,0,-1,"Medium"
"5046",6626,6627,"Sunlight_Hours",8.51,1,NA
"5047",6628,6629,"Humidity",85.5,1,NA
"5048",0,0,NA,0,-1,"Medium"
"5049",0,0,NA,0,-1,"High"
"5050",6630,6631,"Rainfall_mm",217.78,1,NA
"5051",0,0,NA,0,-1,"Medium"
"5052",6632,6633,"Previous_Irrigation_mm",57.265,1,NA
"5053",6634,6635,"Temperature_C",41.415,1,NA
"5054",6636,6637,"Electrical_Conductivity",2.245,1,NA
"5055",6638,6639,"Soil_pH",5.615,1,NA
"5056",6640,6641,"Electrical_Conductivity",2.97,1,NA
"5057",6642,6643,"Season",1,1,NA
"5058",6644,6645,"Sunlight_Hours",6.98,1,NA
"5059",0,0,NA,0,-1,"Medium"
"5060",6646,6647,"Soil_pH",5.28,1,NA
"5061",6648,6649,"Mulching_Used",1,1,NA
"5062",6650,6651,"Soil_Moisture",10.45,1,NA
"5063",6652,6653,"Soil_pH",7.86,1,NA
"5064",6654,6655,"Temperature_C",18.625,1,NA
"5065",6656,6657,"Field_Area_hectare",1.085,1,NA
"5066",6658,6659,"Irrigation_Type",2,1,NA
"5067",0,0,NA,0,-1,"Low"
"5068",0,0,NA,0,-1,"Medium"
"5069",0,0,NA,0,-1,"Low"
"5070",0,0,NA,0,-1,"Medium"
"5071",6660,6661,"Temperature_C",16.16,1,NA
"5072",6662,6663,"Soil_Moisture",12.96,1,NA
"5073",6664,6665,"Temperature_C",29.94,1,NA
"5074",0,0,NA,0,-1,"Low"
"5075",6666,6667,"Previous_Irrigation_mm",94.505,1,NA
"5076",6668,6669,"Region",1,1,NA
"5077",6670,6671,"Rainfall_mm",1210.445,1,NA
"5078",0,0,NA,0,-1,"Medium"
"5079",6672,6673,"Humidity",34.405,1,NA
"5080",6674,6675,"Soil_Type",2,1,NA
"5081",6676,6677,"Crop_Type",8,1,NA
"5082",6678,6679,"Irrigation_Type",2,1,NA
"5083",6680,6681,"Soil_Moisture",20.37,1,NA
"5084",6682,6683,"Soil_pH",7.035,1,NA
"5085",6684,6685,"Soil_Moisture",22.485,1,NA
"5086",6686,6687,"Region",4,1,NA
"5087",6688,6689,"Soil_pH",5.9,1,NA
"5088",6690,6691,"Rainfall_mm",1037.42,1,NA
"5089",6692,6693,"Humidity",44.315,1,NA
"5090",0,0,NA,0,-1,"Low"
"5091",0,0,NA,0,-1,"Medium"
"5092",6694,6695,"Rainfall_mm",572.565,1,NA
"5093",0,0,NA,0,-1,"Medium"
"5094",6696,6697,"Field_Area_hectare",9.76,1,NA
"5095",0,0,NA,0,-1,"Medium"
"5096",6698,6699,"Temperature_C",41.75,1,NA
"5097",6700,6701,"Electrical_Conductivity",2.185,1,NA
"5098",6702,6703,"Electrical_Conductivity",0.13,1,NA
"5099",6704,6705,"Field_Area_hectare",4.475,1,NA
"5100",6706,6707,"Electrical_Conductivity",1.145,1,NA
"5101",6708,6709,"Wind_Speed_kmh",11.595,1,NA
"5102",6710,6711,"Wind_Speed_kmh",18.575,1,NA
"5103",6712,6713,"Mulching_Used",1,1,NA
"5104",0,0,NA,0,-1,"Medium"
"5105",0,0,NA,0,-1,"Low"
"5106",6714,6715,"Rainfall_mm",744.98,1,NA
"5107",6716,6717,"Region",4,1,NA
"5108",6718,6719,"Soil_Moisture",11.69,1,NA
"5109",6720,6721,"Wind_Speed_kmh",19.025,1,NA
"5110",0,0,NA,0,-1,"Medium"
"5111",6722,6723,"Soil_Type",1,1,NA
"5112",0,0,NA,0,-1,"Medium"
"5113",6724,6725,"Wind_Speed_kmh",10.465,1,NA
"5114",0,0,NA,0,-1,"Low"
"5115",6726,6727,"Previous_Irrigation_mm",7.895,1,NA
"5116",6728,6729,"Temperature_C",40.965,1,NA
"5117",6730,6731,"Sunlight_Hours",5.81,1,NA
"5118",0,0,NA,0,-1,"Medium"
"5119",6732,6733,"Sunlight_Hours",8.7,1,NA
"5120",6734,6735,"Field_Area_hectare",0.51,1,NA
"5121",6736,6737,"Previous_Irrigation_mm",118.655,1,NA
"5122",0,0,NA,0,-1,"Medium"
"5123",0,0,NA,0,-1,"Low"
"5124",6738,6739,"Mulching_Used",1,1,NA
"5125",6740,6741,"Mulching_Used",1,1,NA
"5126",6742,6743,"Temperature_C",36.805,1,NA
"5127",6744,6745,"Previous_Irrigation_mm",113.53,1,NA
"5128",6746,6747,"Electrical_Conductivity",0.645,1,NA
"5129",6748,6749,"Field_Area_hectare",5.285,1,NA
"5130",0,0,NA,0,-1,"Medium"
"5131",6750,6751,"Rainfall_mm",2345.465,1,NA
"5132",6752,6753,"Electrical_Conductivity",3.335,1,NA
"5133",0,0,NA,0,-1,"Medium"
"5134",6754,6755,"Soil_Type",4,1,NA
"5135",6756,6757,"Humidity",63.59,1,NA
"5136",6758,6759,"Sunlight_Hours",8.72,1,NA
"5137",0,0,NA,0,-1,"Medium"
"5138",6760,6761,"Rainfall_mm",477.485,1,NA
"5139",0,0,NA,0,-1,"Medium"
"5140",6762,6763,"Field_Area_hectare",1.015,1,NA
"5141",0,0,NA,0,-1,"Medium"
"5142",0,0,NA,0,-1,"Medium"
"5143",6764,6765,"Humidity",63.265,1,NA
"5144",6766,6767,"Electrical_Conductivity",2.035,1,NA
"5145",6768,6769,"Previous_Irrigation_mm",113.21,1,NA
"5146",0,0,NA,0,-1,"Medium"
"5147",0,0,NA,0,-1,"Low"
"5148",6770,6771,"Water_Source",6,1,NA
"5149",6772,6773,"Rainfall_mm",564.515,1,NA
"5150",6774,6775,"Previous_Irrigation_mm",90.63,1,NA
"5151",6776,6777,"Temperature_C",27.855,1,NA
"5152",6778,6779,"Humidity",92.525,1,NA
"5153",6780,6781,"Field_Area_hectare",2.945,1,NA
"5154",6782,6783,"Sunlight_Hours",9.975,1,NA
"5155",6784,6785,"Soil_Type",1,1,NA
"5156",0,0,NA,0,-1,"Medium"
"5157",0,0,NA,0,-1,"Low"
"5158",0,0,NA,0,-1,"Medium"
"5159",6786,6787,"Mulching_Used",1,1,NA
"5160",0,0,NA,0,-1,"Medium"
"5161",0,0,NA,0,-1,"Low"
"5162",0,0,NA,0,-1,"Low"
"5163",0,0,NA,0,-1,"Medium"
"5164",6788,6789,"Water_Source",6,1,NA
"5165",6790,6791,"Wind_Speed_kmh",10.575,1,NA
"5166",6792,6793,"Crop_Type",19,1,NA
"5167",0,0,NA,0,-1,"Medium"
"5168",6794,6795,"Crop_Type",1,1,NA
"5169",0,0,NA,0,-1,"Medium"
"5170",0,0,NA,0,-1,"Medium"
"5171",0,0,NA,0,-1,"Low"
"5172",6796,6797,"Soil_Moisture",29.74,1,NA
"5173",6798,6799,"Humidity",82.665,1,NA
"5174",6800,6801,"Soil_Moisture",27.335,1,NA
"5175",6802,6803,"Season",2,1,NA
"5176",0,0,NA,0,-1,"Medium"
"5177",0,0,NA,0,-1,"Low"
"5178",0,0,NA,0,-1,"Medium"
"5179",0,0,NA,0,-1,"Low"
"5180",6804,6805,"Electrical_Conductivity",0.28,1,NA
"5181",6806,6807,"Soil_Moisture",64.81,1,NA
"5182",0,0,NA,0,-1,"Low"
"5183",6808,6809,"Organic_Carbon",0.785,1,NA
"5184",6810,6811,"Crop_Type",8,1,NA
"5185",6812,6813,"Sunlight_Hours",6.985,1,NA
"5186",6814,6815,"Soil_Type",2,1,NA
"5187",0,0,NA,0,-1,"Low"
"5188",6816,6817,"Soil_Type",3,1,NA
"5189",6818,6819,"Field_Area_hectare",14.545,1,NA
"5190",6820,6821,"Crop_Type",2,1,NA
"5191",0,0,NA,0,-1,"Low"
"5192",6822,6823,"Organic_Carbon",0.87,1,NA
"5193",6824,6825,"Organic_Carbon",1.525,1,NA
"5194",6826,6827,"Humidity",56.405,1,NA
"5195",6828,6829,"Organic_Carbon",0.715,1,NA
"5196",6830,6831,"Organic_Carbon",1.035,1,NA
"5197",0,0,NA,0,-1,"Medium"
"5198",6832,6833,"Previous_Irrigation_mm",103.635,1,NA
"5199",6834,6835,"Crop_Growth_Stage",2,1,NA
"5200",0,0,NA,0,-1,"Medium"
"5201",6836,6837,"Crop_Growth_Stage",2,1,NA
"5202",0,0,NA,0,-1,"Medium"
"5203",0,0,NA,0,-1,"Low"
"5204",6838,6839,"Previous_Irrigation_mm",82.2,1,NA
"5205",6840,6841,"Wind_Speed_kmh",10.245,1,NA
"5206",0,0,NA,0,-1,"Low"
"5207",0,0,NA,0,-1,"Medium"
"5208",0,0,NA,0,-1,"Medium"
"5209",6842,6843,"Wind_Speed_kmh",17.82,1,NA
"5210",6844,6845,"Soil_Moisture",63.825,1,NA
"5211",6846,6847,"Electrical_Conductivity",3.465,1,NA
"5212",6848,6849,"Water_Source",3,1,NA
"5213",0,0,NA,0,-1,"Low"
"5214",0,0,NA,0,-1,"Low"
"5215",6850,6851,"Rainfall_mm",1658.56,1,NA
"5216",6852,6853,"Soil_pH",8.03,1,NA
"5217",0,0,NA,0,-1,"Low"
"5218",6854,6855,"Rainfall_mm",746.125,1,NA
"5219",0,0,NA,0,-1,"Low"
"5220",6856,6857,"Organic_Carbon",1.345,1,NA
"5221",0,0,NA,0,-1,"Low"
"5222",6858,6859,"Humidity",88.555,1,NA
"5223",0,0,NA,0,-1,"Low"
"5224",6860,6861,"Organic_Carbon",0.465,1,NA
"5225",6862,6863,"Crop_Type",15,1,NA
"5226",0,0,NA,0,-1,"Low"
"5227",0,0,NA,0,-1,"Medium"
"5228",0,0,NA,0,-1,"Low"
"5229",6864,6865,"Previous_Irrigation_mm",47.39,1,NA
"5230",0,0,NA,0,-1,"Low"
"5231",0,0,NA,0,-1,"Medium"
"5232",6866,6867,"Irrigation_Type",2,1,NA
"5233",6868,6869,"Soil_Moisture",12.175,1,NA
"5234",0,0,NA,0,-1,"Medium"
"5235",0,0,NA,0,-1,"Low"
"5236",6870,6871,"Crop_Type",1,1,NA
"5237",6872,6873,"Soil_Moisture",12.135,1,NA
"5238",6874,6875,"Soil_Type",3,1,NA
"5239",0,0,NA,0,-1,"Low"
"5240",6876,6877,"Humidity",86.5,1,NA
"5241",0,0,NA,0,-1,"Low"
"5242",0,0,NA,0,-1,"Medium"
"5243",0,0,NA,0,-1,"Low"
"5244",0,0,NA,0,-1,"Medium"
"5245",0,0,NA,0,-1,"Low"
"5246",0,0,NA,0,-1,"Medium"
"5247",6878,6879,"Humidity",52.675,1,NA
"5248",0,0,NA,0,-1,"Low"
"5249",0,0,NA,0,-1,"Medium"
"5250",0,0,NA,0,-1,"Medium"
"5251",6880,6881,"Soil_Moisture",22.575,1,NA
"5252",0,0,NA,0,-1,"Medium"
"5253",0,0,NA,0,-1,"Low"
"5254",6882,6883,"Crop_Type",29,1,NA
"5255",6884,6885,"Soil_Moisture",24.865,1,NA
"5256",6886,6887,"Soil_Moisture",25.235,1,NA
"5257",6888,6889,"Wind_Speed_kmh",10.895,1,NA
"5258",0,0,NA,0,-1,"Medium"
"5259",0,0,NA,0,-1,"Low"
"5260",0,0,NA,0,-1,"Medium"
"5261",6890,6891,"Sunlight_Hours",7.085,1,NA
"5262",0,0,NA,0,-1,"Low"
"5263",0,0,NA,0,-1,"Medium"
"5264",0,0,NA,0,-1,"Medium"
"5265",6892,6893,"Water_Source",1,1,NA
"5266",0,0,NA,0,-1,"High"
"5267",0,0,NA,0,-1,"Medium"
"5268",0,0,NA,0,-1,"High"
"5269",0,0,NA,0,-1,"Medium"
"5270",0,0,NA,0,-1,"Low"
"5271",6894,6895,"Field_Area_hectare",2.855,1,NA
"5272",0,0,NA,0,-1,"Low"
"5273",0,0,NA,0,-1,"Medium"
"5274",0,0,NA,0,-1,"Medium"
"5275",0,0,NA,0,-1,"Low"
"5276",6896,6897,"Soil_pH",5.115,1,NA
"5277",0,0,NA,0,-1,"Low"
"5278",6898,6899,"Organic_Carbon",0.465,1,NA
"5279",0,0,NA,0,-1,"Low"
"5280",0,0,NA,0,-1,"Medium"
"5281",0,0,NA,0,-1,"Low"
"5282",0,0,NA,0,-1,"Medium"
"5283",0,0,NA,0,-1,"High"
"5284",6900,6901,"Humidity",30.6,1,NA
"5285",6902,6903,"Field_Area_hectare",10.83,1,NA
"5286",6904,6905,"Humidity",25.275,1,NA
"5287",6906,6907,"Water_Source",1,1,NA
"5288",6908,6909,"Crop_Type",12,1,NA
"5289",0,0,NA,0,-1,"Medium"
"5290",6910,6911,"Soil_Type",4,1,NA
"5291",6912,6913,"Electrical_Conductivity",3.155,1,NA
"5292",0,0,NA,0,-1,"Medium"
"5293",0,0,NA,0,-1,"Low"
"5294",6914,6915,"Wind_Speed_kmh",9.94,1,NA
"5295",6916,6917,"Organic_Carbon",0.385,1,NA
"5296",6918,6919,"Crop_Type",10,1,NA
"5297",6920,6921,"Season",2,1,NA
"5298",6922,6923,"Temperature_C",15.31,1,NA
"5299",6924,6925,"Previous_Irrigation_mm",113.325,1,NA
"5300",0,0,NA,0,-1,"Medium"
"5301",6926,6927,"Humidity",26.015,1,NA
"5302",0,0,NA,0,-1,"Medium"
"5303",0,0,NA,0,-1,"Low"
"5304",0,0,NA,0,-1,"Medium"
"5305",6928,6929,"Rainfall_mm",1691.22,1,NA
"5306",6930,6931,"Crop_Type",2,1,NA
"5307",6932,6933,"Humidity",80.58,1,NA
"5308",0,0,NA,0,-1,"Medium"
"5309",6934,6935,"Crop_Type",16,1,NA
"5310",6936,6937,"Soil_pH",5.775,1,NA
"5311",6938,6939,"Organic_Carbon",0.415,1,NA
"5312",0,0,NA,0,-1,"Medium"
"5313",0,0,NA,0,-1,"Low"
"5314",6940,6941,"Electrical_Conductivity",0.725,1,NA
"5315",6942,6943,"Sunlight_Hours",6.815,1,NA
"5316",6944,6945,"Region",14,1,NA
"5317",6946,6947,"Wind_Speed_kmh",3.465,1,NA
"5318",6948,6949,"Crop_Type",10,1,NA
"5319",6950,6951,"Organic_Carbon",1.57,1,NA
"5320",6952,6953,"Humidity",93.21,1,NA
"5321",6954,6955,"Soil_Moisture",25.18,1,NA
"5322",6956,6957,"Soil_pH",6.195,1,NA
"5323",6958,6959,"Organic_Carbon",0.41,1,NA
"5324",6960,6961,"Crop_Type",2,1,NA
"5325",6962,6963,"Soil_pH",5.33,1,NA
"5326",6964,6965,"Crop_Type",16,1,NA
"5327",6966,6967,"Humidity",61.745,1,NA
"5328",6968,6969,"Soil_pH",5.835,1,NA
"5329",6970,6971,"Sunlight_Hours",8.955,1,NA
"5330",0,0,NA,0,-1,"Low"
"5331",0,0,NA,0,-1,"Medium"
"5332",6972,6973,"Soil_Type",4,1,NA
"5333",6974,6975,"Irrigation_Type",4,1,NA
"5334",6976,6977,"Sunlight_Hours",8.585,1,NA
"5335",0,0,NA,0,-1,"Medium"
"5336",6978,6979,"Soil_Moisture",29.75,1,NA
"5337",0,0,NA,0,-1,"Medium"
"5338",6980,6981,"Previous_Irrigation_mm",85.385,1,NA
"5339",6982,6983,"Region",5,1,NA
"5340",6984,6985,"Field_Area_hectare",0.82,1,NA
"5341",0,0,NA,0,-1,"Low"
"5342",0,0,NA,0,-1,"Medium"
"5343",0,0,NA,0,-1,"Low"
"5344",6986,6987,"Rainfall_mm",2013.165,1,NA
"5345",6988,6989,"Field_Area_hectare",3.575,1,NA
"5346",6990,6991,"Sunlight_Hours",8.77,1,NA
"5347",6992,6993,"Soil_Moisture",28.525,1,NA
"5348",6994,6995,"Electrical_Conductivity",2.14,1,NA
"5349",6996,6997,"Temperature_C",29.955,1,NA
"5350",6998,6999,"Temperature_C",18.79,1,NA
"5351",7000,7001,"Season",3,1,NA
"5352",0,0,NA,0,-1,"Low"
"5353",7002,7003,"Electrical_Conductivity",3.335,1,NA
"5354",7004,7005,"Region",8,1,NA
"5355",7006,7007,"Soil_Type",1,1,NA
"5356",7008,7009,"Crop_Type",11,1,NA
"5357",7010,7011,"Humidity",57.745,1,NA
"5358",0,0,NA,0,-1,"Medium"
"5359",7012,7013,"Field_Area_hectare",10.4,1,NA
"5360",7014,7015,"Temperature_C",19.22,1,NA
"5361",7016,7017,"Crop_Type",23,1,NA
"5362",7018,7019,"Organic_Carbon",0.385,1,NA
"5363",0,0,NA,0,-1,"Medium"
"5364",0,0,NA,0,-1,"Medium"
"5365",0,0,NA,0,-1,"Low"
"5366",0,0,NA,0,-1,"Medium"
"5367",0,0,NA,0,-1,"Low"
"5368",7020,7021,"Crop_Type",12,1,NA
"5369",7022,7023,"Humidity",76.43,1,NA
"5370",7024,7025,"Soil_Moisture",24.775,1,NA
"5371",7026,7027,"Crop_Type",7,1,NA
"5372",0,0,NA,0,-1,"Medium"
"5373",0,0,NA,0,-1,"Low"
"5374",7028,7029,"Irrigation_Type",3,1,NA
"5375",0,0,NA,0,-1,"Medium"
"5376",7030,7031,"Previous_Irrigation_mm",118.47,1,NA
"5377",7032,7033,"Rainfall_mm",508.225,1,NA
"5378",0,0,NA,0,-1,"Low"
"5379",7034,7035,"Wind_Speed_kmh",6.925,1,NA
"5380",7036,7037,"Temperature_C",16.53,1,NA
"5381",7038,7039,"Crop_Type",25,1,NA
"5382",7040,7041,"Electrical_Conductivity",0.865,1,NA
"5383",7042,7043,"Sunlight_Hours",6.15,1,NA
"5384",0,0,NA,0,-1,"Low"
"5385",7044,7045,"Crop_Type",8,1,NA
"5386",7046,7047,"Sunlight_Hours",10.87,1,NA
"5387",7048,7049,"Soil_pH",7.82,1,NA
"5388",7050,7051,"Region",11,1,NA
"5389",7052,7053,"Humidity",25.44,1,NA
"5390",7054,7055,"Crop_Type",1,1,NA
"5391",7056,7057,"Temperature_C",15.585,1,NA
"5392",0,0,NA,0,-1,"Medium"
"5393",0,0,NA,0,-1,"High"
"5394",7058,7059,"Region",1,1,NA
"5395",0,0,NA,0,-1,"High"
"5396",0,0,NA,0,-1,"Medium"
"5397",7060,7061,"Previous_Irrigation_mm",51.36,1,NA
"5398",0,0,NA,0,-1,"Medium"
"5399",7062,7063,"Soil_Moisture",12.985,1,NA
"5400",7064,7065,"Season",2,1,NA
"5401",0,0,NA,0,-1,"Medium"
"5402",7066,7067,"Soil_pH",5.83,1,NA
"5403",7068,7069,"Soil_pH",6.265,1,NA
"5404",0,0,NA,0,-1,"Medium"
"5405",7070,7071,"Organic_Carbon",1.175,1,NA
"5406",0,0,NA,0,-1,"High"
"5407",0,0,NA,0,-1,"Medium"
"5408",7072,7073,"Region",5,1,NA
"5409",0,0,NA,0,-1,"Medium"
"5410",0,0,NA,0,-1,"High"
"5411",7074,7075,"Sunlight_Hours",6.63,1,NA
"5412",7076,7077,"Irrigation_Type",7,1,NA
"5413",0,0,NA,0,-1,"Medium"
"5414",7078,7079,"Rainfall_mm",207.535,1,NA
"5415",0,0,NA,0,-1,"Medium"
"5416",0,0,NA,0,-1,"High"
"5417",0,0,NA,0,-1,"Medium"
"5418",0,0,NA,0,-1,"High"
"5419",0,0,NA,0,-1,"Medium"
"5420",7080,7081,"Rainfall_mm",2498.015,1,NA
"5421",7082,7083,"Organic_Carbon",1.215,1,NA
"5422",7084,7085,"Wind_Speed_kmh",16.23,1,NA
"5423",7086,7087,"Rainfall_mm",1364.06,1,NA
"5424",7088,7089,"Crop_Type",2,1,NA
"5425",7090,7091,"Wind_Speed_kmh",9.995,1,NA
"5426",0,0,NA,0,-1,"Medium"
"5427",7092,7093,"Sunlight_Hours",5.15,1,NA
"5428",0,0,NA,0,-1,"High"
"5429",0,0,NA,0,-1,"Medium"
"5430",7094,7095,"Soil_pH",5.24,1,NA
"5431",0,0,NA,0,-1,"Medium"
"5432",0,0,NA,0,-1,"Medium"
"5433",7096,7097,"Electrical_Conductivity",0.505,1,NA
"5434",7098,7099,"Soil_pH",7.585,1,NA
"5435",7100,7101,"Rainfall_mm",466.455,1,NA
"5436",7102,7103,"Wind_Speed_kmh",13.34,1,NA
"5437",7104,7105,"Sunlight_Hours",9.605,1,NA
"5438",7106,7107,"Soil_Moisture",57.385,1,NA
"5439",0,0,NA,0,-1,"Medium"
"5440",7108,7109,"Soil_pH",5.675,1,NA
"5441",0,0,NA,0,-1,"Medium"
"5442",7110,7111,"Soil_Moisture",25.555,1,NA
"5443",7112,7113,"Water_Source",2,1,NA
"5444",7114,7115,"Humidity",44.7,1,NA
"5445",7116,7117,"Electrical_Conductivity",0.945,1,NA
"5446",7118,7119,"Previous_Irrigation_mm",51.535,1,NA
"5447",7120,7121,"Humidity",31.375,1,NA
"5448",7122,7123,"Humidity",86.015,1,NA
"5449",0,0,NA,0,-1,"Medium"
"5450",0,0,NA,0,-1,"High"
"5451",7124,7125,"Crop_Type",2,1,NA
"5452",0,0,NA,0,-1,"High"
"5453",0,0,NA,0,-1,"Medium"
"5454",0,0,NA,0,-1,"Medium"
"5455",7126,7127,"Humidity",64.35,1,NA
"5456",7128,7129,"Soil_Moisture",12.255,1,NA
"5457",7130,7131,"Humidity",46.515,1,NA
"5458",7132,7133,"Field_Area_hectare",0.415,1,NA
"5459",7134,7135,"Humidity",84.755,1,NA
"5460",7136,7137,"Organic_Carbon",1.145,1,NA
"5461",7138,7139,"Humidity",69.025,1,NA
"5462",0,0,NA,0,-1,"Medium"
"5463",0,0,NA,0,-1,"High"
"5464",0,0,NA,0,-1,"Medium"
"5465",0,0,NA,0,-1,"High"
"5466",7140,7141,"Soil_Type",7,1,NA
"5467",7142,7143,"Crop_Type",16,1,NA
"5468",7144,7145,"Crop_Type",4,1,NA
"5469",0,0,NA,0,-1,"Medium"
"5470",0,0,NA,0,-1,"High"
"5471",7146,7147,"Season",2,1,NA
"5472",0,0,NA,0,-1,"Medium"
"5473",7148,7149,"Crop_Type",4,1,NA
"5474",0,0,NA,0,-1,"High"
"5475",0,0,NA,0,-1,"Medium"
"5476",0,0,NA,0,-1,"High"
"5477",0,0,NA,0,-1,"Medium"
"5478",0,0,NA,0,-1,"Medium"
"5479",0,0,NA,0,-1,"High"
"5480",7150,7151,"Field_Area_hectare",2.29,1,NA
"5481",7152,7153,"Organic_Carbon",0.425,1,NA
"5482",0,0,NA,0,-1,"Medium"
"5483",0,0,NA,0,-1,"High"
"5484",7154,7155,"Soil_Type",4,1,NA
"5485",0,0,NA,0,-1,"Medium"
"5486",7156,7157,"Soil_Moisture",19.72,1,NA
"5487",0,0,NA,0,-1,"Medium"
"5488",0,0,NA,0,-1,"High"
"5489",0,0,NA,0,-1,"Medium"
"5490",0,0,NA,0,-1,"High"
"5491",0,0,NA,0,-1,"Medium"
"5492",0,0,NA,0,-1,"High"
"5493",0,0,NA,0,-1,"Medium"
"5494",0,0,NA,0,-1,"Medium"
"5495",7158,7159,"Sunlight_Hours",8.95,1,NA
"5496",0,0,NA,0,-1,"Low"
"5497",0,0,NA,0,-1,"Medium"
"5498",7160,7161,"Temperature_C",35.485,1,NA
"5499",7162,7163,"Soil_Type",2,1,NA
"5500",7164,7165,"Previous_Irrigation_mm",9.68,1,NA
"5501",7166,7167,"Previous_Irrigation_mm",118.315,1,NA
"5502",0,0,NA,0,-1,"High"
"5503",0,0,NA,0,-1,"Medium"
"5504",0,0,NA,0,-1,"Medium"
"5505",7168,7169,"Sunlight_Hours",8.775,1,NA
"5506",7170,7171,"Field_Area_hectare",9.715,1,NA
"5507",7172,7173,"Humidity",42.78,1,NA
"5508",0,0,NA,0,-1,"High"
"5509",7174,7175,"Rainfall_mm",7.515,1,NA
"5510",7176,7177,"Organic_Carbon",0.435,1,NA
"5511",0,0,NA,0,-1,"High"
"5512",7178,7179,"Soil_pH",5.69,1,NA
"5513",0,0,NA,0,-1,"Medium"
"5514",7180,7181,"Rainfall_mm",727.165,1,NA
"5515",7182,7183,"Sunlight_Hours",8.675,1,NA
"5516",7184,7185,"Wind_Speed_kmh",9.515,1,NA
"5517",7186,7187,"Water_Source",6,1,NA
"5518",0,0,NA,0,-1,"Medium"
"5519",0,0,NA,0,-1,"High"
"5520",0,0,NA,0,-1,"High"
"5521",0,0,NA,0,-1,"Medium"
"5522",7188,7189,"Water_Source",3,1,NA
"5523",7190,7191,"Rainfall_mm",2439.61,1,NA
"5524",7192,7193,"Field_Area_hectare",0.955,1,NA
"5525",7194,7195,"Temperature_C",40.865,1,NA
"5526",7196,7197,"Humidity",57.26,1,NA
"5527",7198,7199,"Sunlight_Hours",10.555,1,NA
"5528",7200,7201,"Wind_Speed_kmh",1.195,1,NA
"5529",7202,7203,"Electrical_Conductivity",1.215,1,NA
"5530",7204,7205,"Previous_Irrigation_mm",21.25,1,NA
"5531",0,0,NA,0,-1,"Medium"
"5532",0,0,NA,0,-1,"Medium"
"5533",0,0,NA,0,-1,"High"
"5534",7206,7207,"Wind_Speed_kmh",3.93,1,NA
"5535",7208,7209,"Electrical_Conductivity",1.705,1,NA
"5536",7210,7211,"Rainfall_mm",841.175,1,NA
"5537",0,0,NA,0,-1,"High"
"5538",7212,7213,"Electrical_Conductivity",0.85,1,NA
"5539",7214,7215,"Wind_Speed_kmh",9.94,1,NA
"5540",7216,7217,"Organic_Carbon",0.345,1,NA
"5541",7218,7219,"Crop_Type",7,1,NA
"5542",7220,7221,"Irrigation_Type",1,1,NA
"5543",0,0,NA,0,-1,"Medium"
"5544",7222,7223,"Soil_Moisture",10.91,1,NA
"5545",0,0,NA,0,-1,"Medium"
"5546",7224,7225,"Sunlight_Hours",7.76,1,NA
"5547",7226,7227,"Crop_Type",2,1,NA
"5548",0,0,NA,0,-1,"Low"
"5549",0,0,NA,0,-1,"Medium"
"5550",0,0,NA,0,-1,"Medium"
"5551",7228,7229,"Region",15,1,NA
"5552",7230,7231,"Soil_pH",6.13,1,NA
"5553",0,0,NA,0,-1,"Medium"
"5554",7232,7233,"Humidity",69.86,1,NA
"5555",7234,7235,"Region",11,1,NA
"5556",7236,7237,"Field_Area_hectare",10.985,1,NA
"5557",0,0,NA,0,-1,"Medium"
"5558",7238,7239,"Season",2,1,NA
"5559",7240,7241,"Wind_Speed_kmh",3.615,1,NA
"5560",7242,7243,"Sunlight_Hours",8.18,1,NA
"5561",0,0,NA,0,-1,"Medium"
"5562",7244,7245,"Previous_Irrigation_mm",74.625,1,NA
"5563",7246,7247,"Previous_Irrigation_mm",17.415,1,NA
"5564",0,0,NA,0,-1,"High"
"5565",7248,7249,"Field_Area_hectare",13.26,1,NA
"5566",7250,7251,"Organic_Carbon",0.66,1,NA
"5567",7252,7253,"Crop_Type",16,1,NA
"5568",0,0,NA,0,-1,"Medium"
"5569",0,0,NA,0,-1,"High"
"5570",7254,7255,"Soil_Type",5,1,NA
"5571",0,0,NA,0,-1,"Medium"
"5572",0,0,NA,0,-1,"Low"
"5573",0,0,NA,0,-1,"Medium"
"5574",0,0,NA,0,-1,"Medium"
"5575",7256,7257,"Field_Area_hectare",13.34,1,NA
"5576",7258,7259,"Soil_pH",6.945,1,NA
"5577",7260,7261,"Soil_Type",4,1,NA
"5578",7262,7263,"Crop_Growth_Stage",1,1,NA
"5579",7264,7265,"Water_Source",3,1,NA
"5580",0,0,NA,0,-1,"Medium"
"5581",0,0,NA,0,-1,"High"
"5582",0,0,NA,0,-1,"Medium"
"5583",0,0,NA,0,-1,"High"
"5584",7266,7267,"Crop_Type",3,1,NA
"5585",7268,7269,"Crop_Type",9,1,NA
"5586",0,0,NA,0,-1,"High"
"5587",7270,7271,"Water_Source",3,1,NA
"5588",7272,7273,"Electrical_Conductivity",2.205,1,NA
"5589",7274,7275,"Sunlight_Hours",4.52,1,NA
"5590",0,0,NA,0,-1,"High"
"5591",7276,7277,"Irrigation_Type",4,1,NA
"5592",7278,7279,"Soil_pH",6.62,1,NA
"5593",0,0,NA,0,-1,"High"
"5594",7280,7281,"Region",15,1,NA
"5595",7282,7283,"Rainfall_mm",2485.98,1,NA
"5596",7284,7285,"Soil_Moisture",16.745,1,NA
"5597",7286,7287,"Humidity",84.185,1,NA
"5598",0,0,NA,0,-1,"High"
"5599",7288,7289,"Rainfall_mm",1548.25,1,NA
"5600",7290,7291,"Soil_Moisture",22.66,1,NA
"5601",7292,7293,"Temperature_C",30.275,1,NA
"5602",7294,7295,"Rainfall_mm",1674.965,1,NA
"5603",7296,7297,"Field_Area_hectare",14.415,1,NA
"5604",0,0,NA,0,-1,"Medium"
"5605",0,0,NA,0,-1,"High"
"5606",7298,7299,"Rainfall_mm",1605.79,1,NA
"5607",0,0,NA,0,-1,"High"
"5608",0,0,NA,0,-1,"Medium"
"5609",7300,7301,"Soil_pH",4.905,1,NA
"5610",7302,7303,"Wind_Speed_kmh",17.985,1,NA
"5611",7304,7305,"Rainfall_mm",283.635,1,NA
"5612",7306,7307,"Previous_Irrigation_mm",114.72,1,NA
"5613",7308,7309,"Soil_pH",6.66,1,NA
"5614",7310,7311,"Previous_Irrigation_mm",18.585,1,NA
"5615",7312,7313,"Region",15,1,NA
"5616",0,0,NA,0,-1,"Medium"
"5617",0,0,NA,0,-1,"High"
"5618",0,0,NA,0,-1,"Medium"
"5619",7314,7315,"Water_Source",1,1,NA
"5620",7316,7317,"Soil_pH",6.65,1,NA
"5621",7318,7319,"Irrigation_Type",7,1,NA
"5622",7320,7321,"Electrical_Conductivity",2.225,1,NA
"5623",0,0,NA,0,-1,"Medium"
"5624",7322,7323,"Season",2,1,NA
"5625",0,0,NA,0,-1,"High"
"5626",7324,7325,"Organic_Carbon",0.535,1,NA
"5627",0,0,NA,0,-1,"Medium"
"5628",7326,7327,"Wind_Speed_kmh",11.215,1,NA
"5629",0,0,NA,0,-1,"Medium"
"5630",7328,7329,"Previous_Irrigation_mm",5.31,1,NA
"5631",7330,7331,"Field_Area_hectare",13.835,1,NA
"5632",7332,7333,"Sunlight_Hours",5.79,1,NA
"5633",7334,7335,"Irrigation_Type",2,1,NA
"5634",0,0,NA,0,-1,"Medium"
"5635",7336,7337,"Soil_pH",6.63,1,NA
"5636",0,0,NA,0,-1,"High"
"5637",7338,7339,"Soil_Type",1,1,NA
"5638",0,0,NA,0,-1,"Medium"
"5639",0,0,NA,0,-1,"High"
"5640",7340,7341,"Soil_pH",5.87,1,NA
"5641",0,0,NA,0,-1,"Medium"
"5642",0,0,NA,0,-1,"Medium"
"5643",7342,7343,"Electrical_Conductivity",2.48,1,NA
"5644",0,0,NA,0,-1,"Medium"
"5645",7344,7345,"Region",4,1,NA
"5646",0,0,NA,0,-1,"High"
"5647",0,0,NA,0,-1,"Medium"
"5648",0,0,NA,0,-1,"High"
"5649",0,0,NA,0,-1,"Medium"
"5650",0,0,NA,0,-1,"Medium"
"5651",7346,7347,"Soil_Type",1,1,NA
"5652",7348,7349,"Organic_Carbon",0.45,1,NA
"5653",0,0,NA,0,-1,"High"
"5654",7350,7351,"Soil_pH",6.55,1,NA
"5655",7352,7353,"Irrigation_Type",1,1,NA
"5656",7354,7355,"Wind_Speed_kmh",18.305,1,NA
"5657",7356,7357,"Humidity",67.86,1,NA
"5658",0,0,NA,0,-1,"Medium"
"5659",7358,7359,"Field_Area_hectare",12.4,1,NA
"5660",0,0,NA,0,-1,"High"
"5661",0,0,NA,0,-1,"Medium"
"5662",0,0,NA,0,-1,"High"
"5663",0,0,NA,0,-1,"Medium"
"5664",0,0,NA,0,-1,"High"
"5665",0,0,NA,0,-1,"Medium"
"5666",0,0,NA,0,-1,"Medium"
"5667",7360,7361,"Irrigation_Type",4,1,NA
"5668",0,0,NA,0,-1,"Medium"
"5669",7362,7363,"Previous_Irrigation_mm",97.37,1,NA
"5670",0,0,NA,0,-1,"High"
"5671",0,0,NA,0,-1,"Medium"
"5672",0,0,NA,0,-1,"Medium"
"5673",0,0,NA,0,-1,"High"
"5674",0,0,NA,0,-1,"Medium"
"5675",0,0,NA,0,-1,"High"
"5676",0,0,NA,0,-1,"High"
"5677",7364,7365,"Electrical_Conductivity",0.39,1,NA
"5678",7366,7367,"Temperature_C",31.185,1,NA
"5679",0,0,NA,0,-1,"Medium"
"5680",7368,7369,"Wind_Speed_kmh",3.17,1,NA
"5681",7370,7371,"Organic_Carbon",0.4,1,NA
"5682",7372,7373,"Soil_pH",7.2,1,NA
"5683",0,0,NA,0,-1,"Medium"
"5684",0,0,NA,0,-1,"Medium"
"5685",0,0,NA,0,-1,"High"
"5686",7374,7375,"Region",4,1,NA
"5687",7376,7377,"Wind_Speed_kmh",15.115,1,NA
"5688",7378,7379,"Field_Area_hectare",1.345,1,NA
"5689",0,0,NA,0,-1,"Medium"
"5690",7380,7381,"Wind_Speed_kmh",9.795,1,NA
"5691",7382,7383,"Wind_Speed_kmh",9.775,1,NA
"5692",0,0,NA,0,-1,"Medium"
"5693",7384,7385,"Temperature_C",35.045,1,NA
"5694",7386,7387,"Rainfall_mm",1657.265,1,NA
"5695",0,0,NA,0,-1,"High"
"5696",0,0,NA,0,-1,"Medium"
"5697",0,0,NA,0,-1,"High"
"5698",7388,7389,"Soil_Moisture",15.985,1,NA
"5699",7390,7391,"Field_Area_hectare",12.105,1,NA
"5700",7392,7393,"Humidity",27.72,1,NA
"5701",7394,7395,"Temperature_C",30.285,1,NA
"5702",7396,7397,"Previous_Irrigation_mm",64.405,1,NA
"5703",7398,7399,"Crop_Type",10,1,NA
"5704",7400,7401,"Rainfall_mm",2354.765,1,NA
"5705",7402,7403,"Field_Area_hectare",3.13,1,NA
"5706",7404,7405,"Wind_Speed_kmh",7.41,1,NA
"5707",0,0,NA,0,-1,"Medium"
"5708",7406,7407,"Water_Source",3,1,NA
"5709",7408,7409,"Wind_Speed_kmh",15.84,1,NA
"5710",7410,7411,"Field_Area_hectare",9.895,1,NA
"5711",7412,7413,"Humidity",81.945,1,NA
"5712",7414,7415,"Crop_Type",16,1,NA
"5713",7416,7417,"Wind_Speed_kmh",18.235,1,NA
"5714",7418,7419,"Season",2,1,NA
"5715",0,0,NA,0,-1,"Medium"
"5716",0,0,NA,0,-1,"High"
"5717",7420,7421,"Rainfall_mm",444.425,1,NA
"5718",7422,7423,"Field_Area_hectare",8.81,1,NA
"5719",0,0,NA,0,-1,"Medium"
"5720",7424,7425,"Irrigation_Type",1,1,NA
"5721",0,0,NA,0,-1,"Medium"
"5722",0,0,NA,0,-1,"Medium"
"5723",7426,7427,"Soil_Moisture",61.82,1,NA
"5724",0,0,NA,0,-1,"Medium"
"5725",7428,7429,"Field_Area_hectare",10.41,1,NA
"5726",0,0,NA,0,-1,"High"
"5727",0,0,NA,0,-1,"Medium"
"5728",7430,7431,"Humidity",62.89,1,NA
"5729",0,0,NA,0,-1,"Medium"
"5730",0,0,NA,0,-1,"High"
"5731",0,0,NA,0,-1,"Medium"
"5732",0,0,NA,0,-1,"High"
"5733",0,0,NA,0,-1,"Medium"
"5734",0,0,NA,0,-1,"High"
"5735",0,0,NA,0,-1,"Medium"
"5736",0,0,NA,0,-1,"Medium"
"5737",7432,7433,"Previous_Irrigation_mm",15.15,1,NA
"5738",7434,7435,"Rainfall_mm",733.645,1,NA
"5739",0,0,NA,0,-1,"High"
"5740",7436,7437,"Irrigation_Type",2,1,NA
"5741",7438,7439,"Rainfall_mm",672.63,1,NA
"5742",0,0,NA,0,-1,"High"
"5743",0,0,NA,0,-1,"Medium"
"5744",0,0,NA,0,-1,"Medium"
"5745",0,0,NA,0,-1,"High"
"5746",7440,7441,"Water_Source",5,1,NA
"5747",0,0,NA,0,-1,"Medium"
"5748",7442,7443,"Rainfall_mm",78.105,1,NA
"5749",7444,7445,"Crop_Growth_Stage",1,1,NA
"5750",0,0,NA,0,-1,"Medium"
"5751",0,0,NA,0,-1,"Low"
"5752",7446,7447,"Electrical_Conductivity",3.295,1,NA
"5753",0,0,NA,0,-1,"Medium"
"5754",7448,7449,"Rainfall_mm",2285.08,1,NA
"5755",0,0,NA,0,-1,"Medium"
"5756",0,0,NA,0,-1,"Medium"
"5757",0,0,NA,0,-1,"Low"
"5758",0,0,NA,0,-1,"High"
"5759",0,0,NA,0,-1,"Medium"
"5760",0,0,NA,0,-1,"Medium"
"5761",7450,7451,"Rainfall_mm",1963.845,1,NA
"5762",7452,7453,"Soil_pH",7.25,1,NA
"5763",0,0,NA,0,-1,"Medium"
"5764",0,0,NA,0,-1,"High"
"5765",0,0,NA,0,-1,"Medium"
"5766",0,0,NA,0,-1,"Low"
"5767",0,0,NA,0,-1,"Medium"
"5768",7454,7455,"Wind_Speed_kmh",2.1,1,NA
"5769",0,0,NA,0,-1,"Medium"
"5770",0,0,NA,0,-1,"Low"
"5771",0,0,NA,0,-1,"Medium"
"5772",7456,7457,"Soil_Moisture",21.045,1,NA
"5773",0,0,NA,0,-1,"Medium"
"5774",0,0,NA,0,-1,"High"
"5775",0,0,NA,0,-1,"Medium"
"5776",0,0,NA,0,-1,"High"
"5777",7458,7459,"Wind_Speed_kmh",12.02,1,NA
"5778",0,0,NA,0,-1,"Medium"
"5779",0,0,NA,0,-1,"High"
"5780",7460,7461,"Humidity",27.685,1,NA
"5781",7462,7463,"Wind_Speed_kmh",17.69,1,NA
"5782",7464,7465,"Temperature_C",39.52,1,NA
"5783",0,0,NA,0,-1,"Medium"
"5784",0,0,NA,0,-1,"Medium"
"5785",7466,7467,"Electrical_Conductivity",0.245,1,NA
"5786",7468,7469,"Irrigation_Type",6,1,NA
"5787",7470,7471,"Temperature_C",41.605,1,NA
"5788",0,0,NA,0,-1,"Medium"
"5789",7472,7473,"Previous_Irrigation_mm",65.705,1,NA
"5790",0,0,NA,0,-1,"High"
"5791",0,0,NA,0,-1,"Medium"
"5792",0,0,NA,0,-1,"Low"
"5793",0,0,NA,0,-1,"Medium"
"5794",0,0,NA,0,-1,"Medium"
"5795",7474,7475,"Region",4,1,NA
"5796",0,0,NA,0,-1,"Low"
"5797",0,0,NA,0,-1,"Medium"
"5798",7476,7477,"Crop_Type",4,1,NA
"5799",7478,7479,"Wind_Speed_kmh",1.265,1,NA
"5800",0,0,NA,0,-1,"Medium"
"5801",7480,7481,"Soil_pH",4.995,1,NA
"5802",0,0,NA,0,-1,"Low"
"5803",7482,7483,"Crop_Type",4,1,NA
"5804",7484,7485,"Humidity",30.18,1,NA
"5805",7486,7487,"Rainfall_mm",5.84,1,NA
"5806",0,0,NA,0,-1,"High"
"5807",7488,7489,"Temperature_C",22.115,1,NA
"5808",0,0,NA,0,-1,"High"
"5809",7490,7491,"Irrigation_Type",4,1,NA
"5810",7492,7493,"Previous_Irrigation_mm",93.42,1,NA
"5811",0,0,NA,0,-1,"Medium"
"5812",0,0,NA,0,-1,"Low"
"5813",0,0,NA,0,-1,"Medium"
"5814",7494,7495,"Electrical_Conductivity",2.315,1,NA
"5815",0,0,NA,0,-1,"Medium"
"5816",0,0,NA,0,-1,"Medium"
"5817",0,0,NA,0,-1,"High"
"5818",0,0,NA,0,-1,"Medium"
"5819",0,0,NA,0,-1,"High"
"5820",0,0,NA,0,-1,"Low"
"5821",0,0,NA,0,-1,"Medium"
"5822",7496,7497,"Soil_Moisture",20.57,1,NA
"5823",7498,7499,"Water_Source",7,1,NA
"5824",7500,7501,"Organic_Carbon",1.325,1,NA
"5825",0,0,NA,0,-1,"Low"
"5826",0,0,NA,0,-1,"Medium"
"5827",0,0,NA,0,-1,"Low"
"5828",7502,7503,"Organic_Carbon",0.525,1,NA
"5829",0,0,NA,0,-1,"Low"
"5830",0,0,NA,0,-1,"Low"
"5831",0,0,NA,0,-1,"Medium"
"5832",0,0,NA,0,-1,"Medium"
"5833",7504,7505,"Crop_Type",4,1,NA
"5834",0,0,NA,0,-1,"Medium"
"5835",7506,7507,"Soil_pH",5.24,1,NA
"5836",7508,7509,"Wind_Speed_kmh",7.84,1,NA
"5837",7510,7511,"Soil_Type",7,1,NA
"5838",0,0,NA,0,-1,"Medium"
"5839",7512,7513,"Crop_Type",9,1,NA
"5840",7514,7515,"Soil_Moisture",11.595,1,NA
"5841",7516,7517,"Soil_Type",1,1,NA
"5842",7518,7519,"Wind_Speed_kmh",2.235,1,NA
"5843",0,0,NA,0,-1,"Low"
"5844",7520,7521,"Field_Area_hectare",13.15,1,NA
"5845",7522,7523,"Soil_Moisture",25.43,1,NA
"5846",7524,7525,"Soil_pH",4.845,1,NA
"5847",0,0,NA,0,-1,"Medium"
"5848",7526,7527,"Sunlight_Hours",5.475,1,NA
"5849",7528,7529,"Humidity",58.705,1,NA
"5850",7530,7531,"Field_Area_hectare",0.315,1,NA
"5851",7532,7533,"Field_Area_hectare",6.71,1,NA
"5852",7534,7535,"Soil_Moisture",25.185,1,NA
"5853",7536,7537,"Temperature_C",29.44,1,NA
"5854",7538,7539,"Soil_Moisture",24.675,1,NA
"5855",7540,7541,"Soil_Moisture",25.015,1,NA
"5856",7542,7543,"Soil_pH",5.54,1,NA
"5857",7544,7545,"Soil_Moisture",24.55,1,NA
"5858",0,0,NA,0,-1,"Medium"
"5859",0,0,NA,0,-1,"Low"
"5860",0,0,NA,0,-1,"Low"
"5861",7546,7547,"Soil_Moisture",30.03,1,NA
"5862",0,0,NA,0,-1,"Medium"
"5863",0,0,NA,0,-1,"Low"
"5864",0,0,NA,0,-1,"Low"
"5865",7548,7549,"Crop_Type",6,1,NA
"5866",0,0,NA,0,-1,"Medium"
"5867",7550,7551,"Humidity",80.7,1,NA
"5868",0,0,NA,0,-1,"Medium"
"5869",7552,7553,"Soil_Moisture",18.86,1,NA
"5870",7554,7555,"Sunlight_Hours",5.4,1,NA
"5871",0,0,NA,0,-1,"Low"
"5872",7556,7557,"Previous_Irrigation_mm",94.8,1,NA
"5873",7558,7559,"Water_Source",4,1,NA
"5874",7560,7561,"Previous_Irrigation_mm",94.475,1,NA
"5875",0,0,NA,0,-1,"Low"
"5876",0,0,NA,0,-1,"Medium"
"5877",0,0,NA,0,-1,"High"
"5878",0,0,NA,0,-1,"Medium"
"5879",0,0,NA,0,-1,"High"
"5880",0,0,NA,0,-1,"High"
"5881",7562,7563,"Soil_pH",5.59,1,NA
"5882",7564,7565,"Season",2,1,NA
"5883",0,0,NA,0,-1,"Medium"
"5884",0,0,NA,0,-1,"High"
"5885",0,0,NA,0,-1,"Medium"
"5886",0,0,NA,0,-1,"Medium"
"5887",0,0,NA,0,-1,"Low"
"5888",0,0,NA,0,-1,"Medium"
"5889",7566,7567,"Irrigation_Type",7,1,NA
"5890",7568,7569,"Temperature_C",30.765,1,NA
"5891",7570,7571,"Field_Area_hectare",9.97,1,NA
"5892",0,0,NA,0,-1,"Medium"
"5893",7572,7573,"Crop_Growth_Stage",1,1,NA
"5894",7574,7575,"Organic_Carbon",0.525,1,NA
"5895",7576,7577,"Soil_Type",2,1,NA
"5896",7578,7579,"Rainfall_mm",1642.175,1,NA
"5897",0,0,NA,0,-1,"Medium"
"5898",7580,7581,"Wind_Speed_kmh",4.705,1,NA
"5899",7582,7583,"Previous_Irrigation_mm",26.055,1,NA
"5900",7584,7585,"Season",3,1,NA
"5901",7586,7587,"Soil_Moisture",25.215,1,NA
"5902",7588,7589,"Soil_pH",5.455,1,NA
"5903",0,0,NA,0,-1,"Low"
"5904",0,0,NA,0,-1,"Low"
"5905",7590,7591,"Electrical_Conductivity",2.41,1,NA
"5906",0,0,NA,0,-1,"Low"
"5907",7592,7593,"Wind_Speed_kmh",4.695,1,NA
"5908",0,0,NA,0,-1,"Medium"
"5909",7594,7595,"Electrical_Conductivity",2.785,1,NA
"5910",0,0,NA,0,-1,"Low"
"5911",0,0,NA,0,-1,"Medium"
"5912",7596,7597,"Previous_Irrigation_mm",16.815,1,NA
"5913",7598,7599,"Humidity",29.68,1,NA
"5914",0,0,NA,0,-1,"Medium"
"5915",7600,7601,"Rainfall_mm",1249.04,1,NA
"5916",7602,7603,"Soil_pH",5.815,1,NA
"5917",7604,7605,"Wind_Speed_kmh",0.51,1,NA
"5918",0,0,NA,0,-1,"Medium"
"5919",7606,7607,"Region",1,1,NA
"5920",7608,7609,"Sunlight_Hours",10.335,1,NA
"5921",0,0,NA,0,-1,"Medium"
"5922",0,0,NA,0,-1,"Low"
"5923",7610,7611,"Previous_Irrigation_mm",47.84,1,NA
"5924",0,0,NA,0,-1,"Medium"
"5925",7612,7613,"Irrigation_Type",1,1,NA
"5926",7614,7615,"Field_Area_hectare",11.545,1,NA
"5927",7616,7617,"Soil_Moisture",20.14,1,NA
"5928",0,0,NA,0,-1,"Medium"
"5929",7618,7619,"Soil_pH",6.05,1,NA
"5930",0,0,NA,0,-1,"High"
"5931",0,0,NA,0,-1,"Medium"
"5932",7620,7621,"Irrigation_Type",7,1,NA
"5933",0,0,NA,0,-1,"Medium"
"5934",0,0,NA,0,-1,"Medium"
"5935",0,0,NA,0,-1,"Low"
"5936",7622,7623,"Humidity",56.665,1,NA
"5937",7624,7625,"Wind_Speed_kmh",4.97,1,NA
"5938",7626,7627,"Rainfall_mm",1546.72,1,NA
"5939",0,0,NA,0,-1,"Low"
"5940",7628,7629,"Wind_Speed_kmh",8.255,1,NA
"5941",0,0,NA,0,-1,"Low"
"5942",7630,7631,"Wind_Speed_kmh",9.59,1,NA
"5943",0,0,NA,0,-1,"Medium"
"5944",7632,7633,"Soil_Moisture",33.85,1,NA
"5945",0,0,NA,0,-1,"Low"
"5946",7634,7635,"Previous_Irrigation_mm",114.16,1,NA
"5947",7636,7637,"Previous_Irrigation_mm",115.99,1,NA
"5948",0,0,NA,0,-1,"Low"
"5949",7638,7639,"Rainfall_mm",635.32,1,NA
"5950",7640,7641,"Wind_Speed_kmh",2.325,1,NA
"5951",7642,7643,"Previous_Irrigation_mm",119.12,1,NA
"5952",0,0,NA,0,-1,"Medium"
"5953",0,0,NA,0,-1,"Low"
"5954",7644,7645,"Temperature_C",37.545,1,NA
"5955",0,0,NA,0,-1,"Medium"
"5956",7646,7647,"Sunlight_Hours",4.36,1,NA
"5957",7648,7649,"Wind_Speed_kmh",9.335,1,NA
"5958",7650,7651,"Wind_Speed_kmh",1.01,1,NA
"5959",7652,7653,"Humidity",47.435,1,NA
"5960",0,0,NA,0,-1,"Low"
"5961",0,0,NA,0,-1,"Medium"
"5962",7654,7655,"Season",1,1,NA
"5963",7656,7657,"Organic_Carbon",1.53,1,NA
"5964",7658,7659,"Previous_Irrigation_mm",110.665,1,NA
"5965",0,0,NA,0,-1,"High"
"5966",7660,7661,"Soil_pH",6.015,1,NA
"5967",0,0,NA,0,-1,"Medium"
"5968",0,0,NA,0,-1,"Medium"
"5969",0,0,NA,0,-1,"High"
"5970",7662,7663,"Sunlight_Hours",10.29,1,NA
"5971",0,0,NA,0,-1,"Medium"
"5972",7664,7665,"Humidity",43.48,1,NA
"5973",0,0,NA,0,-1,"High"
"5974",7666,7667,"Irrigation_Type",3,1,NA
"5975",7668,7669,"Soil_Type",1,1,NA
"5976",7670,7671,"Humidity",52.43,1,NA
"5977",0,0,NA,0,-1,"High"
"5978",0,0,NA,0,-1,"High"
"5979",7672,7673,"Sunlight_Hours",9.69,1,NA
"5980",7674,7675,"Soil_Moisture",19.95,1,NA
"5981",0,0,NA,0,-1,"Medium"
"5982",0,0,NA,0,-1,"High"
"5983",0,0,NA,0,-1,"Medium"
"5984",7676,7677,"Wind_Speed_kmh",15.78,1,NA
"5985",7678,7679,"Irrigation_Type",1,1,NA
"5986",7680,7681,"Wind_Speed_kmh",17.76,1,NA
"5987",0,0,NA,0,-1,"High"
"5988",0,0,NA,0,-1,"High"
"5989",7682,7683,"Soil_Moisture",11.965,1,NA
"5990",0,0,NA,0,-1,"Medium"
"5991",0,0,NA,0,-1,"Low"
"5992",0,0,NA,0,-1,"Medium"
"5993",0,0,NA,0,-1,"High"
"5994",7684,7685,"Temperature_C",19.275,1,NA
"5995",0,0,NA,0,-1,"Medium"
"5996",7686,7687,"Soil_pH",6.235,1,NA
"5997",7688,7689,"Crop_Type",8,1,NA
"5998",7690,7691,"Soil_Type",4,1,NA
"5999",7692,7693,"Season",1,1,NA
"6000",7694,7695,"Field_Area_hectare",10.77,1,NA
"6001",7696,7697,"Soil_pH",7.48,1,NA
"6002",7698,7699,"Soil_Type",1,1,NA
"6003",7700,7701,"Rainfall_mm",222.945,1,NA
"6004",7702,7703,"Soil_pH",7.335,1,NA
"6005",0,0,NA,0,-1,"Low"
"6006",7704,7705,"Previous_Irrigation_mm",10.94,1,NA
"6007",7706,7707,"Organic_Carbon",1.225,1,NA
"6008",7708,7709,"Irrigation_Type",1,1,NA
"6009",0,0,NA,0,-1,"Low"
"6010",0,0,NA,0,-1,"Medium"
"6011",0,0,NA,0,-1,"Low"
"6012",0,0,NA,0,-1,"Medium"
"6013",0,0,NA,0,-1,"Low"
"6014",0,0,NA,0,-1,"Medium"
"6015",0,0,NA,0,-1,"Low"
"6016",7710,7711,"Sunlight_Hours",4.04,1,NA
"6017",7712,7713,"Electrical_Conductivity",0.465,1,NA
"6018",0,0,NA,0,-1,"Medium"
"6019",7714,7715,"Electrical_Conductivity",2.24,1,NA
"6020",7716,7717,"Electrical_Conductivity",1.155,1,NA
"6021",7718,7719,"Sunlight_Hours",7.26,1,NA
"6022",7720,7721,"Soil_Moisture",25.21,1,NA
"6023",7722,7723,"Field_Area_hectare",10.44,1,NA
"6024",0,0,NA,0,-1,"Low"
"6025",0,0,NA,0,-1,"Medium"
"6026",7724,7725,"Sunlight_Hours",8.72,1,NA
"6027",7726,7727,"Irrigation_Type",1,1,NA
"6028",0,0,NA,0,-1,"Medium"
"6029",7728,7729,"Previous_Irrigation_mm",85.435,1,NA
"6030",7730,7731,"Temperature_C",25.87,1,NA
"6031",7732,7733,"Soil_Moisture",25.03,1,NA
"6032",0,0,NA,0,-1,"Low"
"6033",7734,7735,"Previous_Irrigation_mm",25.38,1,NA
"6034",7736,7737,"Humidity",44.98,1,NA
"6035",7738,7739,"Soil_Moisture",23.565,1,NA
"6036",0,0,NA,0,-1,"Medium"
"6037",0,0,NA,0,-1,"Low"
"6038",7740,7741,"Soil_pH",5.57,1,NA
"6039",0,0,NA,0,-1,"Low"
"6040",0,0,NA,0,-1,"Medium"
"6041",7742,7743,"Crop_Type",2,1,NA
"6042",0,0,NA,0,-1,"Low"
"6043",0,0,NA,0,-1,"Medium"
"6044",0,0,NA,0,-1,"Low"
"6045",0,0,NA,0,-1,"Medium"
"6046",0,0,NA,0,-1,"Low"
"6047",0,0,NA,0,-1,"Medium"
"6048",0,0,NA,0,-1,"Medium"
"6049",7744,7745,"Electrical_Conductivity",0.515,1,NA
"6050",0,0,NA,0,-1,"Medium"
"6051",7746,7747,"Sunlight_Hours",10.655,1,NA
"6052",0,0,NA,0,-1,"Medium"
"6053",7748,7749,"Electrical_Conductivity",0.12,1,NA
"6054",7750,7751,"Rainfall_mm",860.165,1,NA
"6055",7752,7753,"Rainfall_mm",2443.13,1,NA
"6056",7754,7755,"Humidity",33.455,1,NA
"6057",0,0,NA,0,-1,"Medium"
"6058",0,0,NA,0,-1,"Medium"
"6059",0,0,NA,0,-1,"High"
"6060",7756,7757,"Soil_Moisture",18.78,1,NA
"6061",0,0,NA,0,-1,"Medium"
"6062",0,0,NA,0,-1,"Medium"
"6063",0,0,NA,0,-1,"High"
"6064",7758,7759,"Electrical_Conductivity",2.52,1,NA
"6065",7760,7761,"Rainfall_mm",494.585,1,NA
"6066",0,0,NA,0,-1,"Low"
"6067",7762,7763,"Rainfall_mm",526.39,1,NA
"6068",7764,7765,"Season",3,1,NA
"6069",7766,7767,"Soil_Type",2,1,NA
"6070",7768,7769,"Field_Area_hectare",8.925,1,NA
"6071",7770,7771,"Region",10,1,NA
"6072",7772,7773,"Soil_Moisture",26.875,1,NA
"6073",7774,7775,"Soil_pH",6.84,1,NA
"6074",0,0,NA,0,-1,"Low"
"6075",7776,7777,"Sunlight_Hours",8.575,1,NA
"6076",7778,7779,"Sunlight_Hours",7.15,1,NA
"6077",7780,7781,"Region",11,1,NA
"6078",7782,7783,"Soil_Type",5,1,NA
"6079",7784,7785,"Soil_Type",4,1,NA
"6080",7786,7787,"Rainfall_mm",657.345,1,NA
"6081",0,0,NA,0,-1,"Medium"
"6082",7788,7789,"Sunlight_Hours",7.375,1,NA
"6083",7790,7791,"Sunlight_Hours",6.945,1,NA
"6084",7792,7793,"Temperature_C",30.52,1,NA
"6085",0,0,NA,0,-1,"Medium"
"6086",0,0,NA,0,-1,"High"
"6087",7794,7795,"Irrigation_Type",3,1,NA
"6088",7796,7797,"Electrical_Conductivity",0.375,1,NA
"6089",7798,7799,"Temperature_C",30.985,1,NA
"6090",0,0,NA,0,-1,"High"
"6091",0,0,NA,0,-1,"Medium"
"6092",7800,7801,"Wind_Speed_kmh",16.63,1,NA
"6093",7802,7803,"Previous_Irrigation_mm",18.06,1,NA
"6094",7804,7805,"Organic_Carbon",0.805,1,NA
"6095",7806,7807,"Field_Area_hectare",0.62,1,NA
"6096",7808,7809,"Sunlight_Hours",10.485,1,NA
"6097",7810,7811,"Sunlight_Hours",5.28,1,NA
"6098",7812,7813,"Soil_Moisture",12.945,1,NA
"6099",7814,7815,"Rainfall_mm",2485.115,1,NA
"6100",7816,7817,"Field_Area_hectare",14.67,1,NA
"6101",0,0,NA,0,-1,"High"
"6102",0,0,NA,0,-1,"Medium"
"6103",7818,7819,"Sunlight_Hours",6.01,1,NA
"6104",0,0,NA,0,-1,"Medium"
"6105",0,0,NA,0,-1,"Low"
"6106",0,0,NA,0,-1,"Medium"
"6107",7820,7821,"Wind_Speed_kmh",10.605,1,NA
"6108",0,0,NA,0,-1,"Medium"
"6109",7822,7823,"Sunlight_Hours",5.04,1,NA
"6110",7824,7825,"Soil_Moisture",63.6,1,NA
"6111",7826,7827,"Previous_Irrigation_mm",108.09,1,NA
"6112",7828,7829,"Field_Area_hectare",0.63,1,NA
"6113",7830,7831,"Rainfall_mm",635.415,1,NA
"6114",7832,7833,"Electrical_Conductivity",3.285,1,NA
"6115",7834,7835,"Wind_Speed_kmh",10.055,1,NA
"6116",0,0,NA,0,-1,"Medium"
"6117",7836,7837,"Soil_Moisture",30.895,1,NA
"6118",7838,7839,"Field_Area_hectare",10.875,1,NA
"6119",0,0,NA,0,-1,"Medium"
"6120",0,0,NA,0,-1,"Medium"
"6121",7840,7841,"Season",1,1,NA
"6122",7842,7843,"Soil_Moisture",25.275,1,NA
"6123",7844,7845,"Irrigation_Type",2,1,NA
"6124",0,0,NA,0,-1,"Medium"
"6125",7846,7847,"Previous_Irrigation_mm",10.06,1,NA
"6126",7848,7849,"Organic_Carbon",0.88,1,NA
"6127",7850,7851,"Soil_Type",7,1,NA
"6128",7852,7853,"Soil_Type",2,1,NA
"6129",7854,7855,"Temperature_C",36.555,1,NA
"6130",0,0,NA,0,-1,"Medium"
"6131",0,0,NA,0,-1,"High"
"6132",0,0,NA,0,-1,"Medium"
"6133",0,0,NA,0,-1,"Low"
"6134",7856,7857,"Wind_Speed_kmh",4.995,1,NA
"6135",0,0,NA,0,-1,"Low"
"6136",0,0,NA,0,-1,"Medium"
"6137",0,0,NA,0,-1,"Low"
"6138",0,0,NA,0,-1,"Low"
"6139",7858,7859,"Soil_Moisture",31.045,1,NA
"6140",7860,7861,"Wind_Speed_kmh",14.575,1,NA
"6141",0,0,NA,0,-1,"Low"
"6142",0,0,NA,0,-1,"Low"
"6143",0,0,NA,0,-1,"Medium"
"6144",7862,7863,"Soil_pH",6.555,1,NA
"6145",0,0,NA,0,-1,"Low"
"6146",0,0,NA,0,-1,"Low"
"6147",7864,7865,"Crop_Type",1,1,NA
"6148",7866,7867,"Electrical_Conductivity",2.48,1,NA
"6149",7868,7869,"Soil_Moisture",54.45,1,NA
"6150",0,0,NA,0,-1,"Low"
"6151",0,0,NA,0,-1,"Medium"
"6152",7870,7871,"Temperature_C",32.18,1,NA
"6153",0,0,NA,0,-1,"Low"
"6154",7872,7873,"Temperature_C",13.95,1,NA
"6155",7874,7875,"Soil_pH",6.82,1,NA
"6156",0,0,NA,0,-1,"Low"
"6157",7876,7877,"Previous_Irrigation_mm",82.075,1,NA
"6158",7878,7879,"Soil_Type",4,1,NA
"6159",7880,7881,"Crop_Type",14,1,NA
"6160",7882,7883,"Field_Area_hectare",8.565,1,NA
"6161",0,0,NA,0,-1,"Low"
"6162",7884,7885,"Electrical_Conductivity",0.68,1,NA
"6163",7886,7887,"Organic_Carbon",1.19,1,NA
"6164",7888,7889,"Irrigation_Type",4,1,NA
"6165",7890,7891,"Electrical_Conductivity",0.625,1,NA
"6166",0,0,NA,0,-1,"Medium"
"6167",0,0,NA,0,-1,"Low"
"6168",0,0,NA,0,-1,"Low"
"6169",0,0,NA,0,-1,"Medium"
"6170",0,0,NA,0,-1,"Low"
"6171",7892,7893,"Water_Source",2,1,NA
"6172",7894,7895,"Soil_Moisture",9.145,1,NA
"6173",0,0,NA,0,-1,"Low"
"6174",0,0,NA,0,-1,"Low"
"6175",7896,7897,"Humidity",54.365,1,NA
"6176",7898,7899,"Soil_Moisture",8.53,1,NA
"6177",0,0,NA,0,-1,"Low"
"6178",7900,7901,"Region",2,1,NA
"6179",7902,7903,"Previous_Irrigation_mm",11.785,1,NA
"6180",0,0,NA,0,-1,"Medium"
"6181",0,0,NA,0,-1,"Low"
"6182",7904,7905,"Organic_Carbon",1.105,1,NA
"6183",7906,7907,"Humidity",81.545,1,NA
"6184",7908,7909,"Field_Area_hectare",1.655,1,NA
"6185",7910,7911,"Wind_Speed_kmh",2.97,1,NA
"6186",0,0,NA,0,-1,"Low"
"6187",7912,7913,"Region",4,1,NA
"6188",0,0,NA,0,-1,"Low"
"6189",7914,7915,"Electrical_Conductivity",1.14,1,NA
"6190",0,0,NA,0,-1,"Medium"
"6191",7916,7917,"Humidity",46.925,1,NA
"6192",7918,7919,"Soil_pH",5.82,1,NA
"6193",0,0,NA,0,-1,"Low"
"6194",0,0,NA,0,-1,"Low"
"6195",7920,7921,"Crop_Type",1,1,NA
"6196",7922,7923,"Crop_Type",2,1,NA
"6197",7924,7925,"Field_Area_hectare",1.505,1,NA
"6198",7926,7927,"Previous_Irrigation_mm",63.845,1,NA
"6199",7928,7929,"Soil_pH",7.395,1,NA
"6200",0,0,NA,0,-1,"Low"
"6201",0,0,NA,0,-1,"Medium"
"6202",7930,7931,"Field_Area_hectare",5.9,1,NA
"6203",0,0,NA,0,-1,"Medium"
"6204",0,0,NA,0,-1,"Medium"
"6205",7932,7933,"Crop_Growth_Stage",2,1,NA
"6206",0,0,NA,0,-1,"Medium"
"6207",0,0,NA,0,-1,"Low"
"6208",7934,7935,"Wind_Speed_kmh",9.825,1,NA
"6209",7936,7937,"Temperature_C",27.375,1,NA
"6210",7938,7939,"Humidity",40.66,1,NA
"6211",0,0,NA,0,-1,"Low"
"6212",7940,7941,"Rainfall_mm",1456.15,1,NA
"6213",7942,7943,"Irrigation_Type",5,1,NA
"6214",7944,7945,"Soil_Type",5,1,NA
"6215",7946,7947,"Soil_Type",2,1,NA
"6216",7948,7949,"Soil_Type",6,1,NA
"6217",0,0,NA,0,-1,"Low"
"6218",0,0,NA,0,-1,"Low"
"6219",7950,7951,"Sunlight_Hours",9.89,1,NA
"6220",7952,7953,"Organic_Carbon",0.455,1,NA
"6221",7954,7955,"Previous_Irrigation_mm",90.45,1,NA
"6222",7956,7957,"Humidity",73.36,1,NA
"6223",7958,7959,"Soil_pH",4.85,1,NA
"6224",0,0,NA,0,-1,"Low"
"6225",7960,7961,"Electrical_Conductivity",2.55,1,NA
"6226",7962,7963,"Soil_pH",7.13,1,NA
"6227",0,0,NA,0,-1,"Low"
"6228",7964,7965,"Rainfall_mm",1614.32,1,NA
"6229",7966,7967,"Soil_Moisture",24.955,1,NA
"6230",0,0,NA,0,-1,"Low"
"6231",0,0,NA,0,-1,"Medium"
"6232",7968,7969,"Temperature_C",15.875,1,NA
"6233",7970,7971,"Soil_Type",4,1,NA
"6234",0,0,NA,0,-1,"Low"
"6235",7972,7973,"Water_Source",1,1,NA
"6236",7974,7975,"Soil_pH",5.145,1,NA
"6237",7976,7977,"Temperature_C",24.77,1,NA
"6238",0,0,NA,0,-1,"Low"
"6239",7978,7979,"Rainfall_mm",1607.035,1,NA
"6240",0,0,NA,0,-1,"Low"
"6241",0,0,NA,0,-1,"Medium"
"6242",0,0,NA,0,-1,"Low"
"6243",7980,7981,"Sunlight_Hours",6.2,1,NA
"6244",7982,7983,"Sunlight_Hours",8,1,NA
"6245",0,0,NA,0,-1,"Low"
"6246",7984,7985,"Temperature_C",29.98,1,NA
"6247",0,0,NA,0,-1,"Low"
"6248",0,0,NA,0,-1,"Low"
"6249",7986,7987,"Field_Area_hectare",14.275,1,NA
"6250",7988,7989,"Crop_Type",4,1,NA
"6251",7990,7991,"Organic_Carbon",0.525,1,NA
"6252",7992,7993,"Organic_Carbon",1.565,1,NA
"6253",0,0,NA,0,-1,"Medium"
"6254",0,0,NA,0,-1,"Low"
"6255",0,0,NA,0,-1,"Medium"
"6256",0,0,NA,0,-1,"Low"
"6257",7994,7995,"Region",13,1,NA
"6258",7996,7997,"Water_Source",1,1,NA
"6259",7998,7999,"Sunlight_Hours",4.605,1,NA
"6260",0,0,NA,0,-1,"Medium"
"6261",8000,8001,"Region",4,1,NA
"6262",8002,8003,"Previous_Irrigation_mm",10.655,1,NA
"6263",8004,8005,"Temperature_C",30.72,1,NA
"6264",0,0,NA,0,-1,"Low"
"6265",0,0,NA,0,-1,"Medium"
"6266",8006,8007,"Sunlight_Hours",5.1,1,NA
"6267",8008,8009,"Region",1,1,NA
"6268",0,0,NA,0,-1,"High"
"6269",8010,8011,"Region",9,1,NA
"6270",8012,8013,"Sunlight_Hours",10.545,1,NA
"6271",8014,8015,"Rainfall_mm",757.67,1,NA
"6272",8016,8017,"Previous_Irrigation_mm",54.06,1,NA
"6273",8018,8019,"Soil_Moisture",10.885,1,NA
"6274",0,0,NA,0,-1,"Medium"
"6275",0,0,NA,0,-1,"High"
"6276",8020,8021,"Electrical_Conductivity",2.095,1,NA
"6277",8022,8023,"Season",1,1,NA
"6278",0,0,NA,0,-1,"High"
"6279",0,0,NA,0,-1,"Medium"
"6280",0,0,NA,0,-1,"Medium"
"6281",0,0,NA,0,-1,"High"
"6282",8024,8025,"Electrical_Conductivity",1.815,1,NA
"6283",0,0,NA,0,-1,"High"
"6284",0,0,NA,0,-1,"Medium"
"6285",0,0,NA,0,-1,"High"
"6286",8026,8027,"Previous_Irrigation_mm",100.065,1,NA
"6287",0,0,NA,0,-1,"Low"
"6288",8028,8029,"Soil_pH",5.755,1,NA
"6289",8030,8031,"Field_Area_hectare",4.12,1,NA
"6290",8032,8033,"Electrical_Conductivity",3.295,1,NA
"6291",8034,8035,"Temperature_C",32.79,1,NA
"6292",0,0,NA,0,-1,"Low"
"6293",8036,8037,"Soil_pH",7.795,1,NA
"6294",8038,8039,"Previous_Irrigation_mm",111.27,1,NA
"6295",8040,8041,"Humidity",94.56,1,NA
"6296",0,0,NA,0,-1,"Low"
"6297",0,0,NA,0,-1,"Medium"
"6298",0,0,NA,0,-1,"Low"
"6299",0,0,NA,0,-1,"Medium"
"6300",8042,8043,"Soil_Type",4,1,NA
"6301",0,0,NA,0,-1,"Medium"
"6302",0,0,NA,0,-1,"Low"
"6303",0,0,NA,0,-1,"Medium"
"6304",0,0,NA,0,-1,"Medium"
"6305",8044,8045,"Electrical_Conductivity",1.055,1,NA
"6306",8046,8047,"Previous_Irrigation_mm",31.945,1,NA
"6307",0,0,NA,0,-1,"Medium"
"6308",0,0,NA,0,-1,"Medium"
"6309",8048,8049,"Organic_Carbon",0.765,1,NA
"6310",8050,8051,"Humidity",32.575,1,NA
"6311",8052,8053,"Crop_Type",8,1,NA
"6312",8054,8055,"Crop_Type",4,1,NA
"6313",0,0,NA,0,-1,"Medium"
"6314",0,0,NA,0,-1,"Medium"
"6315",0,0,NA,0,-1,"Low"
"6316",8056,8057,"Temperature_C",35.87,1,NA
"6317",8058,8059,"Rainfall_mm",564.065,1,NA
"6318",8060,8061,"Temperature_C",33.605,1,NA
"6319",8062,8063,"Rainfall_mm",523.23,1,NA
"6320",0,0,NA,0,-1,"Low"
"6321",0,0,NA,0,-1,"Medium"
"6322",0,0,NA,0,-1,"Medium"
"6323",0,0,NA,0,-1,"Low"
"6324",0,0,NA,0,-1,"Low"
"6325",8064,8065,"Region",4,1,NA
"6326",8066,8067,"Sunlight_Hours",9.76,1,NA
"6327",0,0,NA,0,-1,"Medium"
"6328",0,0,NA,0,-1,"Medium"
"6329",0,0,NA,0,-1,"Low"
"6330",8068,8069,"Field_Area_hectare",6.085,1,NA
"6331",0,0,NA,0,-1,"Low"
"6332",0,0,NA,0,-1,"Low"
"6333",0,0,NA,0,-1,"Medium"
"6334",8070,8071,"Soil_Moisture",17.54,1,NA
"6335",8072,8073,"Wind_Speed_kmh",1.37,1,NA
"6336",0,0,NA,0,-1,"Medium"
"6337",0,0,NA,0,-1,"Low"
"6338",8074,8075,"Humidity",58.285,1,NA
"6339",8076,8077,"Season",3,1,NA
"6340",8078,8079,"Season",1,1,NA
"6341",8080,8081,"Humidity",80.95,1,NA
"6342",8082,8083,"Temperature_C",30.94,1,NA
"6343",8084,8085,"Electrical_Conductivity",1.975,1,NA
"6344",8086,8087,"Soil_pH",6.72,1,NA
"6345",8088,8089,"Irrigation_Type",4,1,NA
"6346",0,0,NA,0,-1,"Low"
"6347",0,0,NA,0,-1,"Medium"
"6348",8090,8091,"Irrigation_Type",1,1,NA
"6349",8092,8093,"Soil_pH",5.465,1,NA
"6350",8094,8095,"Sunlight_Hours",8.36,1,NA
"6351",8096,8097,"Soil_pH",8.175,1,NA
"6352",0,0,NA,0,-1,"Medium"
"6353",0,0,NA,0,-1,"Low"
"6354",8098,8099,"Rainfall_mm",138.83,1,NA
"6355",8100,8101,"Organic_Carbon",1.545,1,NA
"6356",0,0,NA,0,-1,"Low"
"6357",8102,8103,"Temperature_C",33.55,1,NA
"6358",8104,8105,"Previous_Irrigation_mm",0.57,1,NA
"6359",8106,8107,"Region",7,1,NA
"6360",8108,8109,"Crop_Type",1,1,NA
"6361",8110,8111,"Previous_Irrigation_mm",103.19,1,NA
"6362",0,0,NA,0,-1,"Medium"
"6363",0,0,NA,0,-1,"Low"
"6364",0,0,NA,0,-1,"Medium"
"6365",0,0,NA,0,-1,"Low"
"6366",8112,8113,"Organic_Carbon",0.715,1,NA
"6367",8114,8115,"Electrical_Conductivity",0.93,1,NA
"6368",0,0,NA,0,-1,"Medium"
"6369",0,0,NA,0,-1,"Low"
"6370",8116,8117,"Field_Area_hectare",2.165,1,NA
"6371",0,0,NA,0,-1,"Low"
"6372",8118,8119,"Rainfall_mm",1649.3,1,NA
"6373",0,0,NA,0,-1,"Low"
"6374",8120,8121,"Soil_pH",5.2,1,NA
"6375",8122,8123,"Crop_Type",8,1,NA
"6376",8124,8125,"Crop_Type",11,1,NA
"6377",8126,8127,"Field_Area_hectare",3.19,1,NA
"6378",0,0,NA,0,-1,"Medium"
"6379",0,0,NA,0,-1,"Low"
"6380",8128,8129,"Rainfall_mm",330.41,1,NA
"6381",8130,8131,"Soil_pH",5.915,1,NA
"6382",8132,8133,"Previous_Irrigation_mm",112.065,1,NA
"6383",8134,8135,"Rainfall_mm",2390.155,1,NA
"6384",0,0,NA,0,-1,"Medium"
"6385",8136,8137,"Field_Area_hectare",14.045,1,NA
"6386",0,0,NA,0,-1,"Low"
"6387",8138,8139,"Wind_Speed_kmh",3.37,1,NA
"6388",8140,8141,"Soil_pH",5.825,1,NA
"6389",8142,8143,"Humidity",39.56,1,NA
"6390",8144,8145,"Field_Area_hectare",14.98,1,NA
"6391",0,0,NA,0,-1,"Low"
"6392",8146,8147,"Previous_Irrigation_mm",49.955,1,NA
"6393",8148,8149,"Soil_Moisture",59.495,1,NA
"6394",0,0,NA,0,-1,"Medium"
"6395",0,0,NA,0,-1,"Low"
"6396",8150,8151,"Humidity",29.59,1,NA
"6397",0,0,NA,0,-1,"Low"
"6398",0,0,NA,0,-1,"Low"
"6399",8152,8153,"Field_Area_hectare",14.335,1,NA
"6400",8154,8155,"Rainfall_mm",47.865,1,NA
"6401",8156,8157,"Region",7,1,NA
"6402",0,0,NA,0,-1,"Medium"
"6403",0,0,NA,0,-1,"Low"
"6404",8158,8159,"Rainfall_mm",1834.905,1,NA
"6405",8160,8161,"Soil_Type",2,1,NA
"6406",8162,8163,"Humidity",35.8,1,NA
"6407",0,0,NA,0,-1,"Medium"
"6408",8164,8165,"Soil_pH",5.15,1,NA
"6409",8166,8167,"Soil_Moisture",25.02,1,NA
"6410",0,0,NA,0,-1,"Low"
"6411",8168,8169,"Sunlight_Hours",7.92,1,NA
"6412",0,0,NA,0,-1,"Low"
"6413",0,0,NA,0,-1,"Medium"
"6414",8170,8171,"Sunlight_Hours",7.865,1,NA
"6415",8172,8173,"Water_Source",4,1,NA
"6416",8174,8175,"Water_Source",1,1,NA
"6417",8176,8177,"Electrical_Conductivity",3.37,1,NA
"6418",0,0,NA,0,-1,"Medium"
"6419",0,0,NA,0,-1,"Low"
"6420",8178,8179,"Temperature_C",30.08,1,NA
"6421",0,0,NA,0,-1,"Low"
"6422",0,0,NA,0,-1,"Medium"
"6423",0,0,NA,0,-1,"Low"
"6424",8180,8181,"Temperature_C",12.155,1,NA
"6425",8182,8183,"Organic_Carbon",0.82,1,NA
"6426",8184,8185,"Wind_Speed_kmh",16.55,1,NA
"6427",0,0,NA,0,-1,"Medium"
"6428",0,0,NA,0,-1,"Low"
"6429",8186,8187,"Sunlight_Hours",5.84,1,NA
"6430",8188,8189,"Sunlight_Hours",10.88,1,NA
"6431",0,0,NA,0,-1,"Low"
"6432",8190,8191,"Wind_Speed_kmh",11.785,1,NA
"6433",8192,8193,"Region",1,1,NA
"6434",8194,8195,"Organic_Carbon",1.005,1,NA
"6435",8196,8197,"Soil_Moisture",24.355,1,NA
"6436",8198,8199,"Rainfall_mm",528.95,1,NA
"6437",8200,8201,"Previous_Irrigation_mm",78.87,1,NA
"6438",8202,8203,"Rainfall_mm",1178.825,1,NA
"6439",0,0,NA,0,-1,"Medium"
"6440",8204,8205,"Wind_Speed_kmh",10.65,1,NA
"6441",0,0,NA,0,-1,"Low"
"6442",8206,8207,"Soil_pH",7.655,1,NA
"6443",8208,8209,"Soil_pH",5.765,1,NA
"6444",8210,8211,"Wind_Speed_kmh",14.68,1,NA
"6445",8212,8213,"Previous_Irrigation_mm",70.91,1,NA
"6446",8214,8215,"Electrical_Conductivity",3.295,1,NA
"6447",8216,8217,"Field_Area_hectare",14.79,1,NA
"6448",0,0,NA,0,-1,"Medium"
"6449",0,0,NA,0,-1,"Low"
"6450",0,0,NA,0,-1,"Medium"
"6451",0,0,NA,0,-1,"Low"
"6452",8218,8219,"Wind_Speed_kmh",12.425,1,NA
"6453",8220,8221,"Humidity",25.985,1,NA
"6454",0,0,NA,0,-1,"Medium"
"6455",8222,8223,"Organic_Carbon",0.505,1,NA
"6456",0,0,NA,0,-1,"Low"
"6457",0,0,NA,0,-1,"Medium"
"6458",8224,8225,"Temperature_C",30.53,1,NA
"6459",8226,8227,"Region",2,1,NA
"6460",0,0,NA,0,-1,"Medium"
"6461",0,0,NA,0,-1,"Low"
"6462",0,0,NA,0,-1,"Low"
"6463",8228,8229,"Soil_pH",5.57,1,NA
"6464",0,0,NA,0,-1,"Medium"
"6465",0,0,NA,0,-1,"Low"
"6466",0,0,NA,0,-1,"Medium"
"6467",8230,8231,"Soil_Moisture",21.065,1,NA
"6468",8232,8233,"Previous_Irrigation_mm",111.24,1,NA
"6469",0,0,NA,0,-1,"Medium"
"6470",0,0,NA,0,-1,"Low"
"6471",8234,8235,"Temperature_C",30.18,1,NA
"6472",8236,8237,"Previous_Irrigation_mm",117.78,1,NA
"6473",0,0,NA,0,-1,"Low"
"6474",8238,8239,"Water_Source",7,1,NA
"6475",8240,8241,"Wind_Speed_kmh",17.345,1,NA
"6476",8242,8243,"Season",3,1,NA
"6477",8244,8245,"Organic_Carbon",0.88,1,NA
"6478",0,0,NA,0,-1,"Low"
"6479",0,0,NA,0,-1,"Medium"
"6480",0,0,NA,0,-1,"Medium"
"6481",0,0,NA,0,-1,"Low"
"6482",0,0,NA,0,-1,"Low"
"6483",8246,8247,"Sunlight_Hours",9.435,1,NA
"6484",8248,8249,"Humidity",25.225,1,NA
"6485",0,0,NA,0,-1,"Low"
"6486",8250,8251,"Season",1,1,NA
"6487",8252,8253,"Previous_Irrigation_mm",111.67,1,NA
"6488",0,0,NA,0,-1,"Medium"
"6489",0,0,NA,0,-1,"Low"
"6490",8254,8255,"Electrical_Conductivity",0.33,1,NA
"6491",8256,8257,"Soil_Moisture",23.12,1,NA
"6492",8258,8259,"Soil_Moisture",24.615,1,NA
"6493",8260,8261,"Soil_Moisture",27.59,1,NA
"6494",8262,8263,"Soil_Moisture",28.07,1,NA
"6495",8264,8265,"Soil_Moisture",25.945,1,NA
"6496",0,0,NA,0,-1,"Medium"
"6497",0,0,NA,0,-1,"Low"
"6498",8266,8267,"Organic_Carbon",0.985,1,NA
"6499",8268,8269,"Soil_pH",7.495,1,NA
"6500",0,0,NA,0,-1,"Medium"
"6501",0,0,NA,0,-1,"Low"
"6502",0,0,NA,0,-1,"Medium"
"6503",0,0,NA,0,-1,"High"
"6504",0,0,NA,0,-1,"Medium"
"6505",0,0,NA,0,-1,"High"
"6506",8270,8271,"Crop_Type",2,1,NA
"6507",0,0,NA,0,-1,"Medium"
"6508",8272,8273,"Sunlight_Hours",8.995,1,NA
"6509",0,0,NA,0,-1,"High"
"6510",8274,8275,"Sunlight_Hours",6.06,1,NA
"6511",0,0,NA,0,-1,"Medium"
"6512",8276,8277,"Soil_Type",4,1,NA
"6513",0,0,NA,0,-1,"Medium"
"6514",8278,8279,"Wind_Speed_kmh",13.905,1,NA
"6515",0,0,NA,0,-1,"Low"
"6516",0,0,NA,0,-1,"Low"
"6517",0,0,NA,0,-1,"Medium"
"6518",8280,8281,"Organic_Carbon",0.325,1,NA
"6519",0,0,NA,0,-1,"Low"
"6520",0,0,NA,0,-1,"Low"
"6521",0,0,NA,0,-1,"Medium"
"6522",8282,8283,"Previous_Irrigation_mm",57.91,1,NA
"6523",0,0,NA,0,-1,"Low"
"6524",0,0,NA,0,-1,"Low"
"6525",0,0,NA,0,-1,"Medium"
"6526",8284,8285,"Region",12,1,NA
"6527",8286,8287,"Soil_Type",3,1,NA
"6528",0,0,NA,0,-1,"Low"
"6529",0,0,NA,0,-1,"Medium"
"6530",0,0,NA,0,-1,"Medium"
"6531",8288,8289,"Electrical_Conductivity",0.23,1,NA
"6532",0,0,NA,0,-1,"Low"
"6533",0,0,NA,0,-1,"Medium"
"6534",8290,8291,"Soil_Moisture",61.525,1,NA
"6535",0,0,NA,0,-1,"Low"
"6536",0,0,NA,0,-1,"Low"
"6537",8292,8293,"Soil_pH",7.955,1,NA
"6538",0,0,NA,0,-1,"Low"
"6539",0,0,NA,0,-1,"Medium"
"6540",0,0,NA,0,-1,"High"
"6541",8294,8295,"Electrical_Conductivity",1.675,1,NA
"6542",0,0,NA,0,-1,"High"
"6543",0,0,NA,0,-1,"Medium"
"6544",0,0,NA,0,-1,"Low"
"6545",0,0,NA,0,-1,"Medium"
"6546",8296,8297,"Sunlight_Hours",6.885,1,NA
"6547",0,0,NA,0,-1,"Low"
"6548",8298,8299,"Sunlight_Hours",6.78,1,NA
"6549",0,0,NA,0,-1,"Low"
"6550",0,0,NA,0,-1,"Medium"
"6551",0,0,NA,0,-1,"Low"
"6552",0,0,NA,0,-1,"Medium"
"6553",8300,8301,"Field_Area_hectare",10.44,1,NA
"6554",8302,8303,"Water_Source",1,1,NA
"6555",8304,8305,"Field_Area_hectare",10.985,1,NA
"6556",0,0,NA,0,-1,"Medium"
"6557",8306,8307,"Crop_Type",5,1,NA
"6558",8308,8309,"Region",8,1,NA
"6559",0,0,NA,0,-1,"Medium"
"6560",8310,8311,"Organic_Carbon",0.345,1,NA
"6561",8312,8313,"Humidity",30.195,1,NA
"6562",8314,8315,"Region",14,1,NA
"6563",8316,8317,"Sunlight_Hours",6.32,1,NA
"6564",8318,8319,"Sunlight_Hours",5.35,1,NA
"6565",8320,8321,"Field_Area_hectare",2.525,1,NA
"6566",8322,8323,"Crop_Type",18,1,NA
"6567",8324,8325,"Previous_Irrigation_mm",36.105,1,NA
"6568",0,0,NA,0,-1,"Low"
"6569",0,0,NA,0,-1,"Medium"
"6570",8326,8327,"Organic_Carbon",1.115,1,NA
"6571",8328,8329,"Soil_Type",2,1,NA
"6572",0,0,NA,0,-1,"Medium"
"6573",0,0,NA,0,-1,"Low"
"6574",0,0,NA,0,-1,"High"
"6575",0,0,NA,0,-1,"Medium"
"6576",0,0,NA,0,-1,"Medium"
"6577",8330,8331,"Crop_Type",31,1,NA
"6578",8332,8333,"Soil_Type",6,1,NA
"6579",0,0,NA,0,-1,"Medium"
"6580",8334,8335,"Humidity",86.675,1,NA
"6581",0,0,NA,0,-1,"Medium"
"6582",0,0,NA,0,-1,"Low"
"6583",8336,8337,"Crop_Type",16,1,NA
"6584",0,0,NA,0,-1,"Medium"
"6585",0,0,NA,0,-1,"Low"
"6586",0,0,NA,0,-1,"Medium"
"6587",8338,8339,"Organic_Carbon",1.13,1,NA
"6588",8340,8341,"Crop_Growth_Stage",2,1,NA
"6589",8342,8343,"Field_Area_hectare",14.935,1,NA
"6590",8344,8345,"Soil_pH",5.385,1,NA
"6591",8346,8347,"Sunlight_Hours",9.515,1,NA
"6592",0,0,NA,0,-1,"Low"
"6593",8348,8349,"Sunlight_Hours",7.895,1,NA
"6594",0,0,NA,0,-1,"Medium"
"6595",0,0,NA,0,-1,"Low"
"6596",0,0,NA,0,-1,"Low"
"6597",0,0,NA,0,-1,"Medium"
"6598",8350,8351,"Electrical_Conductivity",2.74,1,NA
"6599",0,0,NA,0,-1,"Medium"
"6600",0,0,NA,0,-1,"Low"
"6601",8352,8353,"Rainfall_mm",8.035,1,NA
"6602",8354,8355,"Irrigation_Type",4,1,NA
"6603",8356,8357,"Wind_Speed_kmh",11.19,1,NA
"6604",0,0,NA,0,-1,"Medium"
"6605",8358,8359,"Humidity",57.265,1,NA
"6606",0,0,NA,0,-1,"Low"
"6607",0,0,NA,0,-1,"Medium"
"6608",8360,8361,"Region",4,1,NA
"6609",0,0,NA,0,-1,"High"
"6610",0,0,NA,0,-1,"High"
"6611",0,0,NA,0,-1,"Medium"
"6612",0,0,NA,0,-1,"Medium"
"6613",8362,8363,"Rainfall_mm",68.57,1,NA
"6614",0,0,NA,0,-1,"Medium"
"6615",0,0,NA,0,-1,"High"
"6616",0,0,NA,0,-1,"Low"
"6617",0,0,NA,0,-1,"Medium"
"6618",8364,8365,"Field_Area_hectare",6.94,1,NA
"6619",0,0,NA,0,-1,"Low"
"6620",8366,8367,"Soil_pH",7.6,1,NA
"6621",8368,8369,"Field_Area_hectare",13.44,1,NA
"6622",0,0,NA,0,-1,"High"
"6623",8370,8371,"Irrigation_Type",2,1,NA
"6624",8372,8373,"Field_Area_hectare",9.125,1,NA
"6625",0,0,NA,0,-1,"High"
"6626",0,0,NA,0,-1,"Low"
"6627",0,0,NA,0,-1,"High"
"6628",8374,8375,"Temperature_C",12.35,1,NA
"6629",8376,8377,"Soil_Moisture",15.675,1,NA
"6630",0,0,NA,0,-1,"Medium"
"6631",0,0,NA,0,-1,"High"
"6632",8378,8379,"Crop_Type",25,1,NA
"6633",8380,8381,"Mulching_Used",1,1,NA
"6634",8382,8383,"Soil_pH",5.175,1,NA
"6635",8384,8385,"Mulching_Used",1,1,NA
"6636",0,0,NA,0,-1,"Medium"
"6637",8386,8387,"Rainfall_mm",223.44,1,NA
"6638",8388,8389,"Season",2,1,NA
"6639",0,0,NA,0,-1,"Medium"
"6640",8390,8391,"Water_Source",1,1,NA
"6641",8392,8393,"Field_Area_hectare",13.29,1,NA
"6642",8394,8395,"Region",1,1,NA
"6643",0,0,NA,0,-1,"Medium"
"6644",0,0,NA,0,-1,"Medium"
"6645",0,0,NA,0,-1,"High"
"6646",8396,8397,"Region",1,1,NA
"6647",8398,8399,"Sunlight_Hours",6.075,1,NA
"6648",0,0,NA,0,-1,"Medium"
"6649",0,0,NA,0,-1,"Low"
"6650",8400,8401,"Temperature_C",15.45,1,NA
"6651",8402,8403,"Previous_Irrigation_mm",6.99,1,NA
"6652",8404,8405,"Humidity",54.97,1,NA
"6653",0,0,NA,0,-1,"Medium"
"6654",0,0,NA,0,-1,"Low"
"6655",0,0,NA,0,-1,"Medium"
"6656",0,0,NA,0,-1,"Medium"
"6657",0,0,NA,0,-1,"Low"
"6658",8406,8407,"Rainfall_mm",1528.89,1,NA
"6659",8408,8409,"Electrical_Conductivity",2.1,1,NA
"6660",8410,8411,"Sunlight_Hours",9.46,1,NA
"6661",8412,8413,"Field_Area_hectare",12.985,1,NA
"6662",8414,8415,"Electrical_Conductivity",0.205,1,NA
"6663",8416,8417,"Soil_Moisture",14.825,1,NA
"6664",8418,8419,"Mulching_Used",1,1,NA
"6665",0,0,NA,0,-1,"Low"
"6666",8420,8421,"Soil_pH",6.585,1,NA
"6667",0,0,NA,0,-1,"Low"
"6668",8422,8423,"Temperature_C",25.425,1,NA
"6669",0,0,NA,0,-1,"Low"
"6670",0,0,NA,0,-1,"Medium"
"6671",0,0,NA,0,-1,"Low"
"6672",0,0,NA,0,-1,"Low"
"6673",0,0,NA,0,-1,"Medium"
"6674",8424,8425,"Rainfall_mm",1038.145,1,NA
"6675",0,0,NA,0,-1,"Medium"
"6676",8426,8427,"Field_Area_hectare",2.625,1,NA
"6677",8428,8429,"Rainfall_mm",2113.55,1,NA
"6678",0,0,NA,0,-1,"Medium"
"6679",8430,8431,"Sunlight_Hours",9.64,1,NA
"6680",8432,8433,"Organic_Carbon",1.015,1,NA
"6681",8434,8435,"Irrigation_Type",2,1,NA
"6682",0,0,NA,0,-1,"Low"
"6683",8436,8437,"Soil_Moisture",21.455,1,NA
"6684",0,0,NA,0,-1,"Low"
"6685",0,0,NA,0,-1,"Medium"
"6686",8438,8439,"Temperature_C",40.15,1,NA
"6687",0,0,NA,0,-1,"Medium"
"6688",0,0,NA,0,-1,"Low"
"6689",0,0,NA,0,-1,"Medium"
"6690",0,0,NA,0,-1,"Low"
"6691",0,0,NA,0,-1,"Medium"
"6692",8440,8441,"Wind_Speed_kmh",12.665,1,NA
"6693",8442,8443,"Organic_Carbon",0.645,1,NA
"6694",0,0,NA,0,-1,"High"
"6695",0,0,NA,0,-1,"Medium"
"6696",8444,8445,"Soil_pH",5.55,1,NA
"6697",0,0,NA,0,-1,"Medium"
"6698",8446,8447,"Field_Area_hectare",13.445,1,NA
"6699",8448,8449,"Soil_Type",1,1,NA
"6700",8450,8451,"Sunlight_Hours",10.535,1,NA
"6701",8452,8453,"Organic_Carbon",1.55,1,NA
"6702",0,0,NA,0,-1,"Low"
"6703",8454,8455,"Humidity",70.395,1,NA
"6704",0,0,NA,0,-1,"Low"
"6705",8456,8457,"Mulching_Used",1,1,NA
"6706",8458,8459,"Previous_Irrigation_mm",103.65,1,NA
"6707",8460,8461,"Soil_Moisture",16.74,1,NA
"6708",0,0,NA,0,-1,"Medium"
"6709",8462,8463,"Wind_Speed_kmh",11.725,1,NA
"6710",8464,8465,"Sunlight_Hours",9.79,1,NA
"6711",8466,8467,"Previous_Irrigation_mm",44.74,1,NA
"6712",0,0,NA,0,-1,"Medium"
"6713",0,0,NA,0,-1,"Low"
"6714",8468,8469,"Soil_Moisture",8.39,1,NA
"6715",8470,8471,"Crop_Type",1,1,NA
"6716",8472,8473,"Mulching_Used",1,1,NA
"6717",0,0,NA,0,-1,"Low"
"6718",8474,8475,"Mulching_Used",1,1,NA
"6719",8476,8477,"Crop_Growth_Stage",2,1,NA
"6720",8478,8479,"Sunlight_Hours",5.31,1,NA
"6721",8480,8481,"Humidity",62.95,1,NA
"6722",8482,8483,"Wind_Speed_kmh",15.705,1,NA
"6723",0,0,NA,0,-1,"Medium"
"6724",0,0,NA,0,-1,"Medium"
"6725",8484,8485,"Humidity",70.76,1,NA
"6726",0,0,NA,0,-1,"Medium"
"6727",0,0,NA,0,-1,"Low"
"6728",8486,8487,"Rainfall_mm",2337.195,1,NA
"6729",8488,8489,"Soil_pH",4.905,1,NA
"6730",8490,8491,"Wind_Speed_kmh",17.975,1,NA
"6731",0,0,NA,0,-1,"Medium"
"6732",8492,8493,"Crop_Type",8,1,NA
"6733",8494,8495,"Soil_pH",7.055,1,NA
"6734",8496,8497,"Soil_Moisture",17.57,1,NA
"6735",8498,8499,"Crop_Type",8,1,NA
"6736",8500,8501,"Temperature_C",27.255,1,NA
"6737",0,0,NA,0,-1,"Medium"
"6738",0,0,NA,0,-1,"Medium"
"6739",8502,8503,"Irrigation_Type",6,1,NA
"6740",0,0,NA,0,-1,"Medium"
"6741",0,0,NA,0,-1,"Low"
"6742",0,0,NA,0,-1,"Medium"
"6743",8504,8505,"Wind_Speed_kmh",10.3,1,NA
"6744",8506,8507,"Soil_pH",5.035,1,NA
"6745",8508,8509,"Wind_Speed_kmh",13.415,1,NA
"6746",8510,8511,"Previous_Irrigation_mm",52.03,1,NA
"6747",0,0,NA,0,-1,"Medium"
"6748",8512,8513,"Region",12,1,NA
"6749",0,0,NA,0,-1,"Medium"
"6750",0,0,NA,0,-1,"Medium"
"6751",8514,8515,"Humidity",62.555,1,NA
"6752",8516,8517,"Soil_pH",7.6,1,NA
"6753",8518,8519,"Previous_Irrigation_mm",51.015,1,NA
"6754",0,0,NA,0,-1,"Medium"
"6755",8520,8521,"Soil_Moisture",23.96,1,NA
"6756",0,0,NA,0,-1,"Medium"
"6757",0,0,NA,0,-1,"Low"
"6758",8522,8523,"Sunlight_Hours",8.685,1,NA
"6759",8524,8525,"Electrical_Conductivity",1.105,1,NA
"6760",8526,8527,"Humidity",86.01,1,NA
"6761",8528,8529,"Electrical_Conductivity",3.235,1,NA
"6762",8530,8531,"Humidity",68.87,1,NA
"6763",8532,8533,"Field_Area_hectare",6.415,1,NA
"6764",8534,8535,"Water_Source",7,1,NA
"6765",0,0,NA,0,-1,"High"
"6766",0,0,NA,0,-1,"Medium"
"6767",0,0,NA,0,-1,"Low"
"6768",8536,8537,"Soil_Type",1,1,NA
"6769",8538,8539,"Soil_pH",5.46,1,NA
"6770",8540,8541,"Wind_Speed_kmh",16.795,1,NA
"6771",8542,8543,"Crop_Type",28,1,NA
"6772",8544,8545,"Electrical_Conductivity",1.305,1,NA
"6773",0,0,NA,0,-1,"Low"
"6774",8546,8547,"Soil_Moisture",13.12,1,NA
"6775",8548,8549,"Temperature_C",24.72,1,NA
"6776",0,0,NA,0,-1,"Low"
"6777",8550,8551,"Temperature_C",27.915,1,NA
"6778",8552,8553,"Rainfall_mm",2169.59,1,NA
"6779",8554,8555,"Previous_Irrigation_mm",61.265,1,NA
"6780",8556,8557,"Soil_Type",7,1,NA
"6781",8558,8559,"Temperature_C",31.89,1,NA
"6782",0,0,NA,0,-1,"Low"
"6783",8560,8561,"Field_Area_hectare",6.99,1,NA
"6784",8562,8563,"Electrical_Conductivity",1.755,1,NA
"6785",0,0,NA,0,-1,"Medium"
"6786",0,0,NA,0,-1,"Medium"
"6787",8564,8565,"Field_Area_hectare",12.375,1,NA
"6788",8566,8567,"Soil_Moisture",18.425,1,NA
"6789",8568,8569,"Soil_pH",5.085,1,NA
"6790",0,0,NA,0,-1,"Medium"
"6791",8570,8571,"Irrigation_Type",4,1,NA
"6792",8572,8573,"Wind_Speed_kmh",16.48,1,NA
"6793",0,0,NA,0,-1,"Medium"
"6794",0,0,NA,0,-1,"Medium"
"6795",0,0,NA,0,-1,"Low"
"6796",8574,8575,"Temperature_C",31.945,1,NA
"6797",8576,8577,"Wind_Speed_kmh",12.37,1,NA
"6798",8578,8579,"Field_Area_hectare",13.515,1,NA
"6799",0,0,NA,0,-1,"Medium"
"6800",8580,8581,"Wind_Speed_kmh",15.665,1,NA
"6801",8582,8583,"Soil_pH",6.46,1,NA
"6802",8584,8585,"Electrical_Conductivity",1.975,1,NA
"6803",8586,8587,"Temperature_C",41.79,1,NA
"6804",0,0,NA,0,-1,"Low"
"6805",0,0,NA,0,-1,"Medium"
"6806",8588,8589,"Soil_pH",4.855,1,NA
"6807",8590,8591,"Electrical_Conductivity",2.845,1,NA
"6808",0,0,NA,0,-1,"Medium"
"6809",8592,8593,"Crop_Type",1,1,NA
"6810",8594,8595,"Temperature_C",22.515,1,NA
"6811",8596,8597,"Rainfall_mm",2313.635,1,NA
"6812",8598,8599,"Wind_Speed_kmh",11.175,1,NA
"6813",8600,8601,"Soil_Moisture",47.83,1,NA
"6814",8602,8603,"Electrical_Conductivity",2.1,1,NA
"6815",0,0,NA,0,-1,"Low"
"6816",8604,8605,"Humidity",47.025,1,NA
"6817",8606,8607,"Region",8,1,NA
"6818",8608,8609,"Soil_Moisture",51.835,1,NA
"6819",8610,8611,"Wind_Speed_kmh",16.275,1,NA
"6820",0,0,NA,0,-1,"Medium"
"6821",0,0,NA,0,-1,"Low"
"6822",0,0,NA,0,-1,"Low"
"6823",0,0,NA,0,-1,"Medium"
"6824",8612,8613,"Electrical_Conductivity",0.18,1,NA
"6825",8614,8615,"Organic_Carbon",1.535,1,NA
"6826",0,0,NA,0,-1,"Medium"
"6827",0,0,NA,0,-1,"Low"
"6828",8616,8617,"Humidity",93.34,1,NA
"6829",8618,8619,"Rainfall_mm",693.32,1,NA
"6830",8620,8621,"Rainfall_mm",2174.94,1,NA
"6831",8622,8623,"Soil_Moisture",64.315,1,NA
"6832",0,0,NA,0,-1,"Low"
"6833",8624,8625,"Irrigation_Type",4,1,NA
"6834",0,0,NA,0,-1,"Low"
"6835",0,0,NA,0,-1,"Medium"
"6836",8626,8627,"Sunlight_Hours",6.865,1,NA
"6837",0,0,NA,0,-1,"Low"
"6838",8628,8629,"Wind_Speed_kmh",19.375,1,NA
"6839",8630,8631,"Soil_pH",7.615,1,NA
"6840",8632,8633,"Humidity",28.985,1,NA
"6841",8634,8635,"Field_Area_hectare",14.535,1,NA
"6842",0,0,NA,0,-1,"Low"
"6843",0,0,NA,0,-1,"Medium"
"6844",8636,8637,"Soil_pH",5.77,1,NA
"6845",8638,8639,"Organic_Carbon",0.715,1,NA
"6846",8640,8641,"Temperature_C",40.915,1,NA
"6847",8642,8643,"Soil_pH",7.07,1,NA
"6848",0,0,NA,0,-1,"Low"
"6849",8644,8645,"Irrigation_Type",6,1,NA
"6850",0,0,NA,0,-1,"Medium"
"6851",0,0,NA,0,-1,"Low"
"6852",8646,8647,"Season",2,1,NA
"6853",0,0,NA,0,-1,"Medium"
"6854",0,0,NA,0,-1,"Medium"
"6855",8648,8649,"Organic_Carbon",0.43,1,NA
"6856",0,0,NA,0,-1,"Low"
"6857",8650,8651,"Electrical_Conductivity",2.74,1,NA
"6858",8652,8653,"Field_Area_hectare",3.195,1,NA
"6859",8654,8655,"Soil_Type",1,1,NA
"6860",8656,8657,"Sunlight_Hours",10.7,1,NA
"6861",0,0,NA,0,-1,"Low"
"6862",0,0,NA,0,-1,"Low"
"6863",8658,8659,"Temperature_C",31.555,1,NA
"6864",0,0,NA,0,-1,"Medium"
"6865",0,0,NA,0,-1,"Low"
"6866",0,0,NA,0,-1,"Medium"
"6867",0,0,NA,0,-1,"Low"
"6868",0,0,NA,0,-1,"Medium"
"6869",8660,8661,"Sunlight_Hours",10.9,1,NA
"6870",0,0,NA,0,-1,"Medium"
"6871",0,0,NA,0,-1,"Low"
"6872",8662,8663,"Region",13,1,NA
"6873",0,0,NA,0,-1,"Low"
"6874",0,0,NA,0,-1,"Medium"
"6875",8664,8665,"Sunlight_Hours",7.585,1,NA
"6876",0,0,NA,0,-1,"Low"
"6877",8666,8667,"Electrical_Conductivity",2.645,1,NA
"6878",0,0,NA,0,-1,"Low"
"6879",0,0,NA,0,-1,"Medium"
"6880",0,0,NA,0,-1,"Medium"
"6881",0,0,NA,0,-1,"Low"
"6882",0,0,NA,0,-1,"Low"
"6883",8668,8669,"Rainfall_mm",2473.435,1,NA
"6884",8670,8671,"Irrigation_Type",2,1,NA
"6885",0,0,NA,0,-1,"Low"
"6886",0,0,NA,0,-1,"Medium"
"6887",0,0,NA,0,-1,"Low"
"6888",0,0,NA,0,-1,"Medium"
"6889",8672,8673,"Rainfall_mm",2478.78,1,NA
"6890",0,0,NA,0,-1,"Low"
"6891",0,0,NA,0,-1,"Medium"
"6892",8674,8675,"Organic_Carbon",1.07,1,NA
"6893",0,0,NA,0,-1,"Low"
"6894",0,0,NA,0,-1,"Low"
"6895",0,0,NA,0,-1,"Medium"
"6896",0,0,NA,0,-1,"Medium"
"6897",8676,8677,"Electrical_Conductivity",0.325,1,NA
"6898",8678,8679,"Season",2,1,NA
"6899",8680,8681,"Soil_pH",5.73,1,NA
"6900",8682,8683,"Crop_Growth_Stage",1,1,NA
"6901",8684,8685,"Soil_Moisture",59.37,1,NA
"6902",0,0,NA,0,-1,"Low"
"6903",8686,8687,"Soil_pH",6.675,1,NA
"6904",8688,8689,"Crop_Type",1,1,NA
"6905",8690,8691,"Electrical_Conductivity",0.19,1,NA
"6906",8692,8693,"Soil_pH",7.775,1,NA
"6907",0,0,NA,0,-1,"Low"
"6908",8694,8695,"Sunlight_Hours",6.69,1,NA
"6909",8696,8697,"Sunlight_Hours",4.735,1,NA
"6910",0,0,NA,0,-1,"Medium"
"6911",8698,8699,"Crop_Growth_Stage",1,1,NA
"6912",8700,8701,"Soil_Moisture",22.925,1,NA
"6913",0,0,NA,0,-1,"Low"
"6914",8702,8703,"Soil_pH",6.215,1,NA
"6915",8704,8705,"Wind_Speed_kmh",9.965,1,NA
"6916",8706,8707,"Field_Area_hectare",2.985,1,NA
"6917",8708,8709,"Soil_Moisture",42.13,1,NA
"6918",8710,8711,"Rainfall_mm",808.97,1,NA
"6919",8712,8713,"Field_Area_hectare",8.205,1,NA
"6920",0,0,NA,0,-1,"Medium"
"6921",0,0,NA,0,-1,"Low"
"6922",8714,8715,"Organic_Carbon",1.335,1,NA
"6923",8716,8717,"Temperature_C",15.345,1,NA
"6924",8718,8719,"Organic_Carbon",0.685,1,NA
"6925",8720,8721,"Organic_Carbon",1.275,1,NA
"6926",0,0,NA,0,-1,"Medium"
"6927",8722,8723,"Organic_Carbon",1.08,1,NA
"6928",0,0,NA,0,-1,"Low"
"6929",0,0,NA,0,-1,"Medium"
"6930",0,0,NA,0,-1,"Medium"
"6931",0,0,NA,0,-1,"Low"
"6932",8724,8725,"Temperature_C",15.755,1,NA
"6933",8726,8727,"Irrigation_Type",1,1,NA
"6934",8728,8729,"Organic_Carbon",0.48,1,NA
"6935",0,0,NA,0,-1,"Low"
"6936",8730,8731,"Region",12,1,NA
"6937",8732,8733,"Crop_Type",9,1,NA
"6938",0,0,NA,0,-1,"Medium"
"6939",8734,8735,"Electrical_Conductivity",1.955,1,NA
"6940",0,0,NA,0,-1,"Low"
"6941",0,0,NA,0,-1,"Medium"
"6942",0,0,NA,0,-1,"Medium"
"6943",0,0,NA,0,-1,"Low"
"6944",8736,8737,"Soil_Moisture",24.98,1,NA
"6945",8738,8739,"Soil_Moisture",26.85,1,NA
"6946",8740,8741,"Soil_Moisture",28.06,1,NA
"6947",8742,8743,"Organic_Carbon",1.19,1,NA
"6948",0,0,NA,0,-1,"Low"
"6949",0,0,NA,0,-1,"Medium"
"6950",8744,8745,"Soil_Moisture",40.365,1,NA
"6951",8746,8747,"Crop_Type",2,1,NA
"6952",8748,8749,"Soil_pH",7.255,1,NA
"6953",8750,8751,"Humidity",94.83,1,NA
"6954",0,0,NA,0,-1,"Medium"
"6955",8752,8753,"Soil_Moisture",63.87,1,NA
"6956",8754,8755,"Humidity",75.585,1,NA
"6957",8756,8757,"Soil_Type",7,1,NA
"6958",8758,8759,"Humidity",60.36,1,NA
"6959",8760,8761,"Season",2,1,NA
"6960",8762,8763,"Previous_Irrigation_mm",92.47,1,NA
"6961",0,0,NA,0,-1,"Low"
"6962",8764,8765,"Humidity",84.58,1,NA
"6963",8766,8767,"Wind_Speed_kmh",7.135,1,NA
"6964",0,0,NA,0,-1,"Medium"
"6965",8768,8769,"Previous_Irrigation_mm",111.195,1,NA
"6966",0,0,NA,0,-1,"Low"
"6967",8770,8771,"Previous_Irrigation_mm",38.62,1,NA
"6968",8772,8773,"Sunlight_Hours",10.625,1,NA
"6969",0,0,NA,0,-1,"Medium"
"6970",8774,8775,"Soil_Moisture",29.47,1,NA
"6971",0,0,NA,0,-1,"Low"
"6972",8776,8777,"Organic_Carbon",1.47,1,NA
"6973",8778,8779,"Field_Area_hectare",12.1,1,NA
"6974",8780,8781,"Temperature_C",19.99,1,NA
"6975",0,0,NA,0,-1,"Low"
"6976",8782,8783,"Field_Area_hectare",0.92,1,NA
"6977",8784,8785,"Field_Area_hectare",11.74,1,NA
"6978",8786,8787,"Crop_Growth_Stage",1,1,NA
"6979",8788,8789,"Wind_Speed_kmh",9.695,1,NA
"6980",8790,8791,"Sunlight_Hours",9.285,1,NA
"6981",0,0,NA,0,-1,"Medium"
"6982",8792,8793,"Wind_Speed_kmh",8.955,1,NA
"6983",8794,8795,"Sunlight_Hours",10.8,1,NA
"6984",0,0,NA,0,-1,"Low"
"6985",0,0,NA,0,-1,"Medium"
"6986",8796,8797,"Soil_Moisture",32.7,1,NA
"6987",8798,8799,"Soil_Moisture",27.2,1,NA
"6988",8800,8801,"Previous_Irrigation_mm",56.74,1,NA
"6989",8802,8803,"Soil_Moisture",25.33,1,NA
"6990",0,0,NA,0,-1,"Medium"
"6991",8804,8805,"Soil_Moisture",25.7,1,NA
"6992",0,0,NA,0,-1,"Medium"
"6993",0,0,NA,0,-1,"Low"
"6994",8806,8807,"Rainfall_mm",492.11,1,NA
"6995",0,0,NA,0,-1,"Low"
"6996",8808,8809,"Region",7,1,NA
"6997",8810,8811,"Crop_Type",2,1,NA
"6998",0,0,NA,0,-1,"Low"
"6999",0,0,NA,0,-1,"Medium"
"7000",0,0,NA,0,-1,"Low"
"7001",8812,8813,"Previous_Irrigation_mm",94.475,1,NA
"7002",8814,8815,"Region",15,1,NA
"7003",8816,8817,"Humidity",89.195,1,NA
"7004",8818,8819,"Previous_Irrigation_mm",82.355,1,NA
"7005",0,0,NA,0,-1,"Low"
"7006",8820,8821,"Electrical_Conductivity",3.035,1,NA
"7007",8822,8823,"Temperature_C",16.815,1,NA
"7008",8824,8825,"Soil_Type",2,1,NA
"7009",0,0,NA,0,-1,"Low"
"7010",0,0,NA,0,-1,"Low"
"7011",0,0,NA,0,-1,"Medium"
"7012",0,0,NA,0,-1,"Low"
"7013",8826,8827,"Region",8,1,NA
"7014",8828,8829,"Irrigation_Type",3,1,NA
"7015",8830,8831,"Humidity",74.565,1,NA
"7016",8832,8833,"Temperature_C",17.595,1,NA
"7017",8834,8835,"Wind_Speed_kmh",8.46,1,NA
"7018",0,0,NA,0,-1,"Medium"
"7019",0,0,NA,0,-1,"Low"
"7020",0,0,NA,0,-1,"Low"
"7021",0,0,NA,0,-1,"Medium"
"7022",0,0,NA,0,-1,"Low"
"7023",8836,8837,"Field_Area_hectare",10.74,1,NA
"7024",0,0,NA,0,-1,"Medium"
"7025",0,0,NA,0,-1,"Low"
"7026",8838,8839,"Organic_Carbon",1.075,1,NA
"7027",0,0,NA,0,-1,"Low"
"7028",0,0,NA,0,-1,"Medium"
"7029",0,0,NA,0,-1,"High"
"7030",8840,8841,"Temperature_C",23.615,1,NA
"7031",8842,8843,"Humidity",32.945,1,NA
"7032",8844,8845,"Crop_Type",24,1,NA
"7033",8846,8847,"Organic_Carbon",0.425,1,NA
"7034",8848,8849,"Rainfall_mm",891.5,1,NA
"7035",0,0,NA,0,-1,"Low"
"7036",8850,8851,"Organic_Carbon",1.46,1,NA
"7037",8852,8853,"Humidity",85.73,1,NA
"7038",8854,8855,"Irrigation_Type",3,1,NA
"7039",8856,8857,"Soil_pH",7.835,1,NA
"7040",8858,8859,"Field_Area_hectare",3.51,1,NA
"7041",8860,8861,"Humidity",80.975,1,NA
"7042",8862,8863,"Field_Area_hectare",8.865,1,NA
"7043",0,0,NA,0,-1,"Low"
"7044",0,0,NA,0,-1,"Low"
"7045",0,0,NA,0,-1,"Medium"
"7046",8864,8865,"Soil_Moisture",46.385,1,NA
"7047",8866,8867,"Soil_Moisture",34.835,1,NA
"7048",0,0,NA,0,-1,"Low"
"7049",8868,8869,"Soil_pH",7.895,1,NA
"7050",8870,8871,"Field_Area_hectare",2.75,1,NA
"7051",8872,8873,"Sunlight_Hours",6.37,1,NA
"7052",8874,8875,"Sunlight_Hours",4.04,1,NA
"7053",0,0,NA,0,-1,"Medium"
"7054",8876,8877,"Electrical_Conductivity",0.785,1,NA
"7055",0,0,NA,0,-1,"Medium"
"7056",0,0,NA,0,-1,"Medium"
"7057",8878,8879,"Soil_Moisture",64.705,1,NA
"7058",8880,8881,"Soil_Moisture",26.12,1,NA
"7059",8882,8883,"Soil_pH",5.235,1,NA
"7060",0,0,NA,0,-1,"Medium"
"7061",0,0,NA,0,-1,"High"
"7062",8884,8885,"Soil_Moisture",11.555,1,NA
"7063",8886,8887,"Temperature_C",17.01,1,NA
"7064",8888,8889,"Irrigation_Type",1,1,NA
"7065",0,0,NA,0,-1,"Medium"
"7066",0,0,NA,0,-1,"Medium"
"7067",0,0,NA,0,-1,"High"
"7068",8890,8891,"Humidity",29.765,1,NA
"7069",8892,8893,"Humidity",52.835,1,NA
"7070",8894,8895,"Wind_Speed_kmh",16.68,1,NA
"7071",8896,8897,"Soil_Type",4,1,NA
"7072",0,0,NA,0,-1,"Medium"
"7073",8898,8899,"Irrigation_Type",3,1,NA
"7074",0,0,NA,0,-1,"Medium"
"7075",0,0,NA,0,-1,"High"
"7076",8900,8901,"Rainfall_mm",17.115,1,NA
"7077",8902,8903,"Rainfall_mm",60.495,1,NA
"7078",0,0,NA,0,-1,"High"
"7079",0,0,NA,0,-1,"Medium"
"7080",8904,8905,"Humidity",73.525,1,NA
"7081",8906,8907,"Soil_Moisture",23.635,1,NA
"7082",8908,8909,"Field_Area_hectare",0.42,1,NA
"7083",8910,8911,"Irrigation_Type",7,1,NA
"7084",8912,8913,"Temperature_C",29.015,1,NA
"7085",8914,8915,"Crop_Type",31,1,NA
"7086",0,0,NA,0,-1,"Medium"
"7087",8916,8917,"Soil_pH",8.02,1,NA
"7088",8918,8919,"Temperature_C",18.985,1,NA
"7089",8920,8921,"Electrical_Conductivity",3.085,1,NA
"7090",0,0,NA,0,-1,"Low"
"7091",8922,8923,"Crop_Type",16,1,NA
"7092",8924,8925,"Soil_pH",8.105,1,NA
"7093",8926,8927,"Field_Area_hectare",13.345,1,NA
"7094",0,0,NA,0,-1,"Medium"
"7095",0,0,NA,0,-1,"High"
"7096",0,0,NA,0,-1,"Medium"
"7097",8928,8929,"Sunlight_Hours",6.645,1,NA
"7098",0,0,NA,0,-1,"Medium"
"7099",8930,8931,"Humidity",83.3,1,NA
"7100",0,0,NA,0,-1,"High"
"7101",0,0,NA,0,-1,"Medium"
"7102",0,0,NA,0,-1,"High"
"7103",0,0,NA,0,-1,"Medium"
"7104",8932,8933,"Soil_Moisture",60.455,1,NA
"7105",8934,8935,"Previous_Irrigation_mm",80.295,1,NA
"7106",0,0,NA,0,-1,"Medium"
"7107",8936,8937,"Organic_Carbon",1.255,1,NA
"7108",8938,8939,"Temperature_C",22.175,1,NA
"7109",0,0,NA,0,-1,"High"
"7110",8940,8941,"Electrical_Conductivity",3.13,1,NA
"7111",8942,8943,"Humidity",74.26,1,NA
"7112",8944,8945,"Field_Area_hectare",13.73,1,NA
"7113",0,0,NA,0,-1,"High"
"7114",0,0,NA,0,-1,"Medium"
"7115",0,0,NA,0,-1,"High"
"7116",8946,8947,"Rainfall_mm",49.34,1,NA
"7117",8948,8949,"Field_Area_hectare",12.05,1,NA
"7118",8950,8951,"Organic_Carbon",1.4,1,NA
"7119",8952,8953,"Electrical_Conductivity",1.32,1,NA
"7120",8954,8955,"Field_Area_hectare",10.335,1,NA
"7121",8956,8957,"Irrigation_Type",7,1,NA
"7122",0,0,NA,0,-1,"High"
"7123",0,0,NA,0,-1,"Medium"
"7124",8958,8959,"Season",3,1,NA
"7125",0,0,NA,0,-1,"Medium"
"7126",0,0,NA,0,-1,"Medium"
"7127",8960,8961,"Organic_Carbon",0.315,1,NA
"7128",0,0,NA,0,-1,"Medium"
"7129",0,0,NA,0,-1,"High"
"7130",8962,8963,"Temperature_C",12.285,1,NA
"7131",0,0,NA,0,-1,"Medium"
"7132",8964,8965,"Wind_Speed_kmh",11.505,1,NA
"7133",8966,8967,"Sunlight_Hours",5.795,1,NA
"7134",8968,8969,"Rainfall_mm",795.465,1,NA
"7135",8970,8971,"Soil_Moisture",9.61,1,NA
"7136",8972,8973,"Soil_pH",7.98,1,NA
"7137",8974,8975,"Soil_Moisture",11.995,1,NA
"7138",8976,8977,"Soil_pH",4.975,1,NA
"7139",8978,8979,"Organic_Carbon",1.465,1,NA
"7140",8980,8981,"Soil_Moisture",10.85,1,NA
"7141",8982,8983,"Organic_Carbon",1.475,1,NA
"7142",8984,8985,"Field_Area_hectare",2.335,1,NA
"7143",8986,8987,"Soil_Type",1,1,NA
"7144",8988,8989,"Humidity",92.53,1,NA
"7145",8990,8991,"Rainfall_mm",810.68,1,NA
"7146",8992,8993,"Sunlight_Hours",8.085,1,NA
"7147",0,0,NA,0,-1,"Medium"
"7148",8994,8995,"Soil_pH",8.125,1,NA
"7149",0,0,NA,0,-1,"Medium"
"7150",0,0,NA,0,-1,"Medium"
"7151",0,0,NA,0,-1,"High"
"7152",8996,8997,"Field_Area_hectare",3.62,1,NA
"7153",8998,8999,"Organic_Carbon",1.575,1,NA
"7154",9000,9001,"Soil_Moisture",20.625,1,NA
"7155",0,0,NA,0,-1,"Medium"
"7156",9002,9003,"Sunlight_Hours",10.81,1,NA
"7157",0,0,NA,0,-1,"Medium"
"7158",0,0,NA,0,-1,"High"
"7159",9004,9005,"Rainfall_mm",47.885,1,NA
"7160",9006,9007,"Temperature_C",35.145,1,NA
"7161",9008,9009,"Soil_Moisture",21.59,1,NA
"7162",9010,9011,"Field_Area_hectare",2.72,1,NA
"7163",0,0,NA,0,-1,"Medium"
"7164",9012,9013,"Temperature_C",38.675,1,NA
"7165",9014,9015,"Electrical_Conductivity",0.7,1,NA
"7166",9016,9017,"Soil_pH",5.105,1,NA
"7167",9018,9019,"Previous_Irrigation_mm",118.505,1,NA
"7168",9020,9021,"Region",2,1,NA
"7169",0,0,NA,0,-1,"High"
"7170",0,0,NA,0,-1,"Low"
"7171",0,0,NA,0,-1,"Medium"
"7172",9022,9023,"Humidity",42.225,1,NA
"7173",0,0,NA,0,-1,"Medium"
"7174",0,0,NA,0,-1,"High"
"7175",0,0,NA,0,-1,"Medium"
"7176",0,0,NA,0,-1,"High"
"7177",0,0,NA,0,-1,"Medium"
"7178",0,0,NA,0,-1,"High"
"7179",0,0,NA,0,-1,"Medium"
"7180",0,0,NA,0,-1,"Medium"
"7181",0,0,NA,0,-1,"High"
"7182",9024,9025,"Previous_Irrigation_mm",66.375,1,NA
"7183",0,0,NA,0,-1,"Medium"
"7184",9026,9027,"Temperature_C",30.315,1,NA
"7185",9028,9029,"Field_Area_hectare",4.03,1,NA
"7186",9030,9031,"Wind_Speed_kmh",9.775,1,NA
"7187",9032,9033,"Sunlight_Hours",10.595,1,NA
"7188",9034,9035,"Humidity",92.785,1,NA
"7189",0,0,NA,0,-1,"Medium"
"7190",0,0,NA,0,-1,"Low"
"7191",0,0,NA,0,-1,"Medium"
"7192",9036,9037,"Electrical_Conductivity",2.66,1,NA
"7193",0,0,NA,0,-1,"Medium"
"7194",0,0,NA,0,-1,"Medium"
"7195",9038,9039,"Electrical_Conductivity",0.255,1,NA
"7196",0,0,NA,0,-1,"Medium"
"7197",0,0,NA,0,-1,"Low"
"7198",9040,9041,"Soil_Moisture",58.64,1,NA
"7199",0,0,NA,0,-1,"Medium"
"7200",0,0,NA,0,-1,"Medium"
"7201",0,0,NA,0,-1,"High"
"7202",9042,9043,"Rainfall_mm",379.3,1,NA
"7203",0,0,NA,0,-1,"Medium"
"7204",9044,9045,"Temperature_C",31.68,1,NA
"7205",9046,9047,"Water_Source",2,1,NA
"7206",0,0,NA,0,-1,"High"
"7207",0,0,NA,0,-1,"Medium"
"7208",0,0,NA,0,-1,"High"
"7209",9048,9049,"Soil_Moisture",22.645,1,NA
"7210",0,0,NA,0,-1,"Medium"
"7211",9050,9051,"Rainfall_mm",846.2,1,NA
"7212",9052,9053,"Previous_Irrigation_mm",89.765,1,NA
"7213",0,0,NA,0,-1,"Medium"
"7214",9054,9055,"Soil_Moisture",24.345,1,NA
"7215",9056,9057,"Previous_Irrigation_mm",63.65,1,NA
"7216",0,0,NA,0,-1,"Medium"
"7217",0,0,NA,0,-1,"High"
"7218",0,0,NA,0,-1,"Medium"
"7219",9058,9059,"Sunlight_Hours",10.53,1,NA
"7220",9060,9061,"Previous_Irrigation_mm",90.355,1,NA
"7221",0,0,NA,0,-1,"Medium"
"7222",0,0,NA,0,-1,"Medium"
"7223",0,0,NA,0,-1,"High"
"7224",0,0,NA,0,-1,"Medium"
"7225",9062,9063,"Sunlight_Hours",8.895,1,NA
"7226",9064,9065,"Soil_pH",5.78,1,NA
"7227",9066,9067,"Electrical_Conductivity",3.29,1,NA
"7228",0,0,NA,0,-1,"Medium"
"7229",9068,9069,"Electrical_Conductivity",0.65,1,NA
"7230",9070,9071,"Water_Source",5,1,NA
"7231",0,0,NA,0,-1,"Medium"
"7232",0,0,NA,0,-1,"Medium"
"7233",0,0,NA,0,-1,"High"
"7234",0,0,NA,0,-1,"Medium"
"7235",9072,9073,"Organic_Carbon",0.745,1,NA
"7236",9074,9075,"Temperature_C",34.215,1,NA
"7237",9076,9077,"Water_Source",4,1,NA
"7238",0,0,NA,0,-1,"Medium"
"7239",9078,9079,"Region",9,1,NA
"7240",9080,9081,"Electrical_Conductivity",1.8,1,NA
"7241",0,0,NA,0,-1,"Medium"
"7242",9082,9083,"Soil_Moisture",8.4,1,NA
"7243",0,0,NA,0,-1,"Medium"
"7244",9084,9085,"Wind_Speed_kmh",9.65,1,NA
"7245",9086,9087,"Field_Area_hectare",1.01,1,NA
"7246",9088,9089,"Sunlight_Hours",6.985,1,NA
"7247",9090,9091,"Humidity",82.46,1,NA
"7248",0,0,NA,0,-1,"Medium"
"7249",0,0,NA,0,-1,"High"
"7250",0,0,NA,0,-1,"Medium"
"7251",0,0,NA,0,-1,"High"
"7252",9092,9093,"Rainfall_mm",2358.26,1,NA
"7253",0,0,NA,0,-1,"Medium"
"7254",0,0,NA,0,-1,"Medium"
"7255",9094,9095,"Season",2,1,NA
"7256",0,0,NA,0,-1,"Medium"
"7257",0,0,NA,0,-1,"Low"
"7258",9096,9097,"Humidity",70.98,1,NA
"7259",9098,9099,"Rainfall_mm",1643.29,1,NA
"7260",0,0,NA,0,-1,"Low"
"7261",0,0,NA,0,-1,"Medium"
"7262",0,0,NA,0,-1,"Medium"
"7263",9100,9101,"Rainfall_mm",566.555,1,NA
"7264",9102,9103,"Previous_Irrigation_mm",36.33,1,NA
"7265",0,0,NA,0,-1,"Medium"
"7266",0,0,NA,0,-1,"High"
"7267",9104,9105,"Electrical_Conductivity",0.245,1,NA
"7268",9106,9107,"Season",2,1,NA
"7269",9108,9109,"Previous_Irrigation_mm",30.435,1,NA
"7270",9110,9111,"Soil_Moisture",21.545,1,NA
"7271",9112,9113,"Humidity",47.515,1,NA
"7272",0,0,NA,0,-1,"High"
"7273",9114,9115,"Irrigation_Type",6,1,NA
"7274",9116,9117,"Region",10,1,NA
"7275",9118,9119,"Temperature_C",31.14,1,NA
"7276",9120,9121,"Field_Area_hectare",3.205,1,NA
"7277",0,0,NA,0,-1,"High"
"7278",0,0,NA,0,-1,"High"
"7279",0,0,NA,0,-1,"Medium"
"7280",0,0,NA,0,-1,"High"
"7281",0,0,NA,0,-1,"Medium"
"7282",9122,9123,"Electrical_Conductivity",3.275,1,NA
"7283",0,0,NA,0,-1,"Medium"
"7284",0,0,NA,0,-1,"High"
"7285",0,0,NA,0,-1,"Medium"
"7286",0,0,NA,0,-1,"Medium"
"7287",9124,9125,"Previous_Irrigation_mm",101.43,1,NA
"7288",0,0,NA,0,-1,"Medium"
"7289",0,0,NA,0,-1,"High"
"7290",9126,9127,"Humidity",58.795,1,NA
"7291",9128,9129,"Wind_Speed_kmh",15.855,1,NA
"7292",0,0,NA,0,-1,"Medium"
"7293",9130,9131,"Electrical_Conductivity",0.175,1,NA
"7294",9132,9133,"Previous_Irrigation_mm",53.78,1,NA
"7295",9134,9135,"Soil_Moisture",18.11,1,NA
"7296",9136,9137,"Wind_Speed_kmh",10.18,1,NA
"7297",9138,9139,"Humidity",89.175,1,NA
"7298",0,0,NA,0,-1,"High"
"7299",0,0,NA,0,-1,"Medium"
"7300",0,0,NA,0,-1,"High"
"7301",9140,9141,"Previous_Irrigation_mm",81.565,1,NA
"7302",9142,9143,"Soil_pH",6.805,1,NA
"7303",9144,9145,"Irrigation_Type",7,1,NA
"7304",9146,9147,"Soil_Moisture",31.61,1,NA
"7305",9148,9149,"Temperature_C",31.8,1,NA
"7306",0,0,NA,0,-1,"Medium"
"7307",0,0,NA,0,-1,"High"
"7308",0,0,NA,0,-1,"Medium"
"7309",0,0,NA,0,-1,"High"
"7310",0,0,NA,0,-1,"Medium"
"7311",9150,9151,"Rainfall_mm",357.275,1,NA
"7312",0,0,NA,0,-1,"Medium"
"7313",9152,9153,"Irrigation_Type",1,1,NA
"7314",9154,9155,"Field_Area_hectare",2.375,1,NA
"7315",0,0,NA,0,-1,"Medium"
"7316",9156,9157,"Soil_pH",5.295,1,NA
"7317",0,0,NA,0,-1,"High"
"7318",0,0,NA,0,-1,"Medium"
"7319",9158,9159,"Sunlight_Hours",7.865,1,NA
"7320",0,0,NA,0,-1,"High"
"7321",0,0,NA,0,-1,"Medium"
"7322",9160,9161,"Temperature_C",31.15,1,NA
"7323",0,0,NA,0,-1,"Medium"
"7324",0,0,NA,0,-1,"Medium"
"7325",0,0,NA,0,-1,"High"
"7326",0,0,NA,0,-1,"Medium"
"7327",0,0,NA,0,-1,"High"
"7328",0,0,NA,0,-1,"Medium"
"7329",0,0,NA,0,-1,"High"
"7330",0,0,NA,0,-1,"Medium"
"7331",9162,9163,"Soil_Moisture",38.605,1,NA
"7332",0,0,NA,0,-1,"High"
"7333",9164,9165,"Rainfall_mm",68.53,1,NA
"7334",0,0,NA,0,-1,"High"
"7335",9166,9167,"Rainfall_mm",86.03,1,NA
"7336",0,0,NA,0,-1,"Medium"
"7337",9168,9169,"Soil_pH",6.75,1,NA
"7338",9170,9171,"Sunlight_Hours",7.475,1,NA
"7339",9172,9173,"Temperature_C",39.04,1,NA
"7340",0,0,NA,0,-1,"Medium"
"7341",9174,9175,"Soil_Moisture",48.99,1,NA
"7342",0,0,NA,0,-1,"Medium"
"7343",0,0,NA,0,-1,"High"
"7344",9176,9177,"Rainfall_mm",576.49,1,NA
"7345",0,0,NA,0,-1,"Medium"
"7346",0,0,NA,0,-1,"High"
"7347",0,0,NA,0,-1,"Medium"
"7348",0,0,NA,0,-1,"High"
"7349",0,0,NA,0,-1,"Medium"
"7350",0,0,NA,0,-1,"High"
"7351",0,0,NA,0,-1,"Medium"
"7352",9178,9179,"Previous_Irrigation_mm",41.35,1,NA
"7353",0,0,NA,0,-1,"High"
"7354",9180,9181,"Water_Source",2,1,NA
"7355",0,0,NA,0,-1,"Medium"
"7356",0,0,NA,0,-1,"High"
"7357",0,0,NA,0,-1,"Medium"
"7358",9182,9183,"Electrical_Conductivity",1.875,1,NA
"7359",0,0,NA,0,-1,"Medium"
"7360",0,0,NA,0,-1,"Medium"
"7361",0,0,NA,0,-1,"High"
"7362",0,0,NA,0,-1,"Medium"
"7363",9184,9185,"Soil_pH",7.78,1,NA
"7364",0,0,NA,0,-1,"Medium"
"7365",0,0,NA,0,-1,"High"
"7366",0,0,NA,0,-1,"Medium"
"7367",9186,9187,"Sunlight_Hours",6.685,1,NA
"7368",0,0,NA,0,-1,"High"
"7369",9188,9189,"Humidity",67.09,1,NA
"7370",0,0,NA,0,-1,"High"
"7371",9190,9191,"Wind_Speed_kmh",2.835,1,NA
"7372",9192,9193,"Crop_Growth_Stage",1,1,NA
"7373",9194,9195,"Rainfall_mm",455.56,1,NA
"7374",9196,9197,"Season",2,1,NA
"7375",0,0,NA,0,-1,"High"
"7376",0,0,NA,0,-1,"Medium"
"7377",0,0,NA,0,-1,"High"
"7378",9198,9199,"Crop_Type",2,1,NA
"7379",0,0,NA,0,-1,"High"
"7380",9200,9201,"Humidity",60.105,1,NA
"7381",0,0,NA,0,-1,"High"
"7382",9202,9203,"Electrical_Conductivity",0.935,1,NA
"7383",0,0,NA,0,-1,"High"
"7384",0,0,NA,0,-1,"High"
"7385",0,0,NA,0,-1,"Medium"
"7386",9204,9205,"Sunlight_Hours",5.66,1,NA
"7387",0,0,NA,0,-1,"High"
"7388",9206,9207,"Organic_Carbon",1.56,1,NA
"7389",9208,9209,"Humidity",39.435,1,NA
"7390",0,0,NA,0,-1,"Medium"
"7391",9210,9211,"Organic_Carbon",1.14,1,NA
"7392",9212,9213,"Season",2,1,NA
"7393",0,0,NA,0,-1,"High"
"7394",9214,9215,"Electrical_Conductivity",1.845,1,NA
"7395",9216,9217,"Organic_Carbon",1.425,1,NA
"7396",9218,9219,"Soil_Moisture",24.905,1,NA
"7397",9220,9221,"Humidity",25.63,1,NA
"7398",0,0,NA,0,-1,"Medium"
"7399",9222,9223,"Electrical_Conductivity",1.175,1,NA
"7400",9224,9225,"Soil_Moisture",20.33,1,NA
"7401",9226,9227,"Temperature_C",35.535,1,NA
"7402",0,0,NA,0,-1,"Medium"
"7403",9228,9229,"Wind_Speed_kmh",10.895,1,NA
"7404",9230,9231,"Rainfall_mm",2183.85,1,NA
"7405",0,0,NA,0,-1,"Low"
"7406",0,0,NA,0,-1,"Medium"
"7407",0,0,NA,0,-1,"High"
"7408",0,0,NA,0,-1,"Medium"
"7409",0,0,NA,0,-1,"High"
"7410",0,0,NA,0,-1,"Medium"
"7411",9232,9233,"Previous_Irrigation_mm",20.795,1,NA
"7412",0,0,NA,0,-1,"Medium"
"7413",9234,9235,"Soil_Type",4,1,NA
"7414",9236,9237,"Temperature_C",32.77,1,NA
"7415",0,0,NA,0,-1,"Medium"
"7416",9238,9239,"Rainfall_mm",368.845,1,NA
"7417",9240,9241,"Water_Source",1,1,NA
"7418",0,0,NA,0,-1,"High"
"7419",9242,9243,"Soil_Moisture",57.265,1,NA
"7420",0,0,NA,0,-1,"High"
"7421",0,0,NA,0,-1,"Medium"
"7422",0,0,NA,0,-1,"Medium"
"7423",0,0,NA,0,-1,"Low"
"7424",9244,9245,"Soil_Type",7,1,NA
"7425",0,0,NA,0,-1,"Medium"
"7426",0,0,NA,0,-1,"High"
"7427",0,0,NA,0,-1,"Medium"
"7428",0,0,NA,0,-1,"Low"
"7429",0,0,NA,0,-1,"Medium"
"7430",0,0,NA,0,-1,"Medium"
"7431",0,0,NA,0,-1,"High"
"7432",0,0,NA,0,-1,"Medium"
"7433",0,0,NA,0,-1,"High"
"7434",9246,9247,"Field_Area_hectare",7.695,1,NA
"7435",0,0,NA,0,-1,"Medium"
"7436",9248,9249,"Humidity",26.53,1,NA
"7437",0,0,NA,0,-1,"Medium"
"7438",0,0,NA,0,-1,"High"
"7439",9250,9251,"Soil_Moisture",23.4,1,NA
"7440",0,0,NA,0,-1,"Medium"
"7441",9252,9253,"Electrical_Conductivity",2.855,1,NA
"7442",0,0,NA,0,-1,"Medium"
"7443",0,0,NA,0,-1,"High"
"7444",0,0,NA,0,-1,"Medium"
"7445",9254,9255,"Previous_Irrigation_mm",8.095,1,NA
"7446",9256,9257,"Soil_pH",7.83,1,NA
"7447",0,0,NA,0,-1,"Low"
"7448",0,0,NA,0,-1,"Medium"
"7449",9258,9259,"Field_Area_hectare",7.575,1,NA
"7450",0,0,NA,0,-1,"Medium"
"7451",9260,9261,"Rainfall_mm",2174.31,1,NA
"7452",0,0,NA,0,-1,"Medium"
"7453",0,0,NA,0,-1,"Low"
"7454",0,0,NA,0,-1,"High"
"7455",0,0,NA,0,-1,"Medium"
"7456",9262,9263,"Wind_Speed_kmh",2.17,1,NA
"7457",0,0,NA,0,-1,"Medium"
"7458",0,0,NA,0,-1,"High"
"7459",0,0,NA,0,-1,"Medium"
"7460",0,0,NA,0,-1,"High"
"7461",0,0,NA,0,-1,"Medium"
"7462",0,0,NA,0,-1,"High"
"7463",9264,9265,"Water_Source",4,1,NA
"7464",0,0,NA,0,-1,"Medium"
"7465",0,0,NA,0,-1,"High"
"7466",0,0,NA,0,-1,"Medium"
"7467",9266,9267,"Field_Area_hectare",7.595,1,NA
"7468",9268,9269,"Region",2,1,NA
"7469",9270,9271,"Rainfall_mm",90.11,1,NA
"7470",9272,9273,"Rainfall_mm",2164.015,1,NA
"7471",9274,9275,"Temperature_C",41.62,1,NA
"7472",0,0,NA,0,-1,"Medium"
"7473",0,0,NA,0,-1,"High"
"7474",9276,9277,"Wind_Speed_kmh",2.585,1,NA
"7475",0,0,NA,0,-1,"Low"
"7476",9278,9279,"Soil_pH",6.235,1,NA
"7477",0,0,NA,0,-1,"Low"
"7478",0,0,NA,0,-1,"Medium"
"7479",0,0,NA,0,-1,"Low"
"7480",9280,9281,"Wind_Speed_kmh",5.08,1,NA
"7481",9282,9283,"Temperature_C",39.65,1,NA
"7482",9284,9285,"Rainfall_mm",9.845,1,NA
"7483",0,0,NA,0,-1,"Medium"
"7484",9286,9287,"Previous_Irrigation_mm",19.355,1,NA
"7485",0,0,NA,0,-1,"Medium"
"7486",0,0,NA,0,-1,"Low"
"7487",9288,9289,"Previous_Irrigation_mm",24.65,1,NA
"7488",0,0,NA,0,-1,"High"
"7489",0,0,NA,0,-1,"Medium"
"7490",9290,9291,"Temperature_C",17.6,1,NA
"7491",0,0,NA,0,-1,"Medium"
"7492",0,0,NA,0,-1,"High"
"7493",0,0,NA,0,-1,"Medium"
"7494",0,0,NA,0,-1,"High"
"7495",0,0,NA,0,-1,"Medium"
"7496",0,0,NA,0,-1,"Low"
"7497",0,0,NA,0,-1,"Medium"
"7498",0,0,NA,0,-1,"Medium"
"7499",9292,9293,"Soil_Moisture",15.995,1,NA
"7500",0,0,NA,0,-1,"Low"
"7501",9294,9295,"Water_Source",1,1,NA
"7502",9296,9297,"Sunlight_Hours",7.31,1,NA
"7503",0,0,NA,0,-1,"Low"
"7504",9298,9299,"Soil_Type",7,1,NA
"7505",0,0,NA,0,-1,"Low"
"7506",9300,9301,"Soil_Type",4,1,NA
"7507",0,0,NA,0,-1,"Low"
"7508",0,0,NA,0,-1,"Low"
"7509",0,0,NA,0,-1,"Medium"
"7510",9302,9303,"Crop_Type",2,1,NA
"7511",9304,9305,"Soil_Moisture",63.965,1,NA
"7512",9306,9307,"Water_Source",4,1,NA
"7513",0,0,NA,0,-1,"Low"
"7514",9308,9309,"Crop_Type",16,1,NA
"7515",0,0,NA,0,-1,"Medium"
"7516",9310,9311,"Wind_Speed_kmh",8.735,1,NA
"7517",0,0,NA,0,-1,"Low"
"7518",9312,9313,"Water_Source",5,1,NA
"7519",9314,9315,"Rainfall_mm",630.275,1,NA
"7520",9316,9317,"Season",3,1,NA
"7521",0,0,NA,0,-1,"Low"
"7522",0,0,NA,0,-1,"Medium"
"7523",0,0,NA,0,-1,"Low"
"7524",0,0,NA,0,-1,"Low"
"7525",0,0,NA,0,-1,"Medium"
"7526",9318,9319,"Sunlight_Hours",5.455,1,NA
"7527",0,0,NA,0,-1,"Low"
"7528",0,0,NA,0,-1,"Low"
"7529",0,0,NA,0,-1,"Medium"
"7530",0,0,NA,0,-1,"Medium"
"7531",9320,9321,"Organic_Carbon",1.105,1,NA
"7532",9322,9323,"Humidity",48.1,1,NA
"7533",9324,9325,"Irrigation_Type",5,1,NA
"7534",0,0,NA,0,-1,"Medium"
"7535",9326,9327,"Field_Area_hectare",1.285,1,NA
"7536",9328,9329,"Sunlight_Hours",10.915,1,NA
"7537",9330,9331,"Wind_Speed_kmh",8,1,NA
"7538",0,0,NA,0,-1,"Medium"
"7539",0,0,NA,0,-1,"Low"
"7540",0,0,NA,0,-1,"Medium"
"7541",9332,9333,"Electrical_Conductivity",3.03,1,NA
"7542",0,0,NA,0,-1,"Low"
"7543",9334,9335,"Electrical_Conductivity",1.615,1,NA
"7544",0,0,NA,0,-1,"Medium"
"7545",0,0,NA,0,-1,"Low"
"7546",0,0,NA,0,-1,"Medium"
"7547",0,0,NA,0,-1,"Low"
"7548",0,0,NA,0,-1,"Low"
"7549",9336,9337,"Water_Source",7,1,NA
"7550",0,0,NA,0,-1,"Low"
"7551",9338,9339,"Field_Area_hectare",1.735,1,NA
"7552",0,0,NA,0,-1,"Medium"
"7553",0,0,NA,0,-1,"Low"
"7554",9340,9341,"Rainfall_mm",2496.24,1,NA
"7555",9342,9343,"Soil_Moisture",24.94,1,NA
"7556",9344,9345,"Organic_Carbon",0.97,1,NA
"7557",0,0,NA,0,-1,"Medium"
"7558",0,0,NA,0,-1,"Low"
"7559",0,0,NA,0,-1,"Medium"
"7560",0,0,NA,0,-1,"Low"
"7561",0,0,NA,0,-1,"Medium"
"7562",0,0,NA,0,-1,"High"
"7563",0,0,NA,0,-1,"Medium"
"7564",9346,9347,"Rainfall_mm",92.575,1,NA
"7565",9348,9349,"Soil_Type",5,1,NA
"7566",0,0,NA,0,-1,"Medium"
"7567",9350,9351,"Previous_Irrigation_mm",17.17,1,NA
"7568",0,0,NA,0,-1,"Medium"
"7569",0,0,NA,0,-1,"Low"
"7570",9352,9353,"Sunlight_Hours",4.98,1,NA
"7571",9354,9355,"Previous_Irrigation_mm",106.85,1,NA
"7572",9356,9357,"Sunlight_Hours",8.805,1,NA
"7573",9358,9359,"Region",8,1,NA
"7574",9360,9361,"Soil_pH",7.965,1,NA
"7575",9362,9363,"Season",1,1,NA
"7576",9364,9365,"Water_Source",2,1,NA
"7577",9366,9367,"Temperature_C",30.305,1,NA
"7578",9368,9369,"Wind_Speed_kmh",3.79,1,NA
"7579",0,0,NA,0,-1,"Low"
"7580",9370,9371,"Previous_Irrigation_mm",74.95,1,NA
"7581",9372,9373,"Water_Source",6,1,NA
"7582",0,0,NA,0,-1,"Medium"
"7583",9374,9375,"Temperature_C",31.33,1,NA
"7584",0,0,NA,0,-1,"Medium"
"7585",9376,9377,"Temperature_C",30.905,1,NA
"7586",0,0,NA,0,-1,"Medium"
"7587",9378,9379,"Wind_Speed_kmh",9.58,1,NA
"7588",0,0,NA,0,-1,"Low"
"7589",0,0,NA,0,-1,"Medium"
"7590",0,0,NA,0,-1,"Low"
"7591",9380,9381,"Electrical_Conductivity",3.105,1,NA
"7592",9382,9383,"Organic_Carbon",0.32,1,NA
"7593",9384,9385,"Soil_pH",7.16,1,NA
"7594",9386,9387,"Soil_Type",7,1,NA
"7595",9388,9389,"Soil_Moisture",54.715,1,NA
"7596",9390,9391,"Region",4,1,NA
"7597",9392,9393,"Region",10,1,NA
"7598",9394,9395,"Sunlight_Hours",10.805,1,NA
"7599",0,0,NA,0,-1,"Low"
"7600",9396,9397,"Crop_Type",18,1,NA
"7601",0,0,NA,0,-1,"Low"
"7602",9398,9399,"Crop_Type",8,1,NA
"7603",0,0,NA,0,-1,"Low"
"7604",0,0,NA,0,-1,"Medium"
"7605",0,0,NA,0,-1,"Low"
"7606",9400,9401,"Humidity",54.615,1,NA
"7607",9402,9403,"Previous_Irrigation_mm",16.135,1,NA
"7608",0,0,NA,0,-1,"Medium"
"7609",9404,9405,"Rainfall_mm",1837.555,1,NA
"7610",0,0,NA,0,-1,"Medium"
"7611",0,0,NA,0,-1,"Low"
"7612",9406,9407,"Humidity",59.04,1,NA
"7613",9408,9409,"Crop_Type",16,1,NA
"7614",0,0,NA,0,-1,"Medium"
"7615",9410,9411,"Humidity",65.035,1,NA
"7616",0,0,NA,0,-1,"High"
"7617",0,0,NA,0,-1,"Medium"
"7618",9412,9413,"Temperature_C",32.51,1,NA
"7619",0,0,NA,0,-1,"Medium"
"7620",9414,9415,"Temperature_C",30.295,1,NA
"7621",9416,9417,"Field_Area_hectare",14.585,1,NA
"7622",9418,9419,"Temperature_C",34.91,1,NA
"7623",9420,9421,"Temperature_C",32.635,1,NA
"7624",0,0,NA,0,-1,"Low"
"7625",9422,9423,"Rainfall_mm",1125.48,1,NA
"7626",0,0,NA,0,-1,"Low"
"7627",0,0,NA,0,-1,"Medium"
"7628",9424,9425,"Electrical_Conductivity",3.465,1,NA
"7629",0,0,NA,0,-1,"Medium"
"7630",9426,9427,"Humidity",28.265,1,NA
"7631",9428,9429,"Soil_Type",1,1,NA
"7632",0,0,NA,0,-1,"Low"
"7633",9430,9431,"Soil_pH",7.27,1,NA
"7634",9432,9433,"Soil_pH",4.945,1,NA
"7635",9434,9435,"Region",6,1,NA
"7636",9436,9437,"Electrical_Conductivity",3.375,1,NA
"7637",9438,9439,"Temperature_C",32.995,1,NA
"7638",0,0,NA,0,-1,"Low"
"7639",9440,9441,"Sunlight_Hours",9.255,1,NA
"7640",0,0,NA,0,-1,"Low"
"7641",9442,9443,"Organic_Carbon",1.05,1,NA
"7642",9444,9445,"Soil_Type",6,1,NA
"7643",0,0,NA,0,-1,"Medium"
"7644",0,0,NA,0,-1,"Medium"
"7645",0,0,NA,0,-1,"High"
"7646",0,0,NA,0,-1,"Medium"
"7647",9446,9447,"Field_Area_hectare",2.12,1,NA
"7648",9448,9449,"Irrigation_Type",5,1,NA
"7649",9450,9451,"Temperature_C",41.7,1,NA
"7650",0,0,NA,0,-1,"Low"
"7651",9452,9453,"Wind_Speed_kmh",1.025,1,NA
"7652",9454,9455,"Region",1,1,NA
"7653",9456,9457,"Soil_Moisture",27.235,1,NA
"7654",9458,9459,"Soil_Moisture",45.465,1,NA
"7655",9460,9461,"Soil_Type",1,1,NA
"7656",9462,9463,"Sunlight_Hours",10.625,1,NA
"7657",9464,9465,"Soil_Moisture",25.225,1,NA
"7658",0,0,NA,0,-1,"Medium"
"7659",0,0,NA,0,-1,"High"
"7660",0,0,NA,0,-1,"Medium"
"7661",0,0,NA,0,-1,"High"
"7662",0,0,NA,0,-1,"Medium"
"7663",0,0,NA,0,-1,"High"
"7664",0,0,NA,0,-1,"Medium"
"7665",0,0,NA,0,-1,"High"
"7666",0,0,NA,0,-1,"High"
"7667",0,0,NA,0,-1,"Medium"
"7668",9466,9467,"Field_Area_hectare",13.025,1,NA
"7669",0,0,NA,0,-1,"High"
"7670",0,0,NA,0,-1,"Medium"
"7671",0,0,NA,0,-1,"High"
"7672",9468,9469,"Humidity",50.965,1,NA
"7673",9470,9471,"Rainfall_mm",69.615,1,NA
"7674",0,0,NA,0,-1,"High"
"7675",0,0,NA,0,-1,"Medium"
"7676",9472,9473,"Wind_Speed_kmh",15.705,1,NA
"7677",0,0,NA,0,-1,"High"
"7678",0,0,NA,0,-1,"High"
"7679",0,0,NA,0,-1,"Medium"
"7680",0,0,NA,0,-1,"High"
"7681",0,0,NA,0,-1,"Medium"
"7682",0,0,NA,0,-1,"Medium"
"7683",0,0,NA,0,-1,"High"
"7684",0,0,NA,0,-1,"Low"
"7685",0,0,NA,0,-1,"Medium"
"7686",9474,9475,"Electrical_Conductivity",0.88,1,NA
"7687",9476,9477,"Humidity",51.86,1,NA
"7688",9478,9479,"Rainfall_mm",190.485,1,NA
"7689",0,0,NA,0,-1,"Medium"
"7690",9480,9481,"Region",8,1,NA
"7691",0,0,NA,0,-1,"Medium"
"7692",9482,9483,"Previous_Irrigation_mm",106.755,1,NA
"7693",9484,9485,"Previous_Irrigation_mm",27.94,1,NA
"7694",9486,9487,"Field_Area_hectare",5.41,1,NA
"7695",9488,9489,"Rainfall_mm",286.365,1,NA
"7696",0,0,NA,0,-1,"Medium"
"7697",0,0,NA,0,-1,"High"
"7698",9490,9491,"Electrical_Conductivity",0.885,1,NA
"7699",0,0,NA,0,-1,"Medium"
"7700",9492,9493,"Previous_Irrigation_mm",66.02,1,NA
"7701",9494,9495,"Crop_Type",8,1,NA
"7702",0,0,NA,0,-1,"Low"
"7703",0,0,NA,0,-1,"Medium"
"7704",0,0,NA,0,-1,"Low"
"7705",9496,9497,"Previous_Irrigation_mm",11.04,1,NA
"7706",9498,9499,"Humidity",68.015,1,NA
"7707",9500,9501,"Region",4,1,NA
"7708",0,0,NA,0,-1,"Medium"
"7709",0,0,NA,0,-1,"Low"
"7710",9502,9503,"Temperature_C",14.015,1,NA
"7711",0,0,NA,0,-1,"Medium"
"7712",9504,9505,"Previous_Irrigation_mm",92.375,1,NA
"7713",9506,9507,"Crop_Type",21,1,NA
"7714",0,0,NA,0,-1,"Medium"
"7715",0,0,NA,0,-1,"Low"
"7716",9508,9509,"Soil_Moisture",19.89,1,NA
"7717",9510,9511,"Soil_Moisture",26.475,1,NA
"7718",9512,9513,"Soil_Moisture",24.725,1,NA
"7719",9514,9515,"Wind_Speed_kmh",19.135,1,NA
"7720",0,0,NA,0,-1,"Medium"
"7721",0,0,NA,0,-1,"Low"
"7722",9516,9517,"Temperature_C",13.99,1,NA
"7723",0,0,NA,0,-1,"Low"
"7724",9518,9519,"Field_Area_hectare",10.64,1,NA
"7725",9520,9521,"Soil_Moisture",25.24,1,NA
"7726",9522,9523,"Soil_Moisture",24.49,1,NA
"7727",9524,9525,"Wind_Speed_kmh",14.865,1,NA
"7728",9526,9527,"Soil_Type",2,1,NA
"7729",9528,9529,"Previous_Irrigation_mm",89.49,1,NA
"7730",9530,9531,"Electrical_Conductivity",2.875,1,NA
"7731",0,0,NA,0,-1,"Low"
"7732",0,0,NA,0,-1,"Medium"
"7733",9532,9533,"Crop_Type",1,1,NA
"7734",9534,9535,"Humidity",29.86,1,NA
"7735",9536,9537,"Crop_Type",9,1,NA
"7736",9538,9539,"Soil_Moisture",26.2,1,NA
"7737",0,0,NA,0,-1,"Medium"
"7738",0,0,NA,0,-1,"Medium"
"7739",0,0,NA,0,-1,"Low"
"7740",9540,9541,"Sunlight_Hours",5.095,1,NA
"7741",0,0,NA,0,-1,"Medium"
"7742",0,0,NA,0,-1,"Medium"
"7743",9542,9543,"Soil_pH",7.88,1,NA
"7744",9544,9545,"Previous_Irrigation_mm",31.275,1,NA
"7745",9546,9547,"Field_Area_hectare",0.525,1,NA
"7746",9548,9549,"Soil_pH",6.715,1,NA
"7747",9550,9551,"Sunlight_Hours",10.68,1,NA
"7748",9552,9553,"Soil_Moisture",47.835,1,NA
"7749",9554,9555,"Wind_Speed_kmh",15.325,1,NA
"7750",9556,9557,"Irrigation_Type",3,1,NA
"7751",0,0,NA,0,-1,"Medium"
"7752",9558,9559,"Wind_Speed_kmh",19.545,1,NA
"7753",9560,9561,"Rainfall_mm",2472.165,1,NA
"7754",0,0,NA,0,-1,"High"
"7755",0,0,NA,0,-1,"Medium"
"7756",0,0,NA,0,-1,"Medium"
"7757",9562,9563,"Soil_Moisture",20.42,1,NA
"7758",0,0,NA,0,-1,"Low"
"7759",0,0,NA,0,-1,"Medium"
"7760",0,0,NA,0,-1,"Low"
"7761",9564,9565,"Region",3,1,NA
"7762",9566,9567,"Organic_Carbon",0.445,1,NA
"7763",0,0,NA,0,-1,"Medium"
"7764",0,0,NA,0,-1,"Low"
"7765",9568,9569,"Organic_Carbon",0.825,1,NA
"7766",9570,9571,"Temperature_C",26.055,1,NA
"7767",9572,9573,"Field_Area_hectare",4.34,1,NA
"7768",9574,9575,"Soil_pH",5.155,1,NA
"7769",9576,9577,"Soil_Moisture",29.16,1,NA
"7770",9578,9579,"Sunlight_Hours",9.245,1,NA
"7771",9580,9581,"Wind_Speed_kmh",19.94,1,NA
"7772",9582,9583,"Organic_Carbon",0.975,1,NA
"7773",9584,9585,"Sunlight_Hours",7.205,1,NA
"7774",9586,9587,"Soil_Moisture",55.365,1,NA
"7775",0,0,NA,0,-1,"Low"
"7776",9588,9589,"Rainfall_mm",951.54,1,NA
"7777",9590,9591,"Humidity",43.45,1,NA
"7778",0,0,NA,0,-1,"Low"
"7779",9592,9593,"Temperature_C",27.455,1,NA
"7780",0,0,NA,0,-1,"Low"
"7781",9594,9595,"Field_Area_hectare",1.33,1,NA
"7782",0,0,NA,0,-1,"Low"
"7783",9596,9597,"Season",3,1,NA
"7784",9598,9599,"Organic_Carbon",1.305,1,NA
"7785",0,0,NA,0,-1,"Low"
"7786",0,0,NA,0,-1,"Medium"
"7787",0,0,NA,0,-1,"Low"
"7788",0,0,NA,0,-1,"Medium"
"7789",0,0,NA,0,-1,"High"
"7790",9600,9601,"Humidity",27.71,1,NA
"7791",0,0,NA,0,-1,"Medium"
"7792",9602,9603,"Soil_Moisture",10.73,1,NA
"7793",9604,9605,"Soil_Moisture",23.345,1,NA
"7794",9606,9607,"Rainfall_mm",1375.925,1,NA
"7795",9608,9609,"Organic_Carbon",0.9,1,NA
"7796",9610,9611,"Humidity",30.36,1,NA
"7797",0,0,NA,0,-1,"Medium"
"7798",0,0,NA,0,-1,"High"
"7799",9612,9613,"Water_Source",2,1,NA
"7800",9614,9615,"Wind_Speed_kmh",16.395,1,NA
"7801",0,0,NA,0,-1,"Medium"
"7802",9616,9617,"Previous_Irrigation_mm",17.83,1,NA
"7803",9618,9619,"Previous_Irrigation_mm",59.635,1,NA
"7804",9620,9621,"Sunlight_Hours",4.015,1,NA
"7805",9622,9623,"Season",2,1,NA
"7806",9624,9625,"Sunlight_Hours",9.45,1,NA
"7807",9626,9627,"Field_Area_hectare",4.63,1,NA
"7808",9628,9629,"Soil_pH",5.045,1,NA
"7809",9630,9631,"Organic_Carbon",1.065,1,NA
"7810",0,0,NA,0,-1,"High"
"7811",9632,9633,"Crop_Type",12,1,NA
"7812",9634,9635,"Sunlight_Hours",10.43,1,NA
"7813",9636,9637,"Crop_Type",8,1,NA
"7814",9638,9639,"Sunlight_Hours",10.985,1,NA
"7815",9640,9641,"Soil_Type",4,1,NA
"7816",9642,9643,"Crop_Growth_Stage",1,1,NA
"7817",0,0,NA,0,-1,"Medium"
"7818",0,0,NA,0,-1,"Medium"
"7819",0,0,NA,0,-1,"Low"
"7820",9644,9645,"Sunlight_Hours",5.47,1,NA
"7821",0,0,NA,0,-1,"Medium"
"7822",0,0,NA,0,-1,"Low"
"7823",0,0,NA,0,-1,"Medium"
"7824",9646,9647,"Electrical_Conductivity",2.365,1,NA
"7825",9648,9649,"Organic_Carbon",0.895,1,NA
"7826",9650,9651,"Temperature_C",31.085,1,NA
"7827",9652,9653,"Previous_Irrigation_mm",108.16,1,NA
"7828",9654,9655,"Humidity",48.15,1,NA
"7829",9656,9657,"Sunlight_Hours",5.825,1,NA
"7830",0,0,NA,0,-1,"Low"
"7831",9658,9659,"Wind_Speed_kmh",10.71,1,NA
"7832",9660,9661,"Region",8,1,NA
"7833",9662,9663,"Wind_Speed_kmh",17.47,1,NA
"7834",9664,9665,"Previous_Irrigation_mm",69.19,1,NA
"7835",9666,9667,"Soil_pH",8.035,1,NA
"7836",9668,9669,"Crop_Type",28,1,NA
"7837",9670,9671,"Organic_Carbon",1.535,1,NA
"7838",0,0,NA,0,-1,"Medium"
"7839",9672,9673,"Field_Area_hectare",11.14,1,NA
"7840",0,0,NA,0,-1,"Low"
"7841",0,0,NA,0,-1,"Medium"
"7842",0,0,NA,0,-1,"Medium"
"7843",0,0,NA,0,-1,"Low"
"7844",9674,9675,"Electrical_Conductivity",3.42,1,NA
"7845",9676,9677,"Previous_Irrigation_mm",113.855,1,NA
"7846",0,0,NA,0,-1,"Low"
"7847",0,0,NA,0,-1,"Medium"
"7848",0,0,NA,0,-1,"Medium"
"7849",0,0,NA,0,-1,"Low"
"7850",0,0,NA,0,-1,"Medium"
"7851",0,0,NA,0,-1,"Low"
"7852",9678,9679,"Wind_Speed_kmh",11.92,1,NA
"7853",0,0,NA,0,-1,"Medium"
"7854",9680,9681,"Crop_Type",14,1,NA
"7855",9682,9683,"Temperature_C",36.565,1,NA
"7856",0,0,NA,0,-1,"Low"
"7857",9684,9685,"Rainfall_mm",1127.72,1,NA
"7858",9686,9687,"Soil_pH",7.19,1,NA
"7859",9688,9689,"Organic_Carbon",1.19,1,NA
"7860",0,0,NA,0,-1,"Medium"
"7861",9690,9691,"Rainfall_mm",2317.195,1,NA
"7862",0,0,NA,0,-1,"Medium"
"7863",0,0,NA,0,-1,"Low"
"7864",9692,9693,"Humidity",92.175,1,NA
"7865",0,0,NA,0,-1,"Low"
"7866",0,0,NA,0,-1,"Low"
"7867",0,0,NA,0,-1,"Medium"
"7868",0,0,NA,0,-1,"Low"
"7869",9694,9695,"Wind_Speed_kmh",7.4,1,NA
"7870",0,0,NA,0,-1,"Low"
"7871",9696,9697,"Rainfall_mm",1669.39,1,NA
"7872",9698,9699,"Temperature_C",13.89,1,NA
"7873",9700,9701,"Temperature_C",35.355,1,NA
"7874",0,0,NA,0,-1,"Low"
"7875",0,0,NA,0,-1,"Medium"
"7876",0,0,NA,0,-1,"Medium"
"7877",0,0,NA,0,-1,"Low"
"7878",9702,9703,"Previous_Irrigation_mm",104.255,1,NA
"7879",0,0,NA,0,-1,"Low"
"7880",0,0,NA,0,-1,"Low"
"7881",9704,9705,"Humidity",94.855,1,NA
"7882",0,0,NA,0,-1,"Medium"
"7883",0,0,NA,0,-1,"Low"
"7884",0,0,NA,0,-1,"Low"
"7885",0,0,NA,0,-1,"Medium"
"7886",0,0,NA,0,-1,"Medium"
"7887",9706,9707,"Sunlight_Hours",10.48,1,NA
"7888",0,0,NA,0,-1,"Low"
"7889",0,0,NA,0,-1,"Medium"
"7890",9708,9709,"Water_Source",1,1,NA
"7891",0,0,NA,0,-1,"Medium"
"7892",9710,9711,"Previous_Irrigation_mm",69.6,1,NA
"7893",0,0,NA,0,-1,"Medium"
"7894",9712,9713,"Humidity",54.08,1,NA
"7895",0,0,NA,0,-1,"Low"
"7896",9714,9715,"Organic_Carbon",0.815,1,NA
"7897",9716,9717,"Organic_Carbon",1.48,1,NA
"7898",0,0,NA,0,-1,"Medium"
"7899",0,0,NA,0,-1,"Low"
"7900",9718,9719,"Mulching_Used",1,1,NA
"7901",0,0,NA,0,-1,"Low"
"7902",0,0,NA,0,-1,"Medium"
"7903",0,0,NA,0,-1,"Low"
"7904",9720,9721,"Rainfall_mm",2139.505,1,NA
"7905",9722,9723,"Temperature_C",13.26,1,NA
"7906",0,0,NA,0,-1,"Low"
"7907",0,0,NA,0,-1,"Medium"
"7908",9724,9725,"Region",1,1,NA
"7909",9726,9727,"Field_Area_hectare",14.06,1,NA
"7910",0,0,NA,0,-1,"Medium"
"7911",0,0,NA,0,-1,"Low"
"7912",9728,9729,"Humidity",58.3,1,NA
"7913",9730,9731,"Irrigation_Type",1,1,NA
"7914",0,0,NA,0,-1,"Low"
"7915",0,0,NA,0,-1,"Medium"
"7916",9732,9733,"Humidity",32.65,1,NA
"7917",9734,9735,"Field_Area_hectare",0.38,1,NA
"7918",0,0,NA,0,-1,"Low"
"7919",0,0,NA,0,-1,"Medium"
"7920",0,0,NA,0,-1,"Medium"
"7921",9736,9737,"Soil_pH",6.24,1,NA
"7922",0,0,NA,0,-1,"Medium"
"7923",9738,9739,"Region",8,1,NA
"7924",9740,9741,"Previous_Irrigation_mm",104.72,1,NA
"7925",0,0,NA,0,-1,"Low"
"7926",0,0,NA,0,-1,"Medium"
"7927",0,0,NA,0,-1,"Low"
"7928",0,0,NA,0,-1,"Low"
"7929",9742,9743,"Region",10,1,NA
"7930",0,0,NA,0,-1,"Medium"
"7931",0,0,NA,0,-1,"Low"
"7932",0,0,NA,0,-1,"Medium"
"7933",0,0,NA,0,-1,"Low"
"7934",0,0,NA,0,-1,"Low"
"7935",9744,9745,"Electrical_Conductivity",1.865,1,NA
"7936",9746,9747,"Soil_Moisture",23.69,1,NA
"7937",0,0,NA,0,-1,"Medium"
"7938",9748,9749,"Organic_Carbon",0.35,1,NA
"7939",9750,9751,"Organic_Carbon",0.625,1,NA
"7940",0,0,NA,0,-1,"Low"
"7941",0,0,NA,0,-1,"Medium"
"7942",9752,9753,"Previous_Irrigation_mm",100.2,1,NA
"7943",9754,9755,"Organic_Carbon",1.15,1,NA
"7944",0,0,NA,0,-1,"Medium"
"7945",9756,9757,"Previous_Irrigation_mm",21.615,1,NA
"7946",9758,9759,"Electrical_Conductivity",2.38,1,NA
"7947",0,0,NA,0,-1,"Low"
"7948",0,0,NA,0,-1,"Medium"
"7949",9760,9761,"Soil_Moisture",12.94,1,NA
"7950",0,0,NA,0,-1,"Medium"
"7951",0,0,NA,0,-1,"Low"
"7952",0,0,NA,0,-1,"Low"
"7953",9762,9763,"Temperature_C",24.16,1,NA
"7954",9764,9765,"Rainfall_mm",1545.545,1,NA
"7955",9766,9767,"Rainfall_mm",622.35,1,NA
"7956",9768,9769,"Rainfall_mm",885.95,1,NA
"7957",0,0,NA,0,-1,"Medium"
"7958",0,0,NA,0,-1,"Medium"
"7959",9770,9771,"Rainfall_mm",2450.07,1,NA
"7960",0,0,NA,0,-1,"Medium"
"7961",0,0,NA,0,-1,"Low"
"7962",0,0,NA,0,-1,"Low"
"7963",0,0,NA,0,-1,"Medium"
"7964",9772,9773,"Soil_Moisture",16.975,1,NA
"7965",0,0,NA,0,-1,"Medium"
"7966",9774,9775,"Rainfall_mm",2060.68,1,NA
"7967",9776,9777,"Wind_Speed_kmh",5.21,1,NA
"7968",9778,9779,"Temperature_C",15.835,1,NA
"7969",9780,9781,"Humidity",32.64,1,NA
"7970",0,0,NA,0,-1,"Medium"
"7971",0,0,NA,0,-1,"Low"
"7972",0,0,NA,0,-1,"Medium"
"7973",0,0,NA,0,-1,"Low"
"7974",9782,9783,"Rainfall_mm",2376.465,1,NA
"7975",9784,9785,"Humidity",82.325,1,NA
"7976",0,0,NA,0,-1,"Low"
"7977",9786,9787,"Rainfall_mm",1336.555,1,NA
"7978",0,0,NA,0,-1,"Low"
"7979",0,0,NA,0,-1,"Medium"
"7980",0,0,NA,0,-1,"Medium"
"7981",0,0,NA,0,-1,"Low"
"7982",0,0,NA,0,-1,"Medium"
"7983",0,0,NA,0,-1,"Low"
"7984",9788,9789,"Crop_Type",10,1,NA
"7985",0,0,NA,0,-1,"Medium"
"7986",9790,9791,"Previous_Irrigation_mm",103.735,1,NA
"7987",0,0,NA,0,-1,"Medium"
"7988",9792,9793,"Previous_Irrigation_mm",98.935,1,NA
"7989",0,0,NA,0,-1,"Medium"
"7990",0,0,NA,0,-1,"Medium"
"7991",9794,9795,"Irrigation_Type",3,1,NA
"7992",9796,9797,"Region",4,1,NA
"7993",0,0,NA,0,-1,"Low"
"7994",0,0,NA,0,-1,"Medium"
"7995",9798,9799,"Sunlight_Hours",4.51,1,NA
"7996",9800,9801,"Sunlight_Hours",4.275,1,NA
"7997",9802,9803,"Rainfall_mm",881.53,1,NA
"7998",9804,9805,"Soil_pH",7.96,1,NA
"7999",9806,9807,"Irrigation_Type",2,1,NA
"8000",9808,9809,"Rainfall_mm",1064.165,1,NA
"8001",0,0,NA,0,-1,"Medium"
"8002",9810,9811,"Soil_Type",6,1,NA
"8003",9812,9813,"Crop_Type",8,1,NA
"8004",9814,9815,"Water_Source",2,1,NA
"8005",9816,9817,"Field_Area_hectare",14.515,1,NA
"8006",9818,9819,"Field_Area_hectare",12.145,1,NA
"8007",9820,9821,"Soil_Moisture",11.875,1,NA
"8008",0,0,NA,0,-1,"Medium"
"8009",0,0,NA,0,-1,"Low"
"8010",0,0,NA,0,-1,"Medium"
"8011",0,0,NA,0,-1,"Low"
"8012",9822,9823,"Electrical_Conductivity",2.675,1,NA
"8013",9824,9825,"Organic_Carbon",0.56,1,NA
"8014",0,0,NA,0,-1,"High"
"8015",9826,9827,"Organic_Carbon",1.345,1,NA
"8016",9828,9829,"Previous_Irrigation_mm",47.55,1,NA
"8017",0,0,NA,0,-1,"Medium"
"8018",9830,9831,"Previous_Irrigation_mm",49.815,1,NA
"8019",0,0,NA,0,-1,"Medium"
"8020",0,0,NA,0,-1,"Medium"
"8021",9832,9833,"Temperature_C",38.72,1,NA
"8022",0,0,NA,0,-1,"High"
"8023",0,0,NA,0,-1,"Medium"
"8024",0,0,NA,0,-1,"Medium"
"8025",0,0,NA,0,-1,"High"
"8026",0,0,NA,0,-1,"Medium"
"8027",9834,9835,"Temperature_C",32.16,1,NA
"8028",9836,9837,"Crop_Type",31,1,NA
"8029",0,0,NA,0,-1,"Medium"
"8030",9838,9839,"Humidity",69.7,1,NA
"8031",0,0,NA,0,-1,"Medium"
"8032",9840,9841,"Crop_Type",28,1,NA
"8033",9842,9843,"Irrigation_Type",4,1,NA
"8034",9844,9845,"Organic_Carbon",0.635,1,NA
"8035",9846,9847,"Season",2,1,NA
"8036",9848,9849,"Organic_Carbon",0.96,1,NA
"8037",9850,9851,"Organic_Carbon",1.265,1,NA
"8038",9852,9853,"Temperature_C",41.535,1,NA
"8039",9854,9855,"Organic_Carbon",1.155,1,NA
"8040",9856,9857,"Soil_pH",5.34,1,NA
"8041",0,0,NA,0,-1,"Low"
"8042",9858,9859,"Electrical_Conductivity",3.405,1,NA
"8043",0,0,NA,0,-1,"Medium"
"8044",0,0,NA,0,-1,"Medium"
"8045",0,0,NA,0,-1,"Low"
"8046",0,0,NA,0,-1,"Medium"
"8047",0,0,NA,0,-1,"Low"
"8048",0,0,NA,0,-1,"Medium"
"8049",0,0,NA,0,-1,"High"
"8050",0,0,NA,0,-1,"Low"
"8051",0,0,NA,0,-1,"Medium"
"8052",9860,9861,"Soil_pH",5.175,1,NA
"8053",0,0,NA,0,-1,"Medium"
"8054",9862,9863,"Soil_pH",6.51,1,NA
"8055",9864,9865,"Organic_Carbon",1.585,1,NA
"8056",9866,9867,"Rainfall_mm",1077.825,1,NA
"8057",9868,9869,"Humidity",61.485,1,NA
"8058",9870,9871,"Rainfall_mm",516.985,1,NA
"8059",0,0,NA,0,-1,"Medium"
"8060",0,0,NA,0,-1,"Medium"
"8061",9872,9873,"Organic_Carbon",1.02,1,NA
"8062",0,0,NA,0,-1,"High"
"8063",0,0,NA,0,-1,"Medium"
"8064",0,0,NA,0,-1,"Medium"
"8065",0,0,NA,0,-1,"Low"
"8066",9874,9875,"Soil_pH",7.31,1,NA
"8067",9876,9877,"Wind_Speed_kmh",3.625,1,NA
"8068",0,0,NA,0,-1,"Medium"
"8069",0,0,NA,0,-1,"Low"
"8070",9878,9879,"Temperature_C",36.24,1,NA
"8071",0,0,NA,0,-1,"Low"
"8072",0,0,NA,0,-1,"Low"
"8073",0,0,NA,0,-1,"Medium"
"8074",0,0,NA,0,-1,"Low"
"8075",9880,9881,"Organic_Carbon",0.545,1,NA
"8076",9882,9883,"Humidity",83.475,1,NA
"8077",9884,9885,"Humidity",57.63,1,NA
"8078",9886,9887,"Sunlight_Hours",9.06,1,NA
"8079",0,0,NA,0,-1,"Low"
"8080",0,0,NA,0,-1,"Medium"
"8081",0,0,NA,0,-1,"Low"
"8082",0,0,NA,0,-1,"Low"
"8083",0,0,NA,0,-1,"Medium"
"8084",0,0,NA,0,-1,"Medium"
"8085",9888,9889,"Soil_Moisture",24.815,1,NA
"8086",9890,9891,"Rainfall_mm",617.355,1,NA
"8087",0,0,NA,0,-1,"Low"
"8088",0,0,NA,0,-1,"Medium"
"8089",0,0,NA,0,-1,"Low"
"8090",0,0,NA,0,-1,"Medium"
"8091",0,0,NA,0,-1,"Low"
"8092",9892,9893,"Electrical_Conductivity",1.065,1,NA
"8093",9894,9895,"Crop_Type",1,1,NA
"8094",0,0,NA,0,-1,"Medium"
"8095",9896,9897,"Electrical_Conductivity",0.295,1,NA
"8096",9898,9899,"Wind_Speed_kmh",3.535,1,NA
"8097",0,0,NA,0,-1,"Medium"
"8098",0,0,NA,0,-1,"Low"
"8099",0,0,NA,0,-1,"Medium"
"8100",9900,9901,"Previous_Irrigation_mm",116.01,1,NA
"8101",9902,9903,"Water_Source",1,1,NA
"8102",9904,9905,"Soil_Type",3,1,NA
"8103",9906,9907,"Humidity",82.695,1,NA
"8104",0,0,NA,0,-1,"Medium"
"8105",9908,9909,"Soil_pH",7.715,1,NA
"8106",9910,9911,"Soil_Type",3,1,NA
"8107",9912,9913,"Soil_pH",4.985,1,NA
"8108",0,0,NA,0,-1,"Low"
"8109",0,0,NA,0,-1,"Medium"
"8110",0,0,NA,0,-1,"Low"
"8111",9914,9915,"Wind_Speed_kmh",8.705,1,NA
"8112",0,0,NA,0,-1,"Medium"
"8113",0,0,NA,0,-1,"Low"
"8114",0,0,NA,0,-1,"Medium"
"8115",0,0,NA,0,-1,"Low"
"8116",0,0,NA,0,-1,"Low"
"8117",9916,9917,"Irrigation_Type",1,1,NA
"8118",0,0,NA,0,-1,"Low"
"8119",0,0,NA,0,-1,"Medium"
"8120",0,0,NA,0,-1,"Low"
"8121",0,0,NA,0,-1,"Medium"
"8122",9918,9919,"Temperature_C",31.69,1,NA
"8123",0,0,NA,0,-1,"Low"
"8124",9920,9921,"Humidity",53.4,1,NA
"8125",9922,9923,"Soil_pH",5.095,1,NA
"8126",0,0,NA,0,-1,"Medium"
"8127",9924,9925,"Organic_Carbon",1.48,1,NA
"8128",0,0,NA,0,-1,"Medium"
"8129",0,0,NA,0,-1,"Low"
"8130",9926,9927,"Crop_Type",1,1,NA
"8131",9928,9929,"Temperature_C",31.395,1,NA
"8132",0,0,NA,0,-1,"Low"
"8133",9930,9931,"Irrigation_Type",2,1,NA
"8134",0,0,NA,0,-1,"Medium"
"8135",0,0,NA,0,-1,"Low"
"8136",9932,9933,"Water_Source",3,1,NA
"8137",9934,9935,"Electrical_Conductivity",3.215,1,NA
"8138",9936,9937,"Rainfall_mm",538.43,1,NA
"8139",9938,9939,"Electrical_Conductivity",3.41,1,NA
"8140",9940,9941,"Crop_Type",29,1,NA
"8141",0,0,NA,0,-1,"Low"
"8142",0,0,NA,0,-1,"Medium"
"8143",0,0,NA,0,-1,"Low"
"8144",9942,9943,"Rainfall_mm",288.575,1,NA
"8145",0,0,NA,0,-1,"Medium"
"8146",0,0,NA,0,-1,"Medium"
"8147",0,0,NA,0,-1,"Low"
"8148",0,0,NA,0,-1,"Medium"
"8149",0,0,NA,0,-1,"Low"
"8150",0,0,NA,0,-1,"Low"
"8151",9944,9945,"Humidity",29.99,1,NA
"8152",0,0,NA,0,-1,"Low"
"8153",0,0,NA,0,-1,"Medium"
"8154",0,0,NA,0,-1,"Low"
"8155",9946,9947,"Temperature_C",30.25,1,NA
"8156",0,0,NA,0,-1,"Low"
"8157",9948,9949,"Organic_Carbon",0.995,1,NA
"8158",9950,9951,"Rainfall_mm",1786.575,1,NA
"8159",0,0,NA,0,-1,"Low"
"8160",9952,9953,"Rainfall_mm",813.705,1,NA
"8161",9954,9955,"Temperature_C",26.415,1,NA
"8162",9956,9957,"Soil_Moisture",25.23,1,NA
"8163",9958,9959,"Soil_pH",4.925,1,NA
"8164",9960,9961,"Soil_Moisture",25.555,1,NA
"8165",9962,9963,"Wind_Speed_kmh",17.915,1,NA
"8166",0,0,NA,0,-1,"Medium"
"8167",0,0,NA,0,-1,"Low"
"8168",9964,9965,"Region",8,1,NA
"8169",9966,9967,"Soil_Moisture",28.18,1,NA
"8170",9968,9969,"Previous_Irrigation_mm",4.54,1,NA
"8171",9970,9971,"Field_Area_hectare",8.29,1,NA
"8172",9972,9973,"Electrical_Conductivity",0.72,1,NA
"8173",0,0,NA,0,-1,"Low"
"8174",0,0,NA,0,-1,"Low"
"8175",0,0,NA,0,-1,"Medium"
"8176",0,0,NA,0,-1,"Low"
"8177",0,0,NA,0,-1,"Medium"
"8178",0,0,NA,0,-1,"Low"
"8179",0,0,NA,0,-1,"Medium"
"8180",0,0,NA,0,-1,"Medium"
"8181",9974,9975,"Soil_Moisture",24.32,1,NA
"8182",0,0,NA,0,-1,"Low"
"8183",0,0,NA,0,-1,"Medium"
"8184",0,0,NA,0,-1,"Low"
"8185",9976,9977,"Wind_Speed_kmh",16.695,1,NA
"8186",9978,9979,"Crop_Type",2,1,NA
"8187",0,0,NA,0,-1,"Low"
"8188",9980,9981,"Sunlight_Hours",9.06,1,NA
"8189",9982,9983,"Rainfall_mm",1197.485,1,NA
"8190",9984,9985,"Temperature_C",14.095,1,NA
"8191",0,0,NA,0,-1,"Low"
"8192",9986,9987,"Rainfall_mm",2134.22,1,NA
"8193",0,0,NA,0,-1,"Low"
"8194",9988,9989,"Previous_Irrigation_mm",51.565,1,NA
"8195",9990,9991,"Rainfall_mm",722.415,1,NA
"8196",0,0,NA,0,-1,"Medium"
"8197",0,0,NA,0,-1,"Low"
"8198",0,0,NA,0,-1,"Medium"
"8199",9992,9993,"Region",1,1,NA
"8200",9994,9995,"Rainfall_mm",2094.665,1,NA
"8201",9996,9997,"Previous_Irrigation_mm",103.135,1,NA
"8202",0,0,NA,0,-1,"Low"
"8203",0,0,NA,0,-1,"Medium"
"8204",0,0,NA,0,-1,"Medium"
"8205",0,0,NA,0,-1,"Low"
"8206",9998,9999,"Sunlight_Hours",10.025,1,NA
"8207",10000,10001,"Wind_Speed_kmh",10.405,1,NA
"8208",10002,10003,"Crop_Growth_Stage",2,1,NA
"8209",0,0,NA,0,-1,"Low"
"8210",10004,10005,"Organic_Carbon",1.485,1,NA
"8211",10006,10007,"Soil_Moisture",25.1,1,NA
"8212",10008,10009,"Organic_Carbon",0.915,1,NA
"8213",10010,10011,"Wind_Speed_kmh",19.805,1,NA
"8214",10012,10013,"Soil_Moisture",25.215,1,NA
"8215",0,0,NA,0,-1,"Low"
"8216",10014,10015,"Organic_Carbon",0.685,1,NA
"8217",10016,10017,"Season",2,1,NA
"8218",10018,10019,"Temperature_C",17.45,1,NA
"8219",10020,10021,"Sunlight_Hours",4.69,1,NA
"8220",0,0,NA,0,-1,"Low"
"8221",10022,10023,"Humidity",26.745,1,NA
"8222",10024,10025,"Electrical_Conductivity",2.055,1,NA
"8223",10026,10027,"Soil_Type",2,1,NA
"8224",10028,10029,"Water_Source",1,1,NA
"8225",10030,10031,"Electrical_Conductivity",2.43,1,NA
"8226",0,0,NA,0,-1,"Medium"
"8227",0,0,NA,0,-1,"Low"
"8228",0,0,NA,0,-1,"Low"
"8229",10032,10033,"Organic_Carbon",1.36,1,NA
"8230",0,0,NA,0,-1,"Medium"
"8231",10034,10035,"Field_Area_hectare",1.96,1,NA
"8232",0,0,NA,0,-1,"Low"
"8233",0,0,NA,0,-1,"Medium"
"8234",10036,10037,"Rainfall_mm",2196.79,1,NA
"8235",0,0,NA,0,-1,"Medium"
"8236",0,0,NA,0,-1,"Medium"
"8237",10038,10039,"Region",1,1,NA
"8238",10040,10041,"Soil_pH",6.55,1,NA
"8239",10042,10043,"Wind_Speed_kmh",10.155,1,NA
"8240",10044,10045,"Previous_Irrigation_mm",78.205,1,NA
"8241",0,0,NA,0,-1,"Low"
"8242",10046,10047,"Soil_Moisture",20.87,1,NA
"8243",10048,10049,"Soil_Moisture",8.68,1,NA
"8244",0,0,NA,0,-1,"Low"
"8245",0,0,NA,0,-1,"Medium"
"8246",0,0,NA,0,-1,"Medium"
"8247",0,0,NA,0,-1,"Low"
"8248",0,0,NA,0,-1,"Medium"
"8249",10050,10051,"Humidity",58.47,1,NA
"8250",0,0,NA,0,-1,"Low"
"8251",10052,10053,"Previous_Irrigation_mm",98.08,1,NA
"8252",10054,10055,"Rainfall_mm",478.32,1,NA
"8253",0,0,NA,0,-1,"Medium"
"8254",10056,10057,"Soil_Moisture",25.385,1,NA
"8255",10058,10059,"Temperature_C",12.44,1,NA
"8256",10060,10061,"Electrical_Conductivity",1.935,1,NA
"8257",0,0,NA,0,-1,"Low"
"8258",0,0,NA,0,-1,"Medium"
"8259",0,0,NA,0,-1,"Low"
"8260",0,0,NA,0,-1,"Medium"
"8261",0,0,NA,0,-1,"Low"
"8262",0,0,NA,0,-1,"Medium"
"8263",0,0,NA,0,-1,"Low"
"8264",10062,10063,"Soil_Moisture",10.435,1,NA
"8265",0,0,NA,0,-1,"Low"
"8266",10064,10065,"Previous_Irrigation_mm",3.44,1,NA
"8267",0,0,NA,0,-1,"Medium"
"8268",10066,10067,"Rainfall_mm",1699.13,1,NA
"8269",10068,10069,"Region",1,1,NA
"8270",0,0,NA,0,-1,"High"
"8271",0,0,NA,0,-1,"Medium"
"8272",0,0,NA,0,-1,"Medium"
"8273",0,0,NA,0,-1,"High"
"8274",0,0,NA,0,-1,"Low"
"8275",0,0,NA,0,-1,"Medium"
"8276",10070,10071,"Humidity",34.8,1,NA
"8277",0,0,NA,0,-1,"Medium"
"8278",0,0,NA,0,-1,"Low"
"8279",10072,10073,"Region",1,1,NA
"8280",10074,10075,"Soil_Moisture",29.415,1,NA
"8281",10076,10077,"Field_Area_hectare",14.9,1,NA
"8282",0,0,NA,0,-1,"Medium"
"8283",10078,10079,"Soil_pH",6.59,1,NA
"8284",10080,10081,"Soil_Type",5,1,NA
"8285",10082,10083,"Crop_Type",21,1,NA
"8286",10084,10085,"Rainfall_mm",315.33,1,NA
"8287",10086,10087,"Soil_Moisture",58.515,1,NA
"8288",10088,10089,"Electrical_Conductivity",0.215,1,NA
"8289",0,0,NA,0,-1,"Low"
"8290",0,0,NA,0,-1,"Low"
"8291",10090,10091,"Soil_pH",7.43,1,NA
"8292",0,0,NA,0,-1,"Medium"
"8293",10092,10093,"Wind_Speed_kmh",14.57,1,NA
"8294",0,0,NA,0,-1,"Medium"
"8295",0,0,NA,0,-1,"High"
"8296",0,0,NA,0,-1,"Medium"
"8297",10094,10095,"Wind_Speed_kmh",19.225,1,NA
"8298",10096,10097,"Crop_Type",1,1,NA
"8299",10098,10099,"Sunlight_Hours",7.415,1,NA
"8300",10100,10101,"Water_Source",4,1,NA
"8301",0,0,NA,0,-1,"Low"
"8302",10102,10103,"Wind_Speed_kmh",17.64,1,NA
"8303",0,0,NA,0,-1,"Low"
"8304",0,0,NA,0,-1,"Medium"
"8305",10104,10105,"Temperature_C",36.105,1,NA
"8306",0,0,NA,0,-1,"Medium"
"8307",10106,10107,"Field_Area_hectare",6.74,1,NA
"8308",10108,10109,"Rainfall_mm",1334.505,1,NA
"8309",0,0,NA,0,-1,"Low"
"8310",0,0,NA,0,-1,"Low"
"8311",10110,10111,"Field_Area_hectare",1.68,1,NA
"8312",0,0,NA,0,-1,"Low"
"8313",10112,10113,"Humidity",35.14,1,NA
"8314",0,0,NA,0,-1,"Medium"
"8315",10114,10115,"Wind_Speed_kmh",17.425,1,NA
"8316",0,0,NA,0,-1,"Medium"
"8317",0,0,NA,0,-1,"Low"
"8318",10116,10117,"Electrical_Conductivity",1.41,1,NA
"8319",10118,10119,"Soil_Moisture",64.25,1,NA
"8320",10120,10121,"Electrical_Conductivity",2.25,1,NA
"8321",10122,10123,"Region",15,1,NA
"8322",10124,10125,"Previous_Irrigation_mm",114.685,1,NA
"8323",0,0,NA,0,-1,"Low"
"8324",10126,10127,"Crop_Type",2,1,NA
"8325",10128,10129,"Crop_Type",16,1,NA
"8326",0,0,NA,0,-1,"Low"
"8327",0,0,NA,0,-1,"Medium"
"8328",0,0,NA,0,-1,"Low"
"8329",10130,10131,"Soil_pH",8.155,1,NA
"8330",10132,10133,"Field_Area_hectare",6.82,1,NA
"8331",0,0,NA,0,-1,"Low"
"8332",0,0,NA,0,-1,"Medium"
"8333",10134,10135,"Temperature_C",35.63,1,NA
"8334",0,0,NA,0,-1,"Medium"
"8335",0,0,NA,0,-1,"Low"
"8336",10136,10137,"Organic_Carbon",1.335,1,NA
"8337",0,0,NA,0,-1,"Medium"
"8338",0,0,NA,0,-1,"Low"
"8339",0,0,NA,0,-1,"Medium"
"8340",0,0,NA,0,-1,"Medium"
"8341",0,0,NA,0,-1,"Low"
"8342",10138,10139,"Season",2,1,NA
"8343",10140,10141,"Sunlight_Hours",7.985,1,NA
"8344",0,0,NA,0,-1,"Low"
"8345",10142,10143,"Crop_Type",8,1,NA
"8346",0,0,NA,0,-1,"Medium"
"8347",10144,10145,"Water_Source",1,1,NA
"8348",0,0,NA,0,-1,"Medium"
"8349",10146,10147,"Soil_pH",5.495,1,NA
"8350",0,0,NA,0,-1,"Low"
"8351",10148,10149,"Electrical_Conductivity",3.025,1,NA
"8352",10150,10151,"Soil_Moisture",33.51,1,NA
"8353",10152,10153,"Crop_Growth_Stage",2,1,NA
"8354",0,0,NA,0,-1,"Medium"
"8355",10154,10155,"Humidity",59.76,1,NA
"8356",10156,10157,"Wind_Speed_kmh",10.965,1,NA
"8357",10158,10159,"Season",2,1,NA
"8358",0,0,NA,0,-1,"Medium"
"8359",10160,10161,"Previous_Irrigation_mm",95.625,1,NA
"8360",0,0,NA,0,-1,"High"
"8361",0,0,NA,0,-1,"Medium"
"8362",0,0,NA,0,-1,"Medium"
"8363",10162,10163,"Soil_Moisture",16.8,1,NA
"8364",0,0,NA,0,-1,"Medium"
"8365",0,0,NA,0,-1,"High"
"8366",10164,10165,"Rainfall_mm",82.465,1,NA
"8367",0,0,NA,0,-1,"Medium"
"8368",10166,10167,"Temperature_C",39.255,1,NA
"8369",10168,10169,"Soil_Moisture",19.995,1,NA
"8370",10170,10171,"Rainfall_mm",70,1,NA
"8371",0,0,NA,0,-1,"Medium"
"8372",0,0,NA,0,-1,"Medium"
"8373",0,0,NA,0,-1,"High"
"8374",0,0,NA,0,-1,"Low"
"8375",10172,10173,"Soil_Type",1,1,NA
"8376",0,0,NA,0,-1,"High"
"8377",0,0,NA,0,-1,"Medium"
"8378",0,0,NA,0,-1,"Medium"
"8379",10174,10175,"Water_Source",4,1,NA
"8380",10176,10177,"Soil_Moisture",9.09,1,NA
"8381",0,0,NA,0,-1,"Medium"
"8382",10178,10179,"Mulching_Used",1,1,NA
"8383",10180,10181,"Soil_Moisture",29.74,1,NA
"8384",0,0,NA,0,-1,"High"
"8385",0,0,NA,0,-1,"Medium"
"8386",10182,10183,"Water_Source",2,1,NA
"8387",10184,10185,"Field_Area_hectare",12.545,1,NA
"8388",0,0,NA,0,-1,"Medium"
"8389",0,0,NA,0,-1,"Low"
"8390",0,0,NA,0,-1,"Medium"
"8391",10186,10187,"Soil_Moisture",10.2,1,NA
"8392",10188,10189,"Soil_pH",7.285,1,NA
"8393",0,0,NA,0,-1,"Medium"
"8394",0,0,NA,0,-1,"Low"
"8395",0,0,NA,0,-1,"Medium"
"8396",10190,10191,"Soil_Moisture",12.155,1,NA
"8397",10192,10193,"Mulching_Used",1,1,NA
"8398",10194,10195,"Field_Area_hectare",1.01,1,NA
"8399",10196,10197,"Soil_Moisture",18.62,1,NA
"8400",0,0,NA,0,-1,"Low"
"8401",10198,10199,"Previous_Irrigation_mm",90.79,1,NA
"8402",0,0,NA,0,-1,"Low"
"8403",10200,10201,"Rainfall_mm",1389.4,1,NA
"8404",10202,10203,"Previous_Irrigation_mm",65.5,1,NA
"8405",0,0,NA,0,-1,"Medium"
"8406",10204,10205,"Mulching_Used",1,1,NA
"8407",10206,10207,"Region",5,1,NA
"8408",10208,10209,"Mulching_Used",1,1,NA
"8409",10210,10211,"Season",1,1,NA
"8410",0,0,NA,0,-1,"Low"
"8411",0,0,NA,0,-1,"Medium"
"8412",10212,10213,"Humidity",56.89,1,NA
"8413",10214,10215,"Wind_Speed_kmh",12.755,1,NA
"8414",10216,10217,"Soil_Moisture",10.9,1,NA
"8415",10218,10219,"Mulching_Used",1,1,NA
"8416",10220,10221,"Wind_Speed_kmh",15.185,1,NA
"8417",10222,10223,"Previous_Irrigation_mm",106.655,1,NA
"8418",0,0,NA,0,-1,"Medium"
"8419",10224,10225,"Crop_Type",2,1,NA
"8420",0,0,NA,0,-1,"Low"
"8421",0,0,NA,0,-1,"Medium"
"8422",0,0,NA,0,-1,"Low"
"8423",10226,10227,"Wind_Speed_kmh",13.795,1,NA
"8424",0,0,NA,0,-1,"Low"
"8425",10228,10229,"Previous_Irrigation_mm",82.475,1,NA
"8426",10230,10231,"Season",1,1,NA
"8427",0,0,NA,0,-1,"Medium"
"8428",0,0,NA,0,-1,"Medium"
"8429",10232,10233,"Rainfall_mm",2116.035,1,NA
"8430",0,0,NA,0,-1,"Low"
"8431",0,0,NA,0,-1,"Medium"
"8432",0,0,NA,0,-1,"Low"
"8433",0,0,NA,0,-1,"Medium"
"8434",0,0,NA,0,-1,"Low"
"8435",10234,10235,"Crop_Type",12,1,NA
"8436",0,0,NA,0,-1,"Low"
"8437",10236,10237,"Crop_Type",16,1,NA
"8438",0,0,NA,0,-1,"Medium"
"8439",0,0,NA,0,-1,"Low"
"8440",10238,10239,"Previous_Irrigation_mm",19.165,1,NA
"8441",10240,10241,"Electrical_Conductivity",3.275,1,NA
"8442",10242,10243,"Organic_Carbon",0.625,1,NA
"8443",10244,10245,"Soil_Moisture",12.615,1,NA
"8444",0,0,NA,0,-1,"Medium"
"8445",0,0,NA,0,-1,"Low"
"8446",10246,10247,"Previous_Irrigation_mm",117.1,1,NA
"8447",10248,10249,"Soil_Moisture",19.27,1,NA
"8448",0,0,NA,0,-1,"Medium"
"8449",0,0,NA,0,-1,"Low"
"8450",10250,10251,"Soil_Moisture",17.225,1,NA
"8451",10252,10253,"Humidity",51.87,1,NA
"8452",0,0,NA,0,-1,"Medium"
"8453",10254,10255,"Rainfall_mm",2360.86,1,NA
"8454",10256,10257,"Sunlight_Hours",9.36,1,NA
"8455",10258,10259,"Humidity",81.715,1,NA
"8456",0,0,NA,0,-1,"Medium"
"8457",0,0,NA,0,-1,"Low"
"8458",10260,10261,"Rainfall_mm",2386.38,1,NA
"8459",0,0,NA,0,-1,"Low"
"8460",10262,10263,"Sunlight_Hours",10.675,1,NA
"8461",10264,10265,"Temperature_C",17.27,1,NA
"8462",10266,10267,"Field_Area_hectare",7.525,1,NA
"8463",10268,10269,"Mulching_Used",1,1,NA
"8464",10270,10271,"Field_Area_hectare",13.335,1,NA
"8465",10272,10273,"Previous_Irrigation_mm",11.28,1,NA
"8466",0,0,NA,0,-1,"Medium"
"8467",10274,10275,"Temperature_C",23.18,1,NA
"8468",0,0,NA,0,-1,"Low"
"8469",0,0,NA,0,-1,"Medium"
"8470",10276,10277,"Mulching_Used",1,1,NA
"8471",0,0,NA,0,-1,"Medium"
"8472",0,0,NA,0,-1,"Medium"
"8473",0,0,NA,0,-1,"Low"
"8474",0,0,NA,0,-1,"Medium"
"8475",0,0,NA,0,-1,"Low"
"8476",10278,10279,"Field_Area_hectare",0.455,1,NA
"8477",10280,10281,"Field_Area_hectare",3.21,1,NA
"8478",10282,10283,"Mulching_Used",1,1,NA
"8479",10284,10285,"Soil_Moisture",11.225,1,NA
"8480",10286,10287,"Humidity",62.085,1,NA
"8481",0,0,NA,0,-1,"Medium"
"8482",0,0,NA,0,-1,"Low"
"8483",0,0,NA,0,-1,"Medium"
"8484",10288,10289,"Soil_pH",5.21,1,NA
"8485",0,0,NA,0,-1,"Low"
"8486",10290,10291,"Irrigation_Type",2,1,NA
"8487",10292,10293,"Rainfall_mm",2340.715,1,NA
"8488",0,0,NA,0,-1,"Low"
"8489",10294,10295,"Region",2,1,NA
"8490",10296,10297,"Electrical_Conductivity",2.465,1,NA
"8491",0,0,NA,0,-1,"Medium"
"8492",10298,10299,"Field_Area_hectare",14.23,1,NA
"8493",10300,10301,"Region",4,1,NA
"8494",10302,10303,"Irrigation_Type",6,1,NA
"8495",10304,10305,"Soil_pH",7.895,1,NA
"8496",0,0,NA,0,-1,"Low"
"8497",0,0,NA,0,-1,"Medium"
"8498",10306,10307,"Previous_Irrigation_mm",14.82,1,NA
"8499",0,0,NA,0,-1,"Medium"
"8500",10308,10309,"Soil_pH",5.41,1,NA
"8501",10310,10311,"Temperature_C",27.5,1,NA
"8502",10312,10313,"Season",3,1,NA
"8503",0,0,NA,0,-1,"Low"
"8504",0,0,NA,0,-1,"Low"
"8505",10314,10315,"Field_Area_hectare",10.085,1,NA
"8506",10316,10317,"Electrical_Conductivity",0.82,1,NA
"8507",0,0,NA,0,-1,"Medium"
"8508",0,0,NA,0,-1,"Medium"
"8509",10318,10319,"Field_Area_hectare",7.705,1,NA
"8510",0,0,NA,0,-1,"Low"
"8511",0,0,NA,0,-1,"Medium"
"8512",0,0,NA,0,-1,"Medium"
"8513",10320,10321,"Temperature_C",32.975,1,NA
"8514",0,0,NA,0,-1,"Low"
"8515",0,0,NA,0,-1,"Medium"
"8516",0,0,NA,0,-1,"Medium"
"8517",10322,10323,"Soil_pH",7.665,1,NA
"8518",0,0,NA,0,-1,"Low"
"8519",0,0,NA,0,-1,"Medium"
"8520",0,0,NA,0,-1,"Low"
"8521",0,0,NA,0,-1,"Medium"
"8522",10324,10325,"Rainfall_mm",476.225,1,NA
"8523",0,0,NA,0,-1,"Medium"
"8524",10326,10327,"Humidity",70.915,1,NA
"8525",0,0,NA,0,-1,"Low"
"8526",0,0,NA,0,-1,"Medium"
"8527",0,0,NA,0,-1,"Low"
"8528",10328,10329,"Organic_Carbon",0.355,1,NA
"8529",10330,10331,"Water_Source",1,1,NA
"8530",0,0,NA,0,-1,"Medium"
"8531",0,0,NA,0,-1,"Low"
"8532",0,0,NA,0,-1,"Medium"
"8533",10332,10333,"Electrical_Conductivity",2.445,1,NA
"8534",0,0,NA,0,-1,"Medium"
"8535",10334,10335,"Previous_Irrigation_mm",89.985,1,NA
"8536",10336,10337,"Humidity",86.655,1,NA
"8537",10338,10339,"Temperature_C",31.5,1,NA
"8538",0,0,NA,0,-1,"Low"
"8539",0,0,NA,0,-1,"Medium"
"8540",0,0,NA,0,-1,"Low"
"8541",10340,10341,"Temperature_C",25.1,1,NA
"8542",10342,10343,"Wind_Speed_kmh",12.79,1,NA
"8543",10344,10345,"Region",14,1,NA
"8544",0,0,NA,0,-1,"Medium"
"8545",0,0,NA,0,-1,"Low"
"8546",10346,10347,"Soil_Moisture",12.45,1,NA
"8547",0,0,NA,0,-1,"Low"
"8548",10348,10349,"Field_Area_hectare",3.05,1,NA
"8549",0,0,NA,0,-1,"Medium"
"8550",0,0,NA,0,-1,"Medium"
"8551",0,0,NA,0,-1,"Low"
"8552",10350,10351,"Soil_pH",6.235,1,NA
"8553",10352,10353,"Wind_Speed_kmh",11.295,1,NA
"8554",10354,10355,"Temperature_C",37.995,1,NA
"8555",10356,10357,"Water_Source",7,1,NA
"8556",10358,10359,"Humidity",92.125,1,NA
"8557",10360,10361,"Humidity",89.545,1,NA
"8558",10362,10363,"Wind_Speed_kmh",15.38,1,NA
"8559",0,0,NA,0,-1,"Medium"
"8560",10364,10365,"Electrical_Conductivity",1.205,1,NA
"8561",0,0,NA,0,-1,"Medium"
"8562",10366,10367,"Temperature_C",35.79,1,NA
"8563",0,0,NA,0,-1,"Medium"
"8564",0,0,NA,0,-1,"Low"
"8565",0,0,NA,0,-1,"Medium"
"8566",0,0,NA,0,-1,"Medium"
"8567",10368,10369,"Soil_Moisture",19.98,1,NA
"8568",0,0,NA,0,-1,"Low"
"8569",10370,10371,"Wind_Speed_kmh",15.04,1,NA
"8570",0,0,NA,0,-1,"Low"
"8571",10372,10373,"Crop_Type",9,1,NA
"8572",10374,10375,"Field_Area_hectare",4.65,1,NA
"8573",0,0,NA,0,-1,"Low"
"8574",0,0,NA,0,-1,"Low"
"8575",10376,10377,"Temperature_C",33.57,1,NA
"8576",10378,10379,"Wind_Speed_kmh",12.315,1,NA
"8577",10380,10381,"Rainfall_mm",564.69,1,NA
"8578",0,0,NA,0,-1,"Low"
"8579",10382,10383,"Rainfall_mm",734.325,1,NA
"8580",10384,10385,"Crop_Growth_Stage",2,1,NA
"8581",0,0,NA,0,-1,"Low"
"8582",0,0,NA,0,-1,"Low"
"8583",0,0,NA,0,-1,"Medium"
"8584",10386,10387,"Soil_pH",4.945,1,NA
"8585",0,0,NA,0,-1,"Low"
"8586",0,0,NA,0,-1,"Low"
"8587",10388,10389,"Electrical_Conductivity",1.195,1,NA
"8588",10390,10391,"Soil_Moisture",48.89,1,NA
"8589",0,0,NA,0,-1,"Low"
"8590",0,0,NA,0,-1,"Medium"
"8591",0,0,NA,0,-1,"Low"
"8592",10392,10393,"Sunlight_Hours",4.025,1,NA
"8593",0,0,NA,0,-1,"Low"
"8594",0,0,NA,0,-1,"Low"
"8595",10394,10395,"Soil_Type",4,1,NA
"8596",10396,10397,"Field_Area_hectare",13.435,1,NA
"8597",10398,10399,"Previous_Irrigation_mm",21.03,1,NA
"8598",10400,10401,"Crop_Growth_Stage",2,1,NA
"8599",10402,10403,"Previous_Irrigation_mm",27.825,1,NA
"8600",10404,10405,"Electrical_Conductivity",2.705,1,NA
"8601",10406,10407,"Temperature_C",39.015,1,NA
"8602",0,0,NA,0,-1,"Low"
"8603",10408,10409,"Crop_Type",8,1,NA
"8604",10410,10411,"Humidity",45.47,1,NA
"8605",0,0,NA,0,-1,"Low"
"8606",0,0,NA,0,-1,"Low"
"8607",0,0,NA,0,-1,"Medium"
"8608",0,0,NA,0,-1,"Low"
"8609",10412,10413,"Rainfall_mm",2442.73,1,NA
"8610",0,0,NA,0,-1,"Low"
"8611",0,0,NA,0,-1,"Medium"
"8612",10414,10415,"Season",3,1,NA
"8613",10416,10417,"Rainfall_mm",829.53,1,NA
"8614",10418,10419,"Water_Source",3,1,NA
"8615",0,0,NA,0,-1,"Low"
"8616",0,0,NA,0,-1,"Low"
"8617",10420,10421,"Crop_Type",8,1,NA
"8618",10422,10423,"Field_Area_hectare",4.325,1,NA
"8619",10424,10425,"Soil_Moisture",64.115,1,NA
"8620",10426,10427,"Field_Area_hectare",0.445,1,NA
"8621",10428,10429,"Soil_Moisture",27.83,1,NA
"8622",10430,10431,"Previous_Irrigation_mm",96.435,1,NA
"8623",10432,10433,"Electrical_Conductivity",0.235,1,NA
"8624",10434,10435,"Field_Area_hectare",6.235,1,NA
"8625",10436,10437,"Region",4,1,NA
"8626",0,0,NA,0,-1,"Low"
"8627",10438,10439,"Field_Area_hectare",4.155,1,NA
"8628",10440,10441,"Wind_Speed_kmh",14.375,1,NA
"8629",10442,10443,"Humidity",37.025,1,NA
"8630",10444,10445,"Crop_Type",4,1,NA
"8631",10446,10447,"Temperature_C",35.19,1,NA
"8632",10448,10449,"Humidity",28.805,1,NA
"8633",0,0,NA,0,-1,"Low"
"8634",10450,10451,"Soil_Type",1,1,NA
"8635",10452,10453,"Electrical_Conductivity",3.405,1,NA
"8636",10454,10455,"Electrical_Conductivity",0.475,1,NA
"8637",0,0,NA,0,-1,"Low"
"8638",0,0,NA,0,-1,"Medium"
"8639",0,0,NA,0,-1,"Low"
"8640",10456,10457,"Previous_Irrigation_mm",2.35,1,NA
"8641",10458,10459,"Temperature_C",41.01,1,NA
"8642",0,0,NA,0,-1,"Medium"
"8643",0,0,NA,0,-1,"Low"
"8644",0,0,NA,0,-1,"Low"
"8645",10460,10461,"Region",8,1,NA
"8646",0,0,NA,0,-1,"Medium"
"8647",0,0,NA,0,-1,"Low"
"8648",0,0,NA,0,-1,"Medium"
"8649",10462,10463,"Soil_pH",7.955,1,NA
"8650",0,0,NA,0,-1,"Low"
"8651",0,0,NA,0,-1,"Medium"
"8652",10464,10465,"Sunlight_Hours",9.62,1,NA
"8653",10466,10467,"Region",4,1,NA
"8654",0,0,NA,0,-1,"Low"
"8655",0,0,NA,0,-1,"Medium"
"8656",0,0,NA,0,-1,"Low"
"8657",0,0,NA,0,-1,"Medium"
"8658",0,0,NA,0,-1,"Low"
"8659",10468,10469,"Sunlight_Hours",6.325,1,NA
"8660",0,0,NA,0,-1,"Low"
"8661",10470,10471,"Soil_Moisture",35.025,1,NA
"8662",0,0,NA,0,-1,"Medium"
"8663",0,0,NA,0,-1,"Low"
"8664",0,0,NA,0,-1,"Low"
"8665",0,0,NA,0,-1,"Medium"
"8666",0,0,NA,0,-1,"Low"
"8667",0,0,NA,0,-1,"Medium"
"8668",0,0,NA,0,-1,"Low"
"8669",0,0,NA,0,-1,"Medium"
"8670",10472,10473,"Electrical_Conductivity",1.04,1,NA
"8671",0,0,NA,0,-1,"Medium"
"8672",0,0,NA,0,-1,"Low"
"8673",10474,10475,"Rainfall_mm",2481.27,1,NA
"8674",0,0,NA,0,-1,"Medium"
"8675",0,0,NA,0,-1,"Low"
"8676",0,0,NA,0,-1,"Medium"
"8677",0,0,NA,0,-1,"Low"
"8678",0,0,NA,0,-1,"Medium"
"8679",10476,10477,"Field_Area_hectare",7.03,1,NA
"8680",10478,10479,"Field_Area_hectare",8.115,1,NA
"8681",0,0,NA,0,-1,"Low"
"8682",0,0,NA,0,-1,"Low"
"8683",0,0,NA,0,-1,"Medium"
"8684",0,0,NA,0,-1,"Low"
"8685",10480,10481,"Water_Source",7,1,NA
"8686",0,0,NA,0,-1,"Low"
"8687",0,0,NA,0,-1,"Medium"
"8688",0,0,NA,0,-1,"Medium"
"8689",0,0,NA,0,-1,"Low"
"8690",10482,10483,"Soil_Moisture",44.19,1,NA
"8691",10484,10485,"Organic_Carbon",1.545,1,NA
"8692",10486,10487,"Field_Area_hectare",7.94,1,NA
"8693",0,0,NA,0,-1,"Low"
"8694",0,0,NA,0,-1,"Low"
"8695",0,0,NA,0,-1,"Medium"
"8696",0,0,NA,0,-1,"Medium"
"8697",0,0,NA,0,-1,"Low"
"8698",0,0,NA,0,-1,"Medium"
"8699",0,0,NA,0,-1,"Low"
"8700",0,0,NA,0,-1,"Medium"
"8701",0,0,NA,0,-1,"Low"
"8702",10488,10489,"Crop_Type",5,1,NA
"8703",10490,10491,"Temperature_C",15.115,1,NA
"8704",0,0,NA,0,-1,"Medium"
"8705",0,0,NA,0,-1,"Low"
"8706",0,0,NA,0,-1,"Medium"
"8707",10492,10493,"Previous_Irrigation_mm",12.875,1,NA
"8708",10494,10495,"Organic_Carbon",1.135,1,NA
"8709",0,0,NA,0,-1,"Medium"
"8710",10496,10497,"Field_Area_hectare",0.505,1,NA
"8711",10498,10499,"Humidity",53.315,1,NA
"8712",10500,10501,"Wind_Speed_kmh",7.075,1,NA
"8713",0,0,NA,0,-1,"Low"
"8714",0,0,NA,0,-1,"Low"
"8715",10502,10503,"Organic_Carbon",1.355,1,NA
"8716",0,0,NA,0,-1,"Medium"
"8717",0,0,NA,0,-1,"Low"
"8718",10504,10505,"Organic_Carbon",0.665,1,NA
"8719",0,0,NA,0,-1,"Low"
"8720",0,0,NA,0,-1,"Medium"
"8721",0,0,NA,0,-1,"Low"
"8722",10506,10507,"Crop_Type",16,1,NA
"8723",0,0,NA,0,-1,"Low"
"8724",0,0,NA,0,-1,"Medium"
"8725",0,0,NA,0,-1,"Low"
"8726",0,0,NA,0,-1,"Medium"
"8727",0,0,NA,0,-1,"Low"
"8728",0,0,NA,0,-1,"Medium"
"8729",0,0,NA,0,-1,"Low"
"8730",10508,10509,"Irrigation_Type",1,1,NA
"8731",0,0,NA,0,-1,"Low"
"8732",10510,10511,"Organic_Carbon",0.61,1,NA
"8733",10512,10513,"Soil_Moisture",25.205,1,NA
"8734",10514,10515,"Previous_Irrigation_mm",11.18,1,NA
"8735",10516,10517,"Soil_Moisture",23.705,1,NA
"8736",0,0,NA,0,-1,"Medium"
"8737",10518,10519,"Rainfall_mm",2301.695,1,NA
"8738",0,0,NA,0,-1,"Medium"
"8739",10520,10521,"Soil_Moisture",56.48,1,NA
"8740",0,0,NA,0,-1,"Medium"
"8741",0,0,NA,0,-1,"Low"
"8742",10522,10523,"Soil_Moisture",33.965,1,NA
"8743",10524,10525,"Organic_Carbon",1.305,1,NA
"8744",0,0,NA,0,-1,"Low"
"8745",10526,10527,"Soil_Moisture",40.87,1,NA
"8746",0,0,NA,0,-1,"Medium"
"8747",10528,10529,"Temperature_C",28.63,1,NA
"8748",10530,10531,"Soil_Moisture",25.03,1,NA
"8749",10532,10533,"Crop_Type",30,1,NA
"8750",0,0,NA,0,-1,"Low"
"8751",10534,10535,"Region",2,1,NA
"8752",10536,10537,"Previous_Irrigation_mm",66.58,1,NA
"8753",10538,10539,"Field_Area_hectare",11.31,1,NA
"8754",10540,10541,"Region",5,1,NA
"8755",10542,10543,"Temperature_C",24.55,1,NA
"8756",10544,10545,"Region",13,1,NA
"8757",0,0,NA,0,-1,"Low"
"8758",10546,10547,"Wind_Speed_kmh",6.25,1,NA
"8759",10548,10549,"Soil_Moisture",25.015,1,NA
"8760",10550,10551,"Soil_Moisture",26.105,1,NA
"8761",10552,10553,"Soil_Moisture",25.115,1,NA
"8762",10554,10555,"Electrical_Conductivity",3.27,1,NA
"8763",0,0,NA,0,-1,"Medium"
"8764",10556,10557,"Field_Area_hectare",14.17,1,NA
"8765",0,0,NA,0,-1,"Medium"
"8766",10558,10559,"Region",7,1,NA
"8767",10560,10561,"Electrical_Conductivity",0.91,1,NA
"8768",10562,10563,"Rainfall_mm",1713.235,1,NA
"8769",0,0,NA,0,-1,"Medium"
"8770",0,0,NA,0,-1,"Medium"
"8771",0,0,NA,0,-1,"Low"
"8772",10564,10565,"Crop_Type",28,1,NA
"8773",10566,10567,"Crop_Type",9,1,NA
"8774",10568,10569,"Sunlight_Hours",8.905,1,NA
"8775",0,0,NA,0,-1,"Low"
"8776",10570,10571,"Irrigation_Type",4,1,NA
"8777",0,0,NA,0,-1,"Medium"
"8778",10572,10573,"Electrical_Conductivity",2.445,1,NA
"8779",10574,10575,"Soil_pH",5.46,1,NA
"8780",0,0,NA,0,-1,"Low"
"8781",0,0,NA,0,-1,"Medium"
"8782",10576,10577,"Humidity",80.78,1,NA
"8783",10578,10579,"Organic_Carbon",0.345,1,NA
"8784",0,0,NA,0,-1,"Low"
"8785",0,0,NA,0,-1,"Medium"
"8786",10580,10581,"Rainfall_mm",1422.035,1,NA
"8787",0,0,NA,0,-1,"Medium"
"8788",10582,10583,"Previous_Irrigation_mm",95.45,1,NA
"8789",10584,10585,"Electrical_Conductivity",3.305,1,NA
"8790",0,0,NA,0,-1,"Medium"
"8791",0,0,NA,0,-1,"Low"
"8792",0,0,NA,0,-1,"Low"
"8793",10586,10587,"Crop_Type",8,1,NA
"8794",0,0,NA,0,-1,"Low"
"8795",0,0,NA,0,-1,"Medium"
"8796",10588,10589,"Soil_Type",4,1,NA
"8797",0,0,NA,0,-1,"Low"
"8798",0,0,NA,0,-1,"Medium"
"8799",0,0,NA,0,-1,"Low"
"8800",10590,10591,"Temperature_C",23.38,1,NA
"8801",10592,10593,"Soil_pH",5.04,1,NA
"8802",0,0,NA,0,-1,"Medium"
"8803",10594,10595,"Organic_Carbon",1.23,1,NA
"8804",0,0,NA,0,-1,"Medium"
"8805",10596,10597,"Humidity",35.99,1,NA
"8806",10598,10599,"Organic_Carbon",0.775,1,NA
"8807",0,0,NA,0,-1,"Medium"
"8808",10600,10601,"Soil_pH",4.84,1,NA
"8809",10602,10603,"Organic_Carbon",0.325,1,NA
"8810",0,0,NA,0,-1,"Medium"
"8811",0,0,NA,0,-1,"Low"
"8812",0,0,NA,0,-1,"Low"
"8813",10604,10605,"Previous_Irrigation_mm",112.075,1,NA
"8814",10606,10607,"Sunlight_Hours",6.1,1,NA
"8815",10608,10609,"Organic_Carbon",1.565,1,NA
"8816",10610,10611,"Soil_pH",7.675,1,NA
"8817",10612,10613,"Humidity",90.76,1,NA
"8818",0,0,NA,0,-1,"Medium"
"8819",0,0,NA,0,-1,"Low"
"8820",10614,10615,"Rainfall_mm",478.58,1,NA
"8821",0,0,NA,0,-1,"Medium"
"8822",10616,10617,"Humidity",66.19,1,NA
"8823",0,0,NA,0,-1,"Low"
"8824",10618,10619,"Season",3,1,NA
"8825",0,0,NA,0,-1,"Low"
"8826",10620,10621,"Temperature_C",21.375,1,NA
"8827",0,0,NA,0,-1,"Low"
"8828",10622,10623,"Humidity",41.99,1,NA
"8829",10624,10625,"Season",3,1,NA
"8830",10626,10627,"Temperature_C",29.035,1,NA
"8831",10628,10629,"Soil_Moisture",26.695,1,NA
"8832",10630,10631,"Organic_Carbon",1.445,1,NA
"8833",0,0,NA,0,-1,"Low"
"8834",10632,10633,"Wind_Speed_kmh",2.75,1,NA
"8835",0,0,NA,0,-1,"Medium"
"8836",0,0,NA,0,-1,"Low"
"8837",0,0,NA,0,-1,"Medium"
"8838",10634,10635,"Soil_Type",1,1,NA
"8839",0,0,NA,0,-1,"Medium"
"8840",10636,10637,"Rainfall_mm",811.63,1,NA
"8841",10638,10639,"Electrical_Conductivity",3.41,1,NA
"8842",10640,10641,"Wind_Speed_kmh",3.835,1,NA
"8843",10642,10643,"Rainfall_mm",1060.73,1,NA
"8844",10644,10645,"Field_Area_hectare",9.265,1,NA
"8845",10646,10647,"Soil_Type",4,1,NA
"8846",10648,10649,"Temperature_C",15.915,1,NA
"8847",10650,10651,"Temperature_C",23.635,1,NA
"8848",0,0,NA,0,-1,"Medium"
"8849",0,0,NA,0,-1,"Low"
"8850",10652,10653,"Sunlight_Hours",4.03,1,NA
"8851",10654,10655,"Wind_Speed_kmh",5.305,1,NA
"8852",10656,10657,"Previous_Irrigation_mm",85.62,1,NA
"8853",0,0,NA,0,-1,"Low"
"8854",10658,10659,"Soil_pH",7.2,1,NA
"8855",10660,10661,"Rainfall_mm",2476.055,1,NA
"8856",10662,10663,"Organic_Carbon",0.425,1,NA
"8857",10664,10665,"Wind_Speed_kmh",3.65,1,NA
"8858",0,0,NA,0,-1,"Low"
"8859",10666,10667,"Electrical_Conductivity",0.74,1,NA
"8860",10668,10669,"Wind_Speed_kmh",5.31,1,NA
"8861",0,0,NA,0,-1,"Medium"
"8862",0,0,NA,0,-1,"Medium"
"8863",0,0,NA,0,-1,"Low"
"8864",10670,10671,"Temperature_C",28.82,1,NA
"8865",0,0,NA,0,-1,"Medium"
"8866",0,0,NA,0,-1,"Medium"
"8867",0,0,NA,0,-1,"Low"
"8868",0,0,NA,0,-1,"Medium"
"8869",0,0,NA,0,-1,"Low"
"8870",0,0,NA,0,-1,"Low"
"8871",10672,10673,"Soil_Moisture",32.24,1,NA
"8872",0,0,NA,0,-1,"Medium"
"8873",0,0,NA,0,-1,"Low"
"8874",0,0,NA,0,-1,"Medium"
"8875",0,0,NA,0,-1,"Low"
"8876",10674,10675,"Soil_Moisture",8.83,1,NA
"8877",0,0,NA,0,-1,"Medium"
"8878",10676,10677,"Soil_Moisture",48.285,1,NA
"8879",10678,10679,"Wind_Speed_kmh",9.85,1,NA
"8880",10680,10681,"Sunlight_Hours",7.47,1,NA
"8881",0,0,NA,0,-1,"Medium"
"8882",10682,10683,"Soil_Moisture",11.7,1,NA
"8883",0,0,NA,0,-1,"Medium"
"8884",10684,10685,"Organic_Carbon",1.095,1,NA
"8885",0,0,NA,0,-1,"Medium"
"8886",0,0,NA,0,-1,"Medium"
"8887",0,0,NA,0,-1,"High"
"8888",10686,10687,"Rainfall_mm",1965.03,1,NA
"8889",0,0,NA,0,-1,"Medium"
"8890",0,0,NA,0,-1,"High"
"8891",10688,10689,"Humidity",44.735,1,NA
"8892",0,0,NA,0,-1,"Medium"
"8893",10690,10691,"Season",3,1,NA
"8894",0,0,NA,0,-1,"Medium"
"8895",0,0,NA,0,-1,"High"
"8896",0,0,NA,0,-1,"Medium"
"8897",10692,10693,"Soil_pH",7.655,1,NA
"8898",0,0,NA,0,-1,"High"
"8899",0,0,NA,0,-1,"Medium"
"8900",0,0,NA,0,-1,"Medium"
"8901",0,0,NA,0,-1,"High"
"8902",0,0,NA,0,-1,"Medium"
"8903",0,0,NA,0,-1,"High"
"8904",10694,10695,"Humidity",57.02,1,NA
"8905",0,0,NA,0,-1,"High"
"8906",0,0,NA,0,-1,"Medium"
"8907",0,0,NA,0,-1,"High"
"8908",10696,10697,"Previous_Irrigation_mm",21.645,1,NA
"8909",10698,10699,"Soil_Type",2,1,NA
"8910",10700,10701,"Temperature_C",25.38,1,NA
"8911",10702,10703,"Field_Area_hectare",12.18,1,NA
"8912",10704,10705,"Organic_Carbon",0.585,1,NA
"8913",0,0,NA,0,-1,"Medium"
"8914",10706,10707,"Wind_Speed_kmh",16.36,1,NA
"8915",10708,10709,"Soil_Moisture",16.89,1,NA
"8916",10710,10711,"Crop_Type",13,1,NA
"8917",10712,10713,"Wind_Speed_kmh",14.735,1,NA
"8918",10714,10715,"Soil_pH",5.045,1,NA
"8919",10716,10717,"Previous_Irrigation_mm",53.08,1,NA
"8920",10718,10719,"Region",1,1,NA
"8921",10720,10721,"Sunlight_Hours",4.465,1,NA
"8922",10722,10723,"Field_Area_hectare",2.105,1,NA
"8923",0,0,NA,0,-1,"Medium"
"8924",0,0,NA,0,-1,"Low"
"8925",0,0,NA,0,-1,"Medium"
"8926",0,0,NA,0,-1,"Medium"
"8927",10724,10725,"Organic_Carbon",0.645,1,NA
"8928",0,0,NA,0,-1,"Medium"
"8929",0,0,NA,0,-1,"Low"
"8930",0,0,NA,0,-1,"Medium"
"8931",10726,10727,"Field_Area_hectare",14.54,1,NA
"8932",0,0,NA,0,-1,"Medium"
"8933",10728,10729,"Humidity",56.9,1,NA
"8934",10730,10731,"Sunlight_Hours",9.805,1,NA
"8935",0,0,NA,0,-1,"Medium"
"8936",0,0,NA,0,-1,"Low"
"8937",0,0,NA,0,-1,"Medium"
"8938",0,0,NA,0,-1,"High"
"8939",0,0,NA,0,-1,"Medium"
"8940",10732,10733,"Humidity",65.75,1,NA
"8941",10734,10735,"Organic_Carbon",0.665,1,NA
"8942",10736,10737,"Organic_Carbon",1.1,1,NA
"8943",0,0,NA,0,-1,"Medium"
"8944",0,0,NA,0,-1,"High"
"8945",10738,10739,"Soil_Moisture",26.63,1,NA
"8946",0,0,NA,0,-1,"Medium"
"8947",10740,10741,"Organic_Carbon",0.61,1,NA
"8948",0,0,NA,0,-1,"High"
"8949",0,0,NA,0,-1,"Medium"
"8950",10742,10743,"Soil_Moisture",17.33,1,NA
"8951",0,0,NA,0,-1,"High"
"8952",10744,10745,"Field_Area_hectare",13.94,1,NA
"8953",10746,10747,"Rainfall_mm",9.49,1,NA
"8954",0,0,NA,0,-1,"Medium"
"8955",0,0,NA,0,-1,"High"
"8956",0,0,NA,0,-1,"Medium"
"8957",10748,10749,"Electrical_Conductivity",1.525,1,NA
"8958",0,0,NA,0,-1,"Medium"
"8959",0,0,NA,0,-1,"High"
"8960",0,0,NA,0,-1,"Medium"
"8961",0,0,NA,0,-1,"High"
"8962",0,0,NA,0,-1,"Medium"
"8963",0,0,NA,0,-1,"Low"
"8964",10750,10751,"Previous_Irrigation_mm",33.51,1,NA
"8965",0,0,NA,0,-1,"Medium"
"8966",10752,10753,"Soil_Moisture",17.025,1,NA
"8967",10754,10755,"Organic_Carbon",1.12,1,NA
"8968",10756,10757,"Sunlight_Hours",5.475,1,NA
"8969",0,0,NA,0,-1,"Medium"
"8970",0,0,NA,0,-1,"High"
"8971",0,0,NA,0,-1,"Medium"
"8972",10758,10759,"Temperature_C",15.165,1,NA
"8973",10760,10761,"Sunlight_Hours",7.52,1,NA
"8974",10762,10763,"Soil_pH",7.53,1,NA
"8975",10764,10765,"Crop_Type",1,1,NA
"8976",10766,10767,"Previous_Irrigation_mm",97.07,1,NA
"8977",10768,10769,"Humidity",63.22,1,NA
"8978",10770,10771,"Rainfall_mm",753.385,1,NA
"8979",10772,10773,"Soil_pH",7.69,1,NA
"8980",10774,10775,"Field_Area_hectare",12.17,1,NA
"8981",10776,10777,"Temperature_C",23.705,1,NA
"8982",10778,10779,"Sunlight_Hours",5.91,1,NA
"8983",10780,10781,"Field_Area_hectare",2.72,1,NA
"8984",10782,10783,"Sunlight_Hours",5.955,1,NA
"8985",0,0,NA,0,-1,"Medium"
"8986",10784,10785,"Soil_pH",6.18,1,NA
"8987",0,0,NA,0,-1,"Medium"
"8988",10786,10787,"Field_Area_hectare",4.29,1,NA
"8989",0,0,NA,0,-1,"High"
"8990",0,0,NA,0,-1,"High"
"8991",0,0,NA,0,-1,"Medium"
"8992",0,0,NA,0,-1,"Medium"
"8993",0,0,NA,0,-1,"High"
"8994",0,0,NA,0,-1,"Medium"
"8995",0,0,NA,0,-1,"Low"
"8996",0,0,NA,0,-1,"Medium"
"8997",0,0,NA,0,-1,"High"
"8998",10788,10789,"Water_Source",7,1,NA
"8999",10790,10791,"Wind_Speed_kmh",17.445,1,NA
"9000",10792,10793,"Season",3,1,NA
"9001",10794,10795,"Previous_Irrigation_mm",50.995,1,NA
"9002",0,0,NA,0,-1,"Medium"
"9003",0,0,NA,0,-1,"High"
"9004",0,0,NA,0,-1,"Medium"
"9005",0,0,NA,0,-1,"High"
"9006",10796,10797,"Field_Area_hectare",2.88,1,NA
"9007",0,0,NA,0,-1,"High"
"9008",0,0,NA,0,-1,"Medium"
"9009",10798,10799,"Region",2,1,NA
"9010",0,0,NA,0,-1,"High"
"9011",0,0,NA,0,-1,"Medium"
"9012",0,0,NA,0,-1,"Medium"
"9013",0,0,NA,0,-1,"High"
"9014",10800,10801,"Crop_Type",5,1,NA
"9015",10802,10803,"Organic_Carbon",1.16,1,NA
"9016",10804,10805,"Temperature_C",31.44,1,NA
"9017",10806,10807,"Wind_Speed_kmh",1.78,1,NA
"9018",0,0,NA,0,-1,"High"
"9019",0,0,NA,0,-1,"Medium"
"9020",0,0,NA,0,-1,"High"
"9021",0,0,NA,0,-1,"Medium"
"9022",0,0,NA,0,-1,"Medium"
"9023",0,0,NA,0,-1,"Low"
"9024",10808,10809,"Humidity",27.175,1,NA
"9025",10810,10811,"Sunlight_Hours",7.835,1,NA
"9026",10812,10813,"Region",9,1,NA
"9027",10814,10815,"Soil_Moisture",24.5,1,NA
"9028",10816,10817,"Water_Source",4,1,NA
"9029",0,0,NA,0,-1,"Medium"
"9030",10818,10819,"Soil_Moisture",24.845,1,NA
"9031",0,0,NA,0,-1,"High"
"9032",10820,10821,"Electrical_Conductivity",3.36,1,NA
"9033",10822,10823,"Rainfall_mm",1704.705,1,NA
"9034",10824,10825,"Previous_Irrigation_mm",51.31,1,NA
"9035",10826,10827,"Field_Area_hectare",3.175,1,NA
"9036",0,0,NA,0,-1,"Medium"
"9037",0,0,NA,0,-1,"Low"
"9038",10828,10829,"Wind_Speed_kmh",4.625,1,NA
"9039",0,0,NA,0,-1,"Medium"
"9040",0,0,NA,0,-1,"Medium"
"9041",0,0,NA,0,-1,"Low"
"9042",0,0,NA,0,-1,"High"
"9043",10830,10831,"Wind_Speed_kmh",3.225,1,NA
"9044",0,0,NA,0,-1,"High"
"9045",0,0,NA,0,-1,"Medium"
"9046",10832,10833,"Temperature_C",40.47,1,NA
"9047",0,0,NA,0,-1,"Medium"
"9048",0,0,NA,0,-1,"High"
"9049",0,0,NA,0,-1,"Medium"
"9050",0,0,NA,0,-1,"High"
"9051",10834,10835,"Water_Source",5,1,NA
"9052",10836,10837,"Organic_Carbon",1.395,1,NA
"9053",10838,10839,"Previous_Irrigation_mm",91.765,1,NA
"9054",10840,10841,"Soil_pH",5.955,1,NA
"9055",10842,10843,"Soil_pH",6.47,1,NA
"9056",0,0,NA,0,-1,"High"
"9057",0,0,NA,0,-1,"Medium"
"9058",0,0,NA,0,-1,"High"
"9059",0,0,NA,0,-1,"Medium"
"9060",0,0,NA,0,-1,"High"
"9061",0,0,NA,0,-1,"Medium"
"9062",0,0,NA,0,-1,"High"
"9063",0,0,NA,0,-1,"Medium"
"9064",10844,10845,"Field_Area_hectare",12.495,1,NA
"9065",10846,10847,"Previous_Irrigation_mm",108.495,1,NA
"9066",10848,10849,"Soil_Type",7,1,NA
"9067",10850,10851,"Previous_Irrigation_mm",108.07,1,NA
"9068",0,0,NA,0,-1,"Low"
"9069",0,0,NA,0,-1,"Medium"
"9070",10852,10853,"Irrigation_Type",1,1,NA
"9071",0,0,NA,0,-1,"Medium"
"9072",10854,10855,"Field_Area_hectare",5.19,1,NA
"9073",0,0,NA,0,-1,"Medium"
"9074",10856,10857,"Organic_Carbon",1.56,1,NA
"9075",0,0,NA,0,-1,"Medium"
"9076",10858,10859,"Sunlight_Hours",6.06,1,NA
"9077",10860,10861,"Field_Area_hectare",11.045,1,NA
"9078",10862,10863,"Water_Source",7,1,NA
"9079",0,0,NA,0,-1,"Medium"
"9080",10864,10865,"Sunlight_Hours",5.44,1,NA
"9081",0,0,NA,0,-1,"Medium"
"9082",10866,10867,"Soil_pH",5.705,1,NA
"9083",0,0,NA,0,-1,"High"
"9084",10868,10869,"Irrigation_Type",1,1,NA
"9085",10870,10871,"Sunlight_Hours",5.4,1,NA
"9086",0,0,NA,0,-1,"High"
"9087",10872,10873,"Wind_Speed_kmh",8.305,1,NA
"9088",10874,10875,"Season",1,1,NA
"9089",10876,10877,"Field_Area_hectare",12.23,1,NA
"9090",10878,10879,"Previous_Irrigation_mm",20.235,1,NA
"9091",10880,10881,"Season",3,1,NA
"9092",10882,10883,"Temperature_C",41.595,1,NA
"9093",10884,10885,"Previous_Irrigation_mm",70.94,1,NA
"9094",0,0,NA,0,-1,"High"
"9095",0,0,NA,0,-1,"Medium"
"9096",10886,10887,"Organic_Carbon",1.395,1,NA
"9097",10888,10889,"Wind_Speed_kmh",0.695,1,NA
"9098",10890,10891,"Humidity",32,1,NA
"9099",0,0,NA,0,-1,"Medium"
"9100",0,0,NA,0,-1,"Low"
"9101",0,0,NA,0,-1,"Medium"
"9102",10892,10893,"Field_Area_hectare",6.625,1,NA
"9103",10894,10895,"Temperature_C",38.65,1,NA
"9104",10896,10897,"Electrical_Conductivity",0.215,1,NA
"9105",10898,10899,"Humidity",47.465,1,NA
"9106",10900,10901,"Soil_Moisture",12.24,1,NA
"9107",0,0,NA,0,-1,"High"
"9108",10902,10903,"Previous_Irrigation_mm",29.335,1,NA
"9109",0,0,NA,0,-1,"High"
"9110",10904,10905,"Sunlight_Hours",6.245,1,NA
"9111",10906,10907,"Humidity",27.81,1,NA
"9112",10908,10909,"Rainfall_mm",1745.715,1,NA
"9113",0,0,NA,0,-1,"Medium"
"9114",0,0,NA,0,-1,"High"
"9115",10910,10911,"Electrical_Conductivity",2.39,1,NA
"9116",10912,10913,"Sunlight_Hours",4.21,1,NA
"9117",0,0,NA,0,-1,"High"
"9118",10914,10915,"Irrigation_Type",7,1,NA
"9119",0,0,NA,0,-1,"High"
"9120",0,0,NA,0,-1,"High"
"9121",0,0,NA,0,-1,"Medium"
"9122",10916,10917,"Region",1,1,NA
"9123",10918,10919,"Wind_Speed_kmh",12.4,1,NA
"9124",10920,10921,"Soil_Moisture",24.48,1,NA
"9125",10922,10923,"Previous_Irrigation_mm",102.845,1,NA
"9126",10924,10925,"Humidity",58.705,1,NA
"9127",0,0,NA,0,-1,"High"
"9128",0,0,NA,0,-1,"High"
"9129",10926,10927,"Sunlight_Hours",6.635,1,NA
"9130",0,0,NA,0,-1,"Medium"
"9131",10928,10929,"Previous_Irrigation_mm",116.205,1,NA
"9132",0,0,NA,0,-1,"High"
"9133",10930,10931,"Soil_Moisture",20.285,1,NA
"9134",10932,10933,"Electrical_Conductivity",1.86,1,NA
"9135",0,0,NA,0,-1,"High"
"9136",10934,10935,"Previous_Irrigation_mm",104.24,1,NA
"9137",10936,10937,"Soil_Type",2,1,NA
"9138",0,0,NA,0,-1,"High"
"9139",10938,10939,"Humidity",89.39,1,NA
"9140",0,0,NA,0,-1,"Medium"
"9141",10940,10941,"Region",7,1,NA
"9142",10942,10943,"Field_Area_hectare",8.07,1,NA
"9143",10944,10945,"Region",1,1,NA
"9144",0,0,NA,0,-1,"Medium"
"9145",10946,10947,"Soil_pH",5.3,1,NA
"9146",0,0,NA,0,-1,"High"
"9147",10948,10949,"Water_Source",2,1,NA
"9148",10950,10951,"Region",2,1,NA
"9149",0,0,NA,0,-1,"Medium"
"9150",0,0,NA,0,-1,"High"
"9151",0,0,NA,0,-1,"Medium"
"9152",10952,10953,"Water_Source",4,1,NA
"9153",0,0,NA,0,-1,"Medium"
"9154",10954,10955,"Irrigation_Type",5,1,NA
"9155",0,0,NA,0,-1,"Medium"
"9156",10956,10957,"Rainfall_mm",157.035,1,NA
"9157",0,0,NA,0,-1,"Medium"
"9158",10958,10959,"Humidity",36.37,1,NA
"9159",0,0,NA,0,-1,"Medium"
"9160",0,0,NA,0,-1,"High"
"9161",0,0,NA,0,-1,"Medium"
"9162",10960,10961,"Humidity",29.305,1,NA
"9163",0,0,NA,0,-1,"Medium"
"9164",0,0,NA,0,-1,"Medium"
"9165",10962,10963,"Soil_pH",5.185,1,NA
"9166",0,0,NA,0,-1,"Medium"
"9167",0,0,NA,0,-1,"High"
"9168",0,0,NA,0,-1,"High"
"9169",0,0,NA,0,-1,"Medium"
"9170",0,0,NA,0,-1,"High"
"9171",10964,10965,"Temperature_C",31.695,1,NA
"9172",0,0,NA,0,-1,"High"
"9173",10966,10967,"Temperature_C",39.665,1,NA
"9174",10968,10969,"Organic_Carbon",0.56,1,NA
"9175",0,0,NA,0,-1,"High"
"9176",0,0,NA,0,-1,"High"
"9177",0,0,NA,0,-1,"Medium"
"9178",10970,10971,"Rainfall_mm",237.06,1,NA
"9179",0,0,NA,0,-1,"High"
"9180",0,0,NA,0,-1,"Medium"
"9181",0,0,NA,0,-1,"High"
"9182",0,0,NA,0,-1,"High"
"9183",0,0,NA,0,-1,"Medium"
"9184",0,0,NA,0,-1,"High"
"9185",0,0,NA,0,-1,"Medium"
"9186",0,0,NA,0,-1,"High"
"9187",0,0,NA,0,-1,"Medium"
"9188",0,0,NA,0,-1,"Medium"
"9189",10972,10973,"Electrical_Conductivity",2.37,1,NA
"9190",10974,10975,"Humidity",39.88,1,NA
"9191",0,0,NA,0,-1,"Medium"
"9192",0,0,NA,0,-1,"Medium"
"9193",0,0,NA,0,-1,"High"
"9194",0,0,NA,0,-1,"High"
"9195",0,0,NA,0,-1,"Medium"
"9196",10976,10977,"Sunlight_Hours",9.32,1,NA
"9197",0,0,NA,0,-1,"High"
"9198",0,0,NA,0,-1,"High"
"9199",0,0,NA,0,-1,"Medium"
"9200",10978,10979,"Temperature_C",35.72,1,NA
"9201",10980,10981,"Wind_Speed_kmh",2.22,1,NA
"9202",0,0,NA,0,-1,"High"
"9203",0,0,NA,0,-1,"Medium"
"9204",0,0,NA,0,-1,"Medium"
"9205",0,0,NA,0,-1,"High"
"9206",10982,10983,"Rainfall_mm",379.045,1,NA
"9207",0,0,NA,0,-1,"High"
"9208",0,0,NA,0,-1,"Medium"
"9209",10984,10985,"Organic_Carbon",0.635,1,NA
"9210",10986,10987,"Sunlight_Hours",9.9,1,NA
"9211",10988,10989,"Crop_Growth_Stage",1,1,NA
"9212",10990,10991,"Wind_Speed_kmh",14.375,1,NA
"9213",0,0,NA,0,-1,"High"
"9214",0,0,NA,0,-1,"Medium"
"9215",0,0,NA,0,-1,"High"
"9216",10992,10993,"Irrigation_Type",2,1,NA
"9217",10994,10995,"Soil_Moisture",22.67,1,NA
"9218",10996,10997,"Humidity",25.45,1,NA
"9219",0,0,NA,0,-1,"High"
"9220",10998,10999,"Soil_pH",7.725,1,NA
"9221",11000,11001,"Soil_pH",7.04,1,NA
"9222",11002,11003,"Crop_Growth_Stage",1,1,NA
"9223",11004,11005,"Rainfall_mm",359.49,1,NA
"9224",11006,11007,"Crop_Type",4,1,NA
"9225",11008,11009,"Wind_Speed_kmh",15.82,1,NA
"9226",0,0,NA,0,-1,"High"
"9227",11010,11011,"Humidity",61.635,1,NA
"9228",11012,11013,"Humidity",27.75,1,NA
"9229",11014,11015,"Field_Area_hectare",4.79,1,NA
"9230",0,0,NA,0,-1,"Medium"
"9231",11016,11017,"Humidity",40.54,1,NA
"9232",11018,11019,"Rainfall_mm",2016.8,1,NA
"9233",11020,11021,"Wind_Speed_kmh",3.29,1,NA
"9234",11022,11023,"Rainfall_mm",725.99,1,NA
"9235",0,0,NA,0,-1,"Medium"
"9236",11024,11025,"Temperature_C",32.675,1,NA
"9237",0,0,NA,0,-1,"Medium"
"9238",11026,11027,"Crop_Type",17,1,NA
"9239",11028,11029,"Previous_Irrigation_mm",90.555,1,NA
"9240",11030,11031,"Soil_pH",7.53,1,NA
"9241",11032,11033,"Rainfall_mm",219.4,1,NA
"9242",0,0,NA,0,-1,"Medium"
"9243",0,0,NA,0,-1,"High"
"9244",0,0,NA,0,-1,"Medium"
"9245",11034,11035,"Humidity",61.205,1,NA
"9246",0,0,NA,0,-1,"Medium"
"9247",0,0,NA,0,-1,"High"
"9248",0,0,NA,0,-1,"High"
"9249",0,0,NA,0,-1,"Medium"
"9250",0,0,NA,0,-1,"Medium"
"9251",11036,11037,"Soil_Moisture",24.33,1,NA
"9252",11038,11039,"Rainfall_mm",775.9,1,NA
"9253",0,0,NA,0,-1,"High"
"9254",0,0,NA,0,-1,"High"
"9255",11040,11041,"Rainfall_mm",751.245,1,NA
"9256",0,0,NA,0,-1,"Medium"
"9257",11042,11043,"Crop_Type",1,1,NA
"9258",11044,11045,"Previous_Irrigation_mm",43.77,1,NA
"9259",0,0,NA,0,-1,"Medium"
"9260",0,0,NA,0,-1,"High"
"9261",0,0,NA,0,-1,"Medium"
"9262",0,0,NA,0,-1,"Medium"
"9263",0,0,NA,0,-1,"High"
"9264",11046,11047,"Previous_Irrigation_mm",108.97,1,NA
"9265",0,0,NA,0,-1,"High"
"9266",0,0,NA,0,-1,"Medium"
"9267",0,0,NA,0,-1,"High"
"9268",0,0,NA,0,-1,"High"
"9269",0,0,NA,0,-1,"Medium"
"9270",0,0,NA,0,-1,"Medium"
"9271",0,0,NA,0,-1,"High"
"9272",0,0,NA,0,-1,"Medium"
"9273",11048,11049,"Region",2,1,NA
"9274",11050,11051,"Field_Area_hectare",8.08,1,NA
"9275",0,0,NA,0,-1,"Medium"
"9276",0,0,NA,0,-1,"Medium"
"9277",0,0,NA,0,-1,"Low"
"9278",11052,11053,"Soil_Type",2,1,NA
"9279",0,0,NA,0,-1,"Low"
"9280",11054,11055,"Soil_pH",4.895,1,NA
"9281",0,0,NA,0,-1,"Low"
"9282",11056,11057,"Humidity",82.535,1,NA
"9283",0,0,NA,0,-1,"Low"
"9284",0,0,NA,0,-1,"Low"
"9285",0,0,NA,0,-1,"Medium"
"9286",0,0,NA,0,-1,"High"
"9287",0,0,NA,0,-1,"Medium"
"9288",0,0,NA,0,-1,"High"
"9289",11058,11059,"Electrical_Conductivity",0.21,1,NA
"9290",0,0,NA,0,-1,"Low"
"9291",0,0,NA,0,-1,"Medium"
"9292",0,0,NA,0,-1,"Medium"
"9293",11060,11061,"Soil_Moisture",18.62,1,NA
"9294",0,0,NA,0,-1,"Low"
"9295",0,0,NA,0,-1,"Medium"
"9296",0,0,NA,0,-1,"Low"
"9297",0,0,NA,0,-1,"Medium"
"9298",0,0,NA,0,-1,"Low"
"9299",11062,11063,"Region",2,1,NA
"9300",11064,11065,"Wind_Speed_kmh",6.53,1,NA
"9301",0,0,NA,0,-1,"Low"
"9302",11066,11067,"Soil_Type",1,1,NA
"9303",0,0,NA,0,-1,"Low"
"9304",11068,11069,"Soil_pH",6.15,1,NA
"9305",11070,11071,"Water_Source",4,1,NA
"9306",11072,11073,"Soil_pH",5.375,1,NA
"9307",0,0,NA,0,-1,"Low"
"9308",11074,11075,"Sunlight_Hours",5.015,1,NA
"9309",0,0,NA,0,-1,"Medium"
"9310",11076,11077,"Soil_pH",7.315,1,NA
"9311",11078,11079,"Rainfall_mm",1308.07,1,NA
"9312",0,0,NA,0,-1,"Low"
"9313",0,0,NA,0,-1,"Medium"
"9314",11080,11081,"Field_Area_hectare",4.195,1,NA
"9315",0,0,NA,0,-1,"Medium"
"9316",11082,11083,"Wind_Speed_kmh",8.345,1,NA
"9317",0,0,NA,0,-1,"Medium"
"9318",0,0,NA,0,-1,"Low"
"9319",0,0,NA,0,-1,"Medium"
"9320",11084,11085,"Soil_Moisture",24.975,1,NA
"9321",11086,11087,"Crop_Type",18,1,NA
"9322",11088,11089,"Soil_Moisture",23.76,1,NA
"9323",11090,11091,"Soil_pH",7.645,1,NA
"9324",11092,11093,"Sunlight_Hours",8.085,1,NA
"9325",11094,11095,"Crop_Type",6,1,NA
"9326",11096,11097,"Crop_Type",2,1,NA
"9327",0,0,NA,0,-1,"Low"
"9328",11098,11099,"Soil_Moisture",25.005,1,NA
"9329",11100,11101,"Humidity",50.695,1,NA
"9330",11102,11103,"Crop_Type",14,1,NA
"9331",11104,11105,"Electrical_Conductivity",2.97,1,NA
"9332",11106,11107,"Soil_Moisture",26.215,1,NA
"9333",11108,11109,"Organic_Carbon",0.39,1,NA
"9334",11110,11111,"Previous_Irrigation_mm",113.445,1,NA
"9335",0,0,NA,0,-1,"Medium"
"9336",11112,11113,"Previous_Irrigation_mm",100.115,1,NA
"9337",11114,11115,"Wind_Speed_kmh",5.1,1,NA
"9338",0,0,NA,0,-1,"Medium"
"9339",0,0,NA,0,-1,"Low"
"9340",11116,11117,"Field_Area_hectare",4.4,1,NA
"9341",0,0,NA,0,-1,"Medium"
"9342",0,0,NA,0,-1,"Medium"
"9343",0,0,NA,0,-1,"Low"
"9344",0,0,NA,0,-1,"Low"
"9345",0,0,NA,0,-1,"Medium"
"9346",0,0,NA,0,-1,"Medium"
"9347",11118,11119,"Crop_Type",16,1,NA
"9348",0,0,NA,0,-1,"High"
"9349",11120,11121,"Soil_Moisture",20.915,1,NA
"9350",0,0,NA,0,-1,"Low"
"9351",0,0,NA,0,-1,"Medium"
"9352",11122,11123,"Organic_Carbon",0.54,1,NA
"9353",11124,11125,"Soil_Moisture",34.27,1,NA
"9354",11126,11127,"Irrigation_Type",1,1,NA
"9355",0,0,NA,0,-1,"Medium"
"9356",11128,11129,"Previous_Irrigation_mm",65.13,1,NA
"9357",0,0,NA,0,-1,"Medium"
"9358",11130,11131,"Wind_Speed_kmh",5.715,1,NA
"9359",0,0,NA,0,-1,"Low"
"9360",11132,11133,"Region",7,1,NA
"9361",0,0,NA,0,-1,"Low"
"9362",0,0,NA,0,-1,"Medium"
"9363",0,0,NA,0,-1,"Low"
"9364",0,0,NA,0,-1,"Low"
"9365",0,0,NA,0,-1,"Medium"
"9366",0,0,NA,0,-1,"Medium"
"9367",11134,11135,"Water_Source",1,1,NA
"9368",0,0,NA,0,-1,"Medium"
"9369",11136,11137,"Rainfall_mm",1021.55,1,NA
"9370",11138,11139,"Temperature_C",30.365,1,NA
"9371",0,0,NA,0,-1,"Medium"
"9372",0,0,NA,0,-1,"Medium"
"9373",11140,11141,"Temperature_C",32.25,1,NA
"9374",11142,11143,"Irrigation_Type",4,1,NA
"9375",11144,11145,"Organic_Carbon",0.565,1,NA
"9376",0,0,NA,0,-1,"Low"
"9377",0,0,NA,0,-1,"Medium"
"9378",11146,11147,"Irrigation_Type",3,1,NA
"9379",11148,11149,"Soil_pH",7.06,1,NA
"9380",0,0,NA,0,-1,"Medium"
"9381",0,0,NA,0,-1,"Low"
"9382",11150,11151,"Sunlight_Hours",7.185,1,NA
"9383",0,0,NA,0,-1,"Medium"
"9384",11152,11153,"Soil_Moisture",23.63,1,NA
"9385",0,0,NA,0,-1,"Medium"
"9386",11154,11155,"Water_Source",4,1,NA
"9387",11156,11157,"Electrical_Conductivity",0.605,1,NA
"9388",11158,11159,"Temperature_C",40.75,1,NA
"9389",11160,11161,"Soil_Moisture",59.68,1,NA
"9390",0,0,NA,0,-1,"Low"
"9391",0,0,NA,0,-1,"Medium"
"9392",11162,11163,"Rainfall_mm",1008.465,1,NA
"9393",11164,11165,"Rainfall_mm",976.735,1,NA
"9394",11166,11167,"Humidity",26.92,1,NA
"9395",0,0,NA,0,-1,"Medium"
"9396",11168,11169,"Region",5,1,NA
"9397",0,0,NA,0,-1,"Low"
"9398",0,0,NA,0,-1,"Medium"
"9399",11170,11171,"Sunlight_Hours",8.41,1,NA
"9400",11172,11173,"Field_Area_hectare",1.28,1,NA
"9401",11174,11175,"Temperature_C",38.65,1,NA
"9402",11176,11177,"Sunlight_Hours",5.07,1,NA
"9403",11178,11179,"Rainfall_mm",2439.205,1,NA
"9404",0,0,NA,0,-1,"Medium"
"9405",0,0,NA,0,-1,"High"
"9406",11180,11181,"Rainfall_mm",1846.77,1,NA
"9407",11182,11183,"Soil_pH",5.06,1,NA
"9408",11184,11185,"Temperature_C",41.82,1,NA
"9409",11186,11187,"Field_Area_hectare",0.33,1,NA
"9410",0,0,NA,0,-1,"Medium"
"9411",0,0,NA,0,-1,"High"
"9412",0,0,NA,0,-1,"High"
"9413",0,0,NA,0,-1,"Medium"
"9414",11188,11189,"Field_Area_hectare",9.82,1,NA
"9415",11190,11191,"Crop_Type",6,1,NA
"9416",11192,11193,"Region",13,1,NA
"9417",0,0,NA,0,-1,"Medium"
"9418",11194,11195,"Temperature_C",30.285,1,NA
"9419",11196,11197,"Rainfall_mm",1070.115,1,NA
"9420",11198,11199,"Wind_Speed_kmh",9.92,1,NA
"9421",11200,11201,"Field_Area_hectare",10.815,1,NA
"9422",0,0,NA,0,-1,"Low"
"9423",0,0,NA,0,-1,"Medium"
"9424",11202,11203,"Soil_pH",7.635,1,NA
"9425",11204,11205,"Region",4,1,NA
"9426",0,0,NA,0,-1,"Medium"
"9427",11206,11207,"Sunlight_Hours",10.175,1,NA
"9428",0,0,NA,0,-1,"Low"
"9429",0,0,NA,0,-1,"Medium"
"9430",0,0,NA,0,-1,"Medium"
"9431",0,0,NA,0,-1,"Low"
"9432",11208,11209,"Organic_Carbon",1.365,1,NA
"9433",11210,11211,"Humidity",63.375,1,NA
"9434",11212,11213,"Organic_Carbon",0.77,1,NA
"9435",0,0,NA,0,-1,"Low"
"9436",11214,11215,"Rainfall_mm",488.03,1,NA
"9437",11216,11217,"Season",2,1,NA
"9438",11218,11219,"Previous_Irrigation_mm",118.335,1,NA
"9439",0,0,NA,0,-1,"Low"
"9440",11220,11221,"Soil_pH",5.43,1,NA
"9441",0,0,NA,0,-1,"Low"
"9442",0,0,NA,0,-1,"Medium"
"9443",0,0,NA,0,-1,"Low"
"9444",11222,11223,"Field_Area_hectare",0.48,1,NA
"9445",11224,11225,"Region",3,1,NA
"9446",11226,11227,"Irrigation_Type",3,1,NA
"9447",11228,11229,"Soil_pH",7.46,1,NA
"9448",11230,11231,"Sunlight_Hours",10.66,1,NA
"9449",11232,11233,"Soil_Moisture",64.615,1,NA
"9450",11234,11235,"Region",1,1,NA
"9451",0,0,NA,0,-1,"Medium"
"9452",0,0,NA,0,-1,"Medium"
"9453",11236,11237,"Previous_Irrigation_mm",118.785,1,NA
"9454",0,0,NA,0,-1,"Medium"
"9455",0,0,NA,0,-1,"Low"
"9456",11238,11239,"Season",3,1,NA
"9457",11240,11241,"Sunlight_Hours",4.085,1,NA
"9458",0,0,NA,0,-1,"Low"
"9459",11242,11243,"Humidity",63.605,1,NA
"9460",11244,11245,"Electrical_Conductivity",1.19,1,NA
"9461",11246,11247,"Sunlight_Hours",4.58,1,NA
"9462",11248,11249,"Region",13,1,NA
"9463",11250,11251,"Crop_Type",1,1,NA
"9464",0,0,NA,0,-1,"Medium"
"9465",11252,11253,"Soil_pH",6.135,1,NA
"9466",0,0,NA,0,-1,"High"
"9467",0,0,NA,0,-1,"Medium"
"9468",0,0,NA,0,-1,"High"
"9469",0,0,NA,0,-1,"Medium"
"9470",0,0,NA,0,-1,"Medium"
"9471",0,0,NA,0,-1,"High"
"9472",0,0,NA,0,-1,"High"
"9473",0,0,NA,0,-1,"Medium"
"9474",0,0,NA,0,-1,"Medium"
"9475",0,0,NA,0,-1,"High"
"9476",0,0,NA,0,-1,"High"
"9477",11254,11255,"Region",2,1,NA
"9478",11256,11257,"Soil_Moisture",53.185,1,NA
"9479",0,0,NA,0,-1,"Medium"
"9480",11258,11259,"Wind_Speed_kmh",13.79,1,NA
"9481",11260,11261,"Electrical_Conductivity",1.36,1,NA
"9482",11262,11263,"Soil_Moisture",58.75,1,NA
"9483",0,0,NA,0,-1,"High"
"9484",11264,11265,"Humidity",51.135,1,NA
"9485",0,0,NA,0,-1,"Medium"
"9486",11266,11267,"Soil_pH",5.01,1,NA
"9487",0,0,NA,0,-1,"Medium"
"9488",11268,11269,"Soil_pH",5.725,1,NA
"9489",0,0,NA,0,-1,"High"
"9490",0,0,NA,0,-1,"Medium"
"9491",0,0,NA,0,-1,"High"
"9492",11270,11271,"Electrical_Conductivity",2.37,1,NA
"9493",11272,11273,"Field_Area_hectare",3.07,1,NA
"9494",0,0,NA,0,-1,"High"
"9495",0,0,NA,0,-1,"Medium"
"9496",11274,11275,"Soil_Moisture",56.37,1,NA
"9497",0,0,NA,0,-1,"Low"
"9498",0,0,NA,0,-1,"Low"
"9499",0,0,NA,0,-1,"Medium"
"9500",11276,11277,"Water_Source",1,1,NA
"9501",0,0,NA,0,-1,"Low"
"9502",0,0,NA,0,-1,"High"
"9503",0,0,NA,0,-1,"Medium"
"9504",11278,11279,"Crop_Type",31,1,NA
"9505",0,0,NA,0,-1,"Medium"
"9506",11280,11281,"Region",1,1,NA
"9507",11282,11283,"Previous_Irrigation_mm",16.42,1,NA
"9508",0,0,NA,0,-1,"Medium"
"9509",0,0,NA,0,-1,"Low"
"9510",0,0,NA,0,-1,"Medium"
"9511",0,0,NA,0,-1,"Low"
"9512",0,0,NA,0,-1,"Medium"
"9513",0,0,NA,0,-1,"Low"
"9514",0,0,NA,0,-1,"Low"
"9515",11284,11285,"Field_Area_hectare",6.265,1,NA
"9516",11286,11287,"Sunlight_Hours",9.28,1,NA
"9517",0,0,NA,0,-1,"Low"
"9518",11288,11289,"Irrigation_Type",1,1,NA
"9519",11290,11291,"Irrigation_Type",4,1,NA
"9520",0,0,NA,0,-1,"Medium"
"9521",11292,11293,"Region",8,1,NA
"9522",0,0,NA,0,-1,"Medium"
"9523",11294,11295,"Rainfall_mm",1837.6,1,NA
"9524",11296,11297,"Soil_Moisture",24.93,1,NA
"9525",11298,11299,"Crop_Type",10,1,NA
"9526",11300,11301,"Crop_Type",3,1,NA
"9527",11302,11303,"Soil_pH",6.38,1,NA
"9528",11304,11305,"Season",1,1,NA
"9529",11306,11307,"Wind_Speed_kmh",19.59,1,NA
"9530",0,0,NA,0,-1,"Medium"
"9531",0,0,NA,0,-1,"Low"
"9532",11308,11309,"Electrical_Conductivity",3.01,1,NA
"9533",0,0,NA,0,-1,"Low"
"9534",11310,11311,"Field_Area_hectare",3.745,1,NA
"9535",11312,11313,"Wind_Speed_kmh",13.345,1,NA
"9536",11314,11315,"Soil_Moisture",24.42,1,NA
"9537",11316,11317,"Soil_Type",6,1,NA
"9538",0,0,NA,0,-1,"Medium"
"9539",0,0,NA,0,-1,"Low"
"9540",0,0,NA,0,-1,"Low"
"9541",0,0,NA,0,-1,"Medium"
"9542",11318,11319,"Season",1,1,NA
"9543",0,0,NA,0,-1,"Medium"
"9544",0,0,NA,0,-1,"Low"
"9545",11320,11321,"Humidity",67.505,1,NA
"9546",11322,11323,"Humidity",68.28,1,NA
"9547",11324,11325,"Field_Area_hectare",1.855,1,NA
"9548",11326,11327,"Temperature_C",27.995,1,NA
"9549",11328,11329,"Soil_Type",2,1,NA
"9550",0,0,NA,0,-1,"Medium"
"9551",11330,11331,"Temperature_C",29.525,1,NA
"9552",0,0,NA,0,-1,"Low"
"9553",11332,11333,"Wind_Speed_kmh",11.055,1,NA
"9554",11334,11335,"Wind_Speed_kmh",15.22,1,NA
"9555",11336,11337,"Temperature_C",15.16,1,NA
"9556",11338,11339,"Humidity",56.975,1,NA
"9557",11340,11341,"Rainfall_mm",573.19,1,NA
"9558",11342,11343,"Soil_Type",6,1,NA
"9559",11344,11345,"Field_Area_hectare",12.47,1,NA
"9560",0,0,NA,0,-1,"Medium"
"9561",11346,11347,"Electrical_Conductivity",1.31,1,NA
"9562",0,0,NA,0,-1,"High"
"9563",0,0,NA,0,-1,"Medium"
"9564",11348,11349,"Soil_Moisture",51.75,1,NA
"9565",0,0,NA,0,-1,"Low"
"9566",11350,11351,"Water_Source",1,1,NA
"9567",11352,11353,"Soil_Moisture",58.08,1,NA
"9568",0,0,NA,0,-1,"Low"
"9569",0,0,NA,0,-1,"Medium"
"9570",11354,11355,"Crop_Growth_Stage",1,1,NA
"9571",11356,11357,"Temperature_C",26.065,1,NA
"9572",11358,11359,"Field_Area_hectare",4.32,1,NA
"9573",11360,11361,"Temperature_C",12.335,1,NA
"9574",0,0,NA,0,-1,"Medium"
"9575",0,0,NA,0,-1,"Low"
"9576",0,0,NA,0,-1,"Medium"
"9577",11362,11363,"Temperature_C",16.09,1,NA
"9578",11364,11365,"Field_Area_hectare",0.385,1,NA
"9579",11366,11367,"Rainfall_mm",2145.725,1,NA
"9580",11368,11369,"Temperature_C",18.6,1,NA
"9581",11370,11371,"Irrigation_Type",6,1,NA
"9582",0,0,NA,0,-1,"Medium"
"9583",0,0,NA,0,-1,"Low"
"9584",11372,11373,"Crop_Growth_Stage",1,1,NA
"9585",0,0,NA,0,-1,"Low"
"9586",0,0,NA,0,-1,"Medium"
"9587",0,0,NA,0,-1,"Low"
"9588",0,0,NA,0,-1,"Medium"
"9589",0,0,NA,0,-1,"Low"
"9590",0,0,NA,0,-1,"Low"
"9591",0,0,NA,0,-1,"Medium"
"9592",11374,11375,"Soil_pH",7.965,1,NA
"9593",0,0,NA,0,-1,"Medium"
"9594",11376,11377,"Electrical_Conductivity",2.85,1,NA
"9595",11378,11379,"Soil_Moisture",28.255,1,NA
"9596",0,0,NA,0,-1,"Low"
"9597",11380,11381,"Previous_Irrigation_mm",88.325,1,NA
"9598",0,0,NA,0,-1,"Low"
"9599",11382,11383,"Rainfall_mm",1465.82,1,NA
"9600",0,0,NA,0,-1,"High"
"9601",11384,11385,"Crop_Type",3,1,NA
"9602",0,0,NA,0,-1,"High"
"9603",0,0,NA,0,-1,"Medium"
"9604",11386,11387,"Soil_pH",6.73,1,NA
"9605",11388,11389,"Rainfall_mm",902.055,1,NA
"9606",11390,11391,"Electrical_Conductivity",1.535,1,NA
"9607",0,0,NA,0,-1,"Medium"
"9608",11392,11393,"Temperature_C",41.55,1,NA
"9609",0,0,NA,0,-1,"High"
"9610",0,0,NA,0,-1,"High"
"9611",0,0,NA,0,-1,"Medium"
"9612",11394,11395,"Region",8,1,NA
"9613",11396,11397,"Organic_Carbon",1,1,NA
"9614",11398,11399,"Rainfall_mm",529.75,1,NA
"9615",0,0,NA,0,-1,"High"
"9616",11400,11401,"Field_Area_hectare",13.28,1,NA
"9617",0,0,NA,0,-1,"High"
"9618",11402,11403,"Water_Source",7,1,NA
"9619",11404,11405,"Wind_Speed_kmh",19.81,1,NA
"9620",0,0,NA,0,-1,"High"
"9621",11406,11407,"Soil_pH",4.855,1,NA
"9622",11408,11409,"Organic_Carbon",0.82,1,NA
"9623",11410,11411,"Wind_Speed_kmh",18.775,1,NA
"9624",0,0,NA,0,-1,"Medium"
"9625",11412,11413,"Sunlight_Hours",9.855,1,NA
"9626",0,0,NA,0,-1,"Medium"
"9627",11414,11415,"Field_Area_hectare",4.725,1,NA
"9628",11416,11417,"Previous_Irrigation_mm",100.895,1,NA
"9629",11418,11419,"Sunlight_Hours",9.58,1,NA
"9630",0,0,NA,0,-1,"Medium"
"9631",11420,11421,"Soil_Moisture",19.22,1,NA
"9632",0,0,NA,0,-1,"Medium"
"9633",11422,11423,"Wind_Speed_kmh",14.79,1,NA
"9634",11424,11425,"Organic_Carbon",0.395,1,NA
"9635",11426,11427,"Field_Area_hectare",11.005,1,NA
"9636",11428,11429,"Region",2,1,NA
"9637",0,0,NA,0,-1,"Medium"
"9638",11430,11431,"Electrical_Conductivity",2.415,1,NA
"9639",11432,11433,"Electrical_Conductivity",1.315,1,NA
"9640",11434,11435,"Region",8,1,NA
"9641",0,0,NA,0,-1,"Medium"
"9642",0,0,NA,0,-1,"High"
"9643",0,0,NA,0,-1,"Medium"
"9644",0,0,NA,0,-1,"Medium"
"9645",0,0,NA,0,-1,"Low"
"9646",11436,11437,"Crop_Type",1,1,NA
"9647",11438,11439,"Rainfall_mm",2412.7,1,NA
"9648",0,0,NA,0,-1,"Medium"
"9649",11440,11441,"Crop_Type",8,1,NA
"9650",11442,11443,"Temperature_C",30.99,1,NA
"9651",0,0,NA,0,-1,"Medium"
"9652",0,0,NA,0,-1,"Low"
"9653",0,0,NA,0,-1,"Medium"
"9654",0,0,NA,0,-1,"Medium"
"9655",0,0,NA,0,-1,"Low"
"9656",11444,11445,"Sunlight_Hours",5.805,1,NA
"9657",11446,11447,"Sunlight_Hours",6.265,1,NA
"9658",11448,11449,"Temperature_C",32.795,1,NA
"9659",11450,11451,"Humidity",88.845,1,NA
"9660",11452,11453,"Field_Area_hectare",2.35,1,NA
"9661",0,0,NA,0,-1,"Medium"
"9662",0,0,NA,0,-1,"Low"
"9663",0,0,NA,0,-1,"Medium"
"9664",0,0,NA,0,-1,"Low"
"9665",0,0,NA,0,-1,"Medium"
"9666",11454,11455,"Soil_Moisture",25.945,1,NA
"9667",11456,11457,"Soil_Moisture",59.45,1,NA
"9668",11458,11459,"Humidity",57.4,1,NA
"9669",0,0,NA,0,-1,"Low"
"9670",11460,11461,"Rainfall_mm",1077.1,1,NA
"9671",11462,11463,"Region",4,1,NA
"9672",0,0,NA,0,-1,"Low"
"9673",11464,11465,"Temperature_C",34.11,1,NA
"9674",11466,11467,"Rainfall_mm",1638.255,1,NA
"9675",11468,11469,"Organic_Carbon",0.965,1,NA
"9676",11470,11471,"Humidity",89.29,1,NA
"9677",11472,11473,"Rainfall_mm",1155.64,1,NA
"9678",0,0,NA,0,-1,"Low"
"9679",11474,11475,"Organic_Carbon",0.54,1,NA
"9680",11476,11477,"Sunlight_Hours",8.645,1,NA
"9681",11478,11479,"Humidity",25.855,1,NA
"9682",11480,11481,"Season",1,1,NA
"9683",11482,11483,"Region",11,1,NA
"9684",0,0,NA,0,-1,"Low"
"9685",0,0,NA,0,-1,"Medium"
"9686",0,0,NA,0,-1,"Medium"
"9687",0,0,NA,0,-1,"Low"
"9688",0,0,NA,0,-1,"Low"
"9689",11484,11485,"Wind_Speed_kmh",2.855,1,NA
"9690",0,0,NA,0,-1,"Low"
"9691",0,0,NA,0,-1,"Medium"
"9692",0,0,NA,0,-1,"Medium"
"9693",0,0,NA,0,-1,"Low"
"9694",0,0,NA,0,-1,"Low"
"9695",0,0,NA,0,-1,"Medium"
"9696",11486,11487,"Previous_Irrigation_mm",103.7,1,NA
"9697",0,0,NA,0,-1,"Low"
"9698",0,0,NA,0,-1,"Low"
"9699",0,0,NA,0,-1,"Medium"
"9700",0,0,NA,0,-1,"Low"
"9701",11488,11489,"Soil_pH",8.045,1,NA
"9702",0,0,NA,0,-1,"Low"
"9703",0,0,NA,0,-1,"Medium"
"9704",11490,11491,"Irrigation_Type",1,1,NA
"9705",11492,11493,"Field_Area_hectare",3.565,1,NA
"9706",11494,11495,"Temperature_C",31.415,1,NA
"9707",0,0,NA,0,-1,"Low"
"9708",11496,11497,"Soil_pH",7.06,1,NA
"9709",0,0,NA,0,-1,"Medium"
"9710",0,0,NA,0,-1,"Low"
"9711",0,0,NA,0,-1,"Medium"
"9712",0,0,NA,0,-1,"Low"
"9713",0,0,NA,0,-1,"Medium"
"9714",0,0,NA,0,-1,"Medium"
"9715",0,0,NA,0,-1,"Low"
"9716",11498,11499,"Sunlight_Hours",4.57,1,NA
"9717",0,0,NA,0,-1,"Medium"
"9718",11500,11501,"Water_Source",6,1,NA
"9719",0,0,NA,0,-1,"Low"
"9720",11502,11503,"Wind_Speed_kmh",1.885,1,NA
"9721",11504,11505,"Sunlight_Hours",4.19,1,NA
"9722",11506,11507,"Water_Source",2,1,NA
"9723",11508,11509,"Water_Source",7,1,NA
"9724",11510,11511,"Soil_Moisture",8.58,1,NA
"9725",0,0,NA,0,-1,"Low"
"9726",0,0,NA,0,-1,"Low"
"9727",11512,11513,"Rainfall_mm",1182.65,1,NA
"9728",0,0,NA,0,-1,"Medium"
"9729",0,0,NA,0,-1,"Low"
"9730",0,0,NA,0,-1,"Low"
"9731",11514,11515,"Field_Area_hectare",8.295,1,NA
"9732",11516,11517,"Humidity",32.585,1,NA
"9733",0,0,NA,0,-1,"Low"
"9734",0,0,NA,0,-1,"Medium"
"9735",11518,11519,"Rainfall_mm",2147.38,1,NA
"9736",0,0,NA,0,-1,"Low"
"9737",0,0,NA,0,-1,"Medium"
"9738",11520,11521,"Crop_Type",29,1,NA
"9739",0,0,NA,0,-1,"Low"
"9740",0,0,NA,0,-1,"Low"
"9741",0,0,NA,0,-1,"Medium"
"9742",11522,11523,"Soil_Type",7,1,NA
"9743",0,0,NA,0,-1,"Low"
"9744",0,0,NA,0,-1,"Low"
"9745",0,0,NA,0,-1,"Medium"
"9746",0,0,NA,0,-1,"Low"
"9747",0,0,NA,0,-1,"Medium"
"9748",11524,11525,"Previous_Irrigation_mm",90.9,1,NA
"9749",11526,11527,"Electrical_Conductivity",3.42,1,NA
"9750",0,0,NA,0,-1,"Low"
"9751",11528,11529,"Electrical_Conductivity",1.405,1,NA
"9752",0,0,NA,0,-1,"Low"
"9753",11530,11531,"Rainfall_mm",2474.3,1,NA
"9754",11532,11533,"Soil_pH",5.69,1,NA
"9755",11534,11535,"Humidity",30.675,1,NA
"9756",0,0,NA,0,-1,"Low"
"9757",0,0,NA,0,-1,"Medium"
"9758",0,0,NA,0,-1,"Low"
"9759",11536,11537,"Crop_Type",4,1,NA
"9760",0,0,NA,0,-1,"Medium"
"9761",0,0,NA,0,-1,"Low"
"9762",11538,11539,"Wind_Speed_kmh",9.855,1,NA
"9763",11540,11541,"Organic_Carbon",0.6,1,NA
"9764",11542,11543,"Humidity",56.085,1,NA
"9765",11544,11545,"Rainfall_mm",1880.68,1,NA
"9766",0,0,NA,0,-1,"Medium"
"9767",11546,11547,"Soil_Type",3,1,NA
"9768",0,0,NA,0,-1,"Medium"
"9769",0,0,NA,0,-1,"Low"
"9770",11548,11549,"Region",15,1,NA
"9771",11550,11551,"Previous_Irrigation_mm",69.75,1,NA
"9772",11552,11553,"Temperature_C",22.81,1,NA
"9773",11554,11555,"Temperature_C",28.41,1,NA
"9774",11556,11557,"Organic_Carbon",0.32,1,NA
"9775",11558,11559,"Rainfall_mm",2086.155,1,NA
"9776",0,0,NA,0,-1,"Medium"
"9777",0,0,NA,0,-1,"Low"
"9778",11560,11561,"Sunlight_Hours",8.26,1,NA
"9779",11562,11563,"Field_Area_hectare",3.02,1,NA
"9780",11564,11565,"Humidity",32.56,1,NA
"9781",0,0,NA,0,-1,"Low"
"9782",11566,11567,"Crop_Type",1,1,NA
"9783",11568,11569,"Field_Area_hectare",11.015,1,NA
"9784",11570,11571,"Crop_Type",27,1,NA
"9785",11572,11573,"Soil_Moisture",21.49,1,NA
"9786",0,0,NA,0,-1,"Medium"
"9787",0,0,NA,0,-1,"Low"
"9788",11574,11575,"Electrical_Conductivity",2.535,1,NA
"9789",0,0,NA,0,-1,"Low"
"9790",11576,11577,"Irrigation_Type",7,1,NA
"9791",0,0,NA,0,-1,"Low"
"9792",0,0,NA,0,-1,"Medium"
"9793",11578,11579,"Electrical_Conductivity",2.015,1,NA
"9794",11580,11581,"Humidity",70.345,1,NA
"9795",0,0,NA,0,-1,"Medium"
"9796",11582,11583,"Soil_Type",3,1,NA
"9797",0,0,NA,0,-1,"Medium"
"9798",0,0,NA,0,-1,"Medium"
"9799",0,0,NA,0,-1,"Low"
"9800",0,0,NA,0,-1,"Medium"
"9801",11584,11585,"Electrical_Conductivity",2.095,1,NA
"9802",11586,11587,"Sunlight_Hours",4.305,1,NA
"9803",0,0,NA,0,-1,"Medium"
"9804",11588,11589,"Previous_Irrigation_mm",26.6,1,NA
"9805",11590,11591,"Water_Source",1,1,NA
"9806",0,0,NA,0,-1,"High"
"9807",0,0,NA,0,-1,"Medium"
"9808",0,0,NA,0,-1,"Low"
"9809",0,0,NA,0,-1,"Medium"
"9810",0,0,NA,0,-1,"Low"
"9811",0,0,NA,0,-1,"Medium"
"9812",11592,11593,"Region",3,1,NA
"9813",0,0,NA,0,-1,"Medium"
"9814",0,0,NA,0,-1,"Low"
"9815",0,0,NA,0,-1,"Medium"
"9816",11594,11595,"Crop_Type",16,1,NA
"9817",11596,11597,"Region",15,1,NA
"9818",0,0,NA,0,-1,"Medium"
"9819",11598,11599,"Field_Area_hectare",13.63,1,NA
"9820",11600,11601,"Field_Area_hectare",1.54,1,NA
"9821",0,0,NA,0,-1,"Medium"
"9822",0,0,NA,0,-1,"Medium"
"9823",11602,11603,"Temperature_C",39.325,1,NA
"9824",0,0,NA,0,-1,"High"
"9825",0,0,NA,0,-1,"Medium"
"9826",0,0,NA,0,-1,"Low"
"9827",0,0,NA,0,-1,"Medium"
"9828",0,0,NA,0,-1,"Medium"
"9829",0,0,NA,0,-1,"High"
"9830",0,0,NA,0,-1,"Medium"
"9831",0,0,NA,0,-1,"High"
"9832",0,0,NA,0,-1,"Medium"
"9833",0,0,NA,0,-1,"Low"
"9834",0,0,NA,0,-1,"Medium"
"9835",0,0,NA,0,-1,"Low"
"9836",0,0,NA,0,-1,"Medium"
"9837",11604,11605,"Previous_Irrigation_mm",82.255,1,NA
"9838",0,0,NA,0,-1,"Medium"
"9839",11606,11607,"Humidity",78.725,1,NA
"9840",11608,11609,"Field_Area_hectare",0.48,1,NA
"9841",11610,11611,"Wind_Speed_kmh",6.655,1,NA
"9842",11612,11613,"Season",1,1,NA
"9843",0,0,NA,0,-1,"Medium"
"9844",0,0,NA,0,-1,"Low"
"9845",11614,11615,"Sunlight_Hours",7.43,1,NA
"9846",11616,11617,"Soil_Type",7,1,NA
"9847",11618,11619,"Wind_Speed_kmh",1.515,1,NA
"9848",11620,11621,"Crop_Type",5,1,NA
"9849",0,0,NA,0,-1,"Medium"
"9850",0,0,NA,0,-1,"Low"
"9851",0,0,NA,0,-1,"Medium"
"9852",11622,11623,"Temperature_C",40.045,1,NA
"9853",11624,11625,"Humidity",50.805,1,NA
"9854",11626,11627,"Temperature_C",40.24,1,NA
"9855",11628,11629,"Crop_Type",8,1,NA
"9856",11630,11631,"Sunlight_Hours",10.85,1,NA
"9857",11632,11633,"Humidity",66,1,NA
"9858",0,0,NA,0,-1,"Medium"
"9859",0,0,NA,0,-1,"Low"
"9860",11634,11635,"Sunlight_Hours",6.09,1,NA
"9861",11636,11637,"Field_Area_hectare",1.665,1,NA
"9862",0,0,NA,0,-1,"Medium"
"9863",0,0,NA,0,-1,"Low"
"9864",11638,11639,"Electrical_Conductivity",3.265,1,NA
"9865",0,0,NA,0,-1,"Low"
"9866",11640,11641,"Season",2,1,NA
"9867",0,0,NA,0,-1,"Medium"
"9868",11642,11643,"Temperature_C",37.32,1,NA
"9869",11644,11645,"Soil_Moisture",9.295,1,NA
"9870",0,0,NA,0,-1,"Medium"
"9871",0,0,NA,0,-1,"Low"
"9872",11646,11647,"Soil_pH",7,1,NA
"9873",0,0,NA,0,-1,"Low"
"9874",0,0,NA,0,-1,"Low"
"9875",11648,11649,"Humidity",86.39,1,NA
"9876",0,0,NA,0,-1,"Low"
"9877",11650,11651,"Crop_Growth_Stage",2,1,NA
"9878",0,0,NA,0,-1,"Low"
"9879",0,0,NA,0,-1,"Medium"
"9880",11652,11653,"Wind_Speed_kmh",3.45,1,NA
"9881",11654,11655,"Sunlight_Hours",10.55,1,NA
"9882",11656,11657,"Humidity",39.225,1,NA
"9883",0,0,NA,0,-1,"Medium"
"9884",0,0,NA,0,-1,"Medium"
"9885",11658,11659,"Crop_Type",1,1,NA
"9886",0,0,NA,0,-1,"Low"
"9887",11660,11661,"Sunlight_Hours",9.27,1,NA
"9888",11662,11663,"Field_Area_hectare",2.09,1,NA
"9889",0,0,NA,0,-1,"Medium"
"9890",11664,11665,"Soil_pH",5.925,1,NA
"9891",11666,11667,"Soil_Moisture",14.97,1,NA
"9892",11668,11669,"Organic_Carbon",1.3,1,NA
"9893",0,0,NA,0,-1,"Low"
"9894",11670,11671,"Humidity",46.55,1,NA
"9895",0,0,NA,0,-1,"Low"
"9896",0,0,NA,0,-1,"Low"
"9897",0,0,NA,0,-1,"Medium"
"9898",11672,11673,"Electrical_Conductivity",1.115,1,NA
"9899",11674,11675,"Sunlight_Hours",4.025,1,NA
"9900",11676,11677,"Field_Area_hectare",9.215,1,NA
"9901",11678,11679,"Humidity",72.915,1,NA
"9902",11680,11681,"Wind_Speed_kmh",6.295,1,NA
"9903",11682,11683,"Soil_pH",5.57,1,NA
"9904",0,0,NA,0,-1,"Low"
"9905",11684,11685,"Crop_Type",3,1,NA
"9906",11686,11687,"Organic_Carbon",1.045,1,NA
"9907",11688,11689,"Crop_Type",12,1,NA
"9908",11690,11691,"Sunlight_Hours",7.5,1,NA
"9909",11692,11693,"Organic_Carbon",1.405,1,NA
"9910",11694,11695,"Irrigation_Type",4,1,NA
"9911",0,0,NA,0,-1,"Low"
"9912",11696,11697,"Wind_Speed_kmh",2.915,1,NA
"9913",11698,11699,"Wind_Speed_kmh",1.045,1,NA
"9914",0,0,NA,0,-1,"Medium"
"9915",0,0,NA,0,-1,"Low"
"9916",0,0,NA,0,-1,"Medium"
"9917",0,0,NA,0,-1,"Low"
"9918",11700,11701,"Field_Area_hectare",3.555,1,NA
"9919",0,0,NA,0,-1,"Low"
"9920",0,0,NA,0,-1,"Medium"
"9921",11702,11703,"Humidity",74.74,1,NA
"9922",11704,11705,"Soil_Moisture",30.565,1,NA
"9923",11706,11707,"Water_Source",7,1,NA
"9924",0,0,NA,0,-1,"Low"
"9925",0,0,NA,0,-1,"Medium"
"9926",11708,11709,"Soil_Moisture",62.59,1,NA
"9927",11710,11711,"Electrical_Conductivity",3.265,1,NA
"9928",11712,11713,"Previous_Irrigation_mm",108.87,1,NA
"9929",11714,11715,"Organic_Carbon",1.045,1,NA
"9930",11716,11717,"Organic_Carbon",0.64,1,NA
"9931",0,0,NA,0,-1,"Low"
"9932",0,0,NA,0,-1,"Low"
"9933",11718,11719,"Sunlight_Hours",4.455,1,NA
"9934",11720,11721,"Field_Area_hectare",14.15,1,NA
"9935",0,0,NA,0,-1,"Medium"
"9936",0,0,NA,0,-1,"Medium"
"9937",0,0,NA,0,-1,"Low"
"9938",11722,11723,"Field_Area_hectare",7.295,1,NA
"9939",11724,11725,"Soil_pH",6.49,1,NA
"9940",0,0,NA,0,-1,"Low"
"9941",11726,11727,"Soil_Moisture",56.975,1,NA
"9942",11728,11729,"Previous_Irrigation_mm",88.78,1,NA
"9943",11730,11731,"Temperature_C",34.565,1,NA
"9944",0,0,NA,0,-1,"Medium"
"9945",0,0,NA,0,-1,"Low"
"9946",11732,11733,"Rainfall_mm",221.96,1,NA
"9947",0,0,NA,0,-1,"Medium"
"9948",0,0,NA,0,-1,"Low"
"9949",11734,11735,"Soil_Moisture",64.82,1,NA
"9950",11736,11737,"Humidity",91.785,1,NA
"9951",0,0,NA,0,-1,"Medium"
"9952",0,0,NA,0,-1,"Medium"
"9953",11738,11739,"Soil_pH",7.01,1,NA
"9954",11740,11741,"Soil_Moisture",25.095,1,NA
"9955",11742,11743,"Soil_pH",6.275,1,NA
"9956",0,0,NA,0,-1,"Medium"
"9957",0,0,NA,0,-1,"Low"
"9958",0,0,NA,0,-1,"Medium"
"9959",11744,11745,"Field_Area_hectare",1.18,1,NA
"9960",0,0,NA,0,-1,"Medium"
"9961",0,0,NA,0,-1,"Low"
"9962",11746,11747,"Field_Area_hectare",13.27,1,NA
"9963",11748,11749,"Soil_Moisture",25.49,1,NA
"9964",0,0,NA,0,-1,"Low"
"9965",11750,11751,"Soil_Type",1,1,NA
"9966",0,0,NA,0,-1,"Medium"
"9967",0,0,NA,0,-1,"Low"
"9968",0,0,NA,0,-1,"Medium"
"9969",0,0,NA,0,-1,"Low"
"9970",0,0,NA,0,-1,"Low"
"9971",11752,11753,"Temperature_C",29.34,1,NA
"9972",0,0,NA,0,-1,"Low"
"9973",0,0,NA,0,-1,"Medium"
"9974",0,0,NA,0,-1,"Medium"
"9975",0,0,NA,0,-1,"Low"
"9976",0,0,NA,0,-1,"Medium"
"9977",0,0,NA,0,-1,"Low"
"9978",0,0,NA,0,-1,"Low"
"9979",11754,11755,"Humidity",36.485,1,NA
"9980",0,0,NA,0,-1,"Medium"
"9981",11756,11757,"Rainfall_mm",2282.07,1,NA
"9982",0,0,NA,0,-1,"Medium"
"9983",0,0,NA,0,-1,"Low"
"9984",0,0,NA,0,-1,"Low"
"9985",0,0,NA,0,-1,"Medium"
"9986",0,0,NA,0,-1,"Low"
"9987",11758,11759,"Soil_Moisture",31.135,1,NA
"9988",11760,11761,"Sunlight_Hours",8.355,1,NA
"9989",11762,11763,"Previous_Irrigation_mm",100.07,1,NA
"9990",0,0,NA,0,-1,"Medium"
"9991",11764,11765,"Wind_Speed_kmh",10.385,1,NA
"9992",11766,11767,"Water_Source",7,1,NA
"9993",0,0,NA,0,-1,"Low"
"9994",11768,11769,"Sunlight_Hours",9.18,1,NA
"9995",11770,11771,"Sunlight_Hours",6.43,1,NA
"9996",11772,11773,"Humidity",71.05,1,NA
"9997",11774,11775,"Water_Source",1,1,NA
"9998",0,0,NA,0,-1,"Low"
"9999",11776,11777,"Crop_Type",8,1,NA
"10000",11778,11779,"Wind_Speed_kmh",10.33,1,NA
"10001",0,0,NA,0,-1,"Low"
"10002",0,0,NA,0,-1,"Low"
"10003",0,0,NA,0,-1,"Medium"
"10004",11780,11781,"Sunlight_Hours",10.095,1,NA
"10005",0,0,NA,0,-1,"Medium"
"10006",0,0,NA,0,-1,"Medium"
"10007",11782,11783,"Field_Area_hectare",0.47,1,NA
"10008",11784,11785,"Wind_Speed_kmh",18.98,1,NA
"10009",11786,11787,"Water_Source",2,1,NA
"10010",11788,11789,"Sunlight_Hours",8.865,1,NA
"10011",11790,11791,"Organic_Carbon",0.885,1,NA
"10012",0,0,NA,0,-1,"Medium"
"10013",0,0,NA,0,-1,"Low"
"10014",11792,11793,"Season",3,1,NA
"10015",11794,11795,"Temperature_C",25.22,1,NA
"10016",0,0,NA,0,-1,"Low"
"10017",0,0,NA,0,-1,"Medium"
"10018",0,0,NA,0,-1,"Medium"
"10019",0,0,NA,0,-1,"Low"
"10020",0,0,NA,0,-1,"Low"
"10021",11796,11797,"Field_Area_hectare",12.225,1,NA
"10022",0,0,NA,0,-1,"Medium"
"10023",0,0,NA,0,-1,"Low"
"10024",11798,11799,"Soil_Moisture",34.795,1,NA
"10025",0,0,NA,0,-1,"Low"
"10026",11800,11801,"Soil_Moisture",25.925,1,NA
"10027",11802,11803,"Temperature_C",26.77,1,NA
"10028",11804,11805,"Electrical_Conductivity",2.97,1,NA
"10029",0,0,NA,0,-1,"Low"
"10030",0,0,NA,0,-1,"Low"
"10031",0,0,NA,0,-1,"Medium"
"10032",0,0,NA,0,-1,"Medium"
"10033",0,0,NA,0,-1,"Low"
"10034",0,0,NA,0,-1,"Medium"
"10035",0,0,NA,0,-1,"Low"
"10036",0,0,NA,0,-1,"Medium"
"10037",0,0,NA,0,-1,"Low"
"10038",0,0,NA,0,-1,"Medium"
"10039",0,0,NA,0,-1,"Low"
"10040",11806,11807,"Organic_Carbon",1.375,1,NA
"10041",11808,11809,"Rainfall_mm",844.225,1,NA
"10042",11810,11811,"Season",1,1,NA
"10043",11812,11813,"Temperature_C",12.765,1,NA
"10044",11814,11815,"Wind_Speed_kmh",17.335,1,NA
"10045",11816,11817,"Rainfall_mm",539.605,1,NA
"10046",11818,11819,"Humidity",28.82,1,NA
"10047",0,0,NA,0,-1,"Low"
"10048",11820,11821,"Humidity",85.7,1,NA
"10049",11822,11823,"Wind_Speed_kmh",18.065,1,NA
"10050",11824,11825,"Previous_Irrigation_mm",26.54,1,NA
"10051",11826,11827,"Soil_pH",7.325,1,NA
"10052",11828,11829,"Electrical_Conductivity",2.465,1,NA
"10053",0,0,NA,0,-1,"Low"
"10054",0,0,NA,0,-1,"Medium"
"10055",11830,11831,"Rainfall_mm",2176.31,1,NA
"10056",11832,11833,"Organic_Carbon",0.835,1,NA
"10057",0,0,NA,0,-1,"Low"
"10058",11834,11835,"Region",2,1,NA
"10059",0,0,NA,0,-1,"Low"
"10060",0,0,NA,0,-1,"Low"
"10061",11836,11837,"Soil_Moisture",22.105,1,NA
"10062",0,0,NA,0,-1,"Low"
"10063",0,0,NA,0,-1,"Medium"
"10064",0,0,NA,0,-1,"Medium"
"10065",0,0,NA,0,-1,"Low"
"10066",0,0,NA,0,-1,"Medium"
"10067",11838,11839,"Field_Area_hectare",6.715,1,NA
"10068",0,0,NA,0,-1,"Low"
"10069",0,0,NA,0,-1,"Medium"
"10070",11840,11841,"Soil_pH",6.63,1,NA
"10071",0,0,NA,0,-1,"Medium"
"10072",0,0,NA,0,-1,"Medium"
"10073",0,0,NA,0,-1,"Low"
"10074",0,0,NA,0,-1,"Medium"
"10075",0,0,NA,0,-1,"Low"
"10076",11842,11843,"Humidity",52.66,1,NA
"10077",11844,11845,"Organic_Carbon",0.615,1,NA
"10078",0,0,NA,0,-1,"Medium"
"10079",0,0,NA,0,-1,"Low"
"10080",11846,11847,"Organic_Carbon",1.355,1,NA
"10081",0,0,NA,0,-1,"Low"
"10082",11848,11849,"Rainfall_mm",583.85,1,NA
"10083",11850,11851,"Sunlight_Hours",8.345,1,NA
"10084",0,0,NA,0,-1,"Medium"
"10085",11852,11853,"Sunlight_Hours",10.795,1,NA
"10086",11854,11855,"Rainfall_mm",1085.14,1,NA
"10087",0,0,NA,0,-1,"Low"
"10088",0,0,NA,0,-1,"Low"
"10089",11856,11857,"Humidity",48.43,1,NA
"10090",0,0,NA,0,-1,"Medium"
"10091",0,0,NA,0,-1,"Low"
"10092",0,0,NA,0,-1,"Medium"
"10093",0,0,NA,0,-1,"Low"
"10094",0,0,NA,0,-1,"Low"
"10095",0,0,NA,0,-1,"Medium"
"10096",0,0,NA,0,-1,"Low"
"10097",11858,11859,"Wind_Speed_kmh",18.19,1,NA
"10098",0,0,NA,0,-1,"Low"
"10099",11860,11861,"Soil_Moisture",33.63,1,NA
"10100",0,0,NA,0,-1,"Medium"
"10101",0,0,NA,0,-1,"Low"
"10102",0,0,NA,0,-1,"Low"
"10103",0,0,NA,0,-1,"Medium"
"10104",0,0,NA,0,-1,"Medium"
"10105",0,0,NA,0,-1,"Low"
"10106",0,0,NA,0,-1,"Medium"
"10107",0,0,NA,0,-1,"Low"
"10108",0,0,NA,0,-1,"Low"
"10109",0,0,NA,0,-1,"Medium"
"10110",11862,11863,"Rainfall_mm",2373.37,1,NA
"10111",11864,11865,"Temperature_C",31.845,1,NA
"10112",11866,11867,"Crop_Type",1,1,NA
"10113",11868,11869,"Season",1,1,NA
"10114",0,0,NA,0,-1,"Low"
"10115",0,0,NA,0,-1,"Medium"
"10116",11870,11871,"Organic_Carbon",0.355,1,NA
"10117",11872,11873,"Humidity",36.095,1,NA
"10118",11874,11875,"Crop_Type",2,1,NA
"10119",11876,11877,"Soil_Moisture",64.73,1,NA
"10120",0,0,NA,0,-1,"Low"
"10121",11878,11879,"Temperature_C",36.87,1,NA
"10122",0,0,NA,0,-1,"Low"
"10123",11880,11881,"Humidity",74.765,1,NA
"10124",11882,11883,"Previous_Irrigation_mm",22.6,1,NA
"10125",0,0,NA,0,-1,"Medium"
"10126",11884,11885,"Sunlight_Hours",6.035,1,NA
"10127",11886,11887,"Field_Area_hectare",3.39,1,NA
"10128",11888,11889,"Region",4,1,NA
"10129",0,0,NA,0,-1,"Low"
"10130",0,0,NA,0,-1,"Medium"
"10131",11890,11891,"Previous_Irrigation_mm",75.65,1,NA
"10132",0,0,NA,0,-1,"High"
"10133",0,0,NA,0,-1,"Medium"
"10134",11892,11893,"Season",1,1,NA
"10135",11894,11895,"Field_Area_hectare",12.46,1,NA
"10136",0,0,NA,0,-1,"Medium"
"10137",0,0,NA,0,-1,"Low"
"10138",11896,11897,"Crop_Type",28,1,NA
"10139",11898,11899,"Temperature_C",30.875,1,NA
"10140",0,0,NA,0,-1,"Low"
"10141",0,0,NA,0,-1,"Medium"
"10142",11900,11901,"Electrical_Conductivity",2.405,1,NA
"10143",0,0,NA,0,-1,"Medium"
"10144",11902,11903,"Temperature_C",38.07,1,NA
"10145",11904,11905,"Crop_Type",1,1,NA
"10146",11906,11907,"Previous_Irrigation_mm",36.24,1,NA
"10147",0,0,NA,0,-1,"Low"
"10148",0,0,NA,0,-1,"Medium"
"10149",0,0,NA,0,-1,"Low"
"10150",0,0,NA,0,-1,"Medium"
"10151",0,0,NA,0,-1,"Low"
"10152",0,0,NA,0,-1,"Low"
"10153",0,0,NA,0,-1,"Medium"
"10154",0,0,NA,0,-1,"High"
"10155",11908,11909,"Humidity",74.96,1,NA
"10156",0,0,NA,0,-1,"Medium"
"10157",0,0,NA,0,-1,"High"
"10158",11910,11911,"Sunlight_Hours",10.49,1,NA
"10159",0,0,NA,0,-1,"Medium"
"10160",0,0,NA,0,-1,"Low"
"10161",0,0,NA,0,-1,"Medium"
"10162",0,0,NA,0,-1,"High"
"10163",0,0,NA,0,-1,"Medium"
"10164",0,0,NA,0,-1,"High"
"10165",0,0,NA,0,-1,"Low"
"10166",11912,11913,"Rainfall_mm",128.425,1,NA
"10167",11914,11915,"Temperature_C",39.65,1,NA
"10168",0,0,NA,0,-1,"Medium"
"10169",11916,11917,"Crop_Type",2,1,NA
"10170",0,0,NA,0,-1,"Medium"
"10171",0,0,NA,0,-1,"High"
"10172",11918,11919,"Soil_Moisture",11.89,1,NA
"10173",0,0,NA,0,-1,"Medium"
"10174",0,0,NA,0,-1,"Medium"
"10175",0,0,NA,0,-1,"High"
"10176",0,0,NA,0,-1,"Medium"
"10177",11920,11921,"Organic_Carbon",1.305,1,NA
"10178",11922,11923,"Soil_Moisture",36.94,1,NA
"10179",0,0,NA,0,-1,"Medium"
"10180",11924,11925,"Rainfall_mm",225.615,1,NA
"10181",0,0,NA,0,-1,"Medium"
"10182",11926,11927,"Soil_Moisture",27.23,1,NA
"10183",11928,11929,"Humidity",47.29,1,NA
"10184",0,0,NA,0,-1,"Medium"
"10185",0,0,NA,0,-1,"High"
"10186",0,0,NA,0,-1,"Medium"
"10187",11930,11931,"Sunlight_Hours",7.51,1,NA
"10188",0,0,NA,0,-1,"High"
"10189",11932,11933,"Temperature_C",34.715,1,NA
"10190",0,0,NA,0,-1,"Low"
"10191",0,0,NA,0,-1,"Medium"
"10192",0,0,NA,0,-1,"Medium"
"10193",0,0,NA,0,-1,"Low"
"10194",0,0,NA,0,-1,"Low"
"10195",11934,11935,"Rainfall_mm",1641.015,1,NA
"10196",11936,11937,"Electrical_Conductivity",0.405,1,NA
"10197",0,0,NA,0,-1,"Medium"
"10198",0,0,NA,0,-1,"Medium"
"10199",11938,11939,"Field_Area_hectare",6.475,1,NA
"10200",11940,11941,"Crop_Growth_Stage",2,1,NA
"10201",11942,11943,"Wind_Speed_kmh",11.3,1,NA
"10202",11944,11945,"Soil_Moisture",15.995,1,NA
"10203",11946,11947,"Mulching_Used",1,1,NA
"10204",11948,11949,"Soil_Moisture",12.81,1,NA
"10205",0,0,NA,0,-1,"Low"
"10206",11950,11951,"Humidity",37.24,1,NA
"10207",11952,11953,"Sunlight_Hours",10.195,1,NA
"10208",0,0,NA,0,-1,"Medium"
"10209",11954,11955,"Water_Source",4,1,NA
"10210",11956,11957,"Soil_pH",7.51,1,NA
"10211",0,0,NA,0,-1,"Medium"
"10212",0,0,NA,0,-1,"Low"
"10213",11958,11959,"Crop_Type",1,1,NA
"10214",0,0,NA,0,-1,"Medium"
"10215",11960,11961,"Crop_Growth_Stage",2,1,NA
"10216",11962,11963,"Water_Source",6,1,NA
"10217",0,0,NA,0,-1,"Low"
"10218",11964,11965,"Electrical_Conductivity",3.375,1,NA
"10219",11966,11967,"Sunlight_Hours",9.955,1,NA
"10220",11968,11969,"Rainfall_mm",2177.955,1,NA
"10221",11970,11971,"Mulching_Used",1,1,NA
"10222",11972,11973,"Irrigation_Type",4,1,NA
"10223",11974,11975,"Rainfall_mm",1557.695,1,NA
"10224",11976,11977,"Sunlight_Hours",9.025,1,NA
"10225",0,0,NA,0,-1,"Low"
"10226",0,0,NA,0,-1,"Medium"
"10227",0,0,NA,0,-1,"Low"
"10228",0,0,NA,0,-1,"Medium"
"10229",11978,11979,"Water_Source",3,1,NA
"10230",11980,11981,"Organic_Carbon",0.63,1,NA
"10231",0,0,NA,0,-1,"Medium"
"10232",0,0,NA,0,-1,"Low"
"10233",0,0,NA,0,-1,"Medium"
"10234",0,0,NA,0,-1,"Low"
"10235",11982,11983,"Temperature_C",18.53,1,NA
"10236",11984,11985,"Water_Source",6,1,NA
"10237",11986,11987,"Organic_Carbon",0.4,1,NA
"10238",11988,11989,"Humidity",34.24,1,NA
"10239",0,0,NA,0,-1,"Medium"
"10240",0,0,NA,0,-1,"Medium"
"10241",11990,11991,"Irrigation_Type",2,1,NA
"10242",11992,11993,"Previous_Irrigation_mm",11.435,1,NA
"10243",11994,11995,"Previous_Irrigation_mm",94.49,1,NA
"10244",0,0,NA,0,-1,"Medium"
"10245",11996,11997,"Soil_Moisture",12.635,1,NA
"10246",11998,11999,"Rainfall_mm",1391.9,1,NA
"10247",12000,12001,"Humidity",45.015,1,NA
"10248",12002,12003,"Crop_Type",2,1,NA
"10249",12004,12005,"Previous_Irrigation_mm",111.33,1,NA
"10250",12006,12007,"Crop_Type",3,1,NA
"10251",12008,12009,"Soil_pH",4.9,1,NA
"10252",0,0,NA,0,-1,"Medium"
"10253",12010,12011,"Irrigation_Type",6,1,NA
"10254",0,0,NA,0,-1,"Medium"
"10255",0,0,NA,0,-1,"Low"
"10256",12012,12013,"Soil_Moisture",21.64,1,NA
"10257",12014,12015,"Season",3,1,NA
"10258",12016,12017,"Soil_pH",6.825,1,NA
"10259",12018,12019,"Previous_Irrigation_mm",81.555,1,NA
"10260",12020,12021,"Organic_Carbon",1.255,1,NA
"10261",0,0,NA,0,-1,"Low"
"10262",12022,12023,"Crop_Type",1,1,NA
"10263",0,0,NA,0,-1,"Medium"
"10264",0,0,NA,0,-1,"Medium"
"10265",12024,12025,"Mulching_Used",1,1,NA
"10266",0,0,NA,0,-1,"Low"
"10267",0,0,NA,0,-1,"Medium"
"10268",0,0,NA,0,-1,"Medium"
"10269",0,0,NA,0,-1,"Low"
"10270",12026,12027,"Rainfall_mm",992.605,1,NA
"10271",12028,12029,"Soil_Type",1,1,NA
"10272",12030,12031,"Water_Source",2,1,NA
"10273",12032,12033,"Soil_Moisture",21.32,1,NA
"10274",12034,12035,"Temperature_C",17.895,1,NA
"10275",0,0,NA,0,-1,"Medium"
"10276",0,0,NA,0,-1,"Medium"
"10277",0,0,NA,0,-1,"Low"
"10278",0,0,NA,0,-1,"Low"
"10279",12036,12037,"Sunlight_Hours",9,1,NA
"10280",12038,12039,"Mulching_Used",1,1,NA
"10281",12040,12041,"Soil_Moisture",17.305,1,NA
"10282",12042,12043,"Soil_Type",4,1,NA
"10283",12044,12045,"Soil_pH",7.61,1,NA
"10284",12046,12047,"Crop_Type",4,1,NA
"10285",12048,12049,"Rainfall_mm",634.11,1,NA
"10286",12050,12051,"Mulching_Used",1,1,NA
"10287",0,0,NA,0,-1,"Low"
"10288",0,0,NA,0,-1,"Low"
"10289",12052,12053,"Field_Area_hectare",8.915,1,NA
"10290",0,0,NA,0,-1,"Medium"
"10291",12054,12055,"Temperature_C",31.225,1,NA
"10292",0,0,NA,0,-1,"Low"
"10293",12056,12057,"Temperature_C",35.725,1,NA
"10294",12058,12059,"Temperature_C",41.5,1,NA
"10295",12060,12061,"Temperature_C",41.015,1,NA
"10296",0,0,NA,0,-1,"Low"
"10297",0,0,NA,0,-1,"Medium"
"10298",12062,12063,"Electrical_Conductivity",1.625,1,NA
"10299",0,0,NA,0,-1,"Medium"
"10300",12064,12065,"Soil_Moisture",20.22,1,NA
"10301",0,0,NA,0,-1,"Low"
"10302",12066,12067,"Previous_Irrigation_mm",20.895,1,NA
"10303",12068,12069,"Organic_Carbon",1.42,1,NA
"10304",12070,12071,"Electrical_Conductivity",0.885,1,NA
"10305",0,0,NA,0,-1,"Low"
"10306",12072,12073,"Previous_Irrigation_mm",13.15,1,NA
"10307",0,0,NA,0,-1,"Medium"
"10308",12074,12075,"Region",2,1,NA
"10309",0,0,NA,0,-1,"Low"
"10310",0,0,NA,0,-1,"Medium"
"10311",12076,12077,"Region",8,1,NA
"10312",0,0,NA,0,-1,"Medium"
"10313",0,0,NA,0,-1,"Low"
"10314",12078,12079,"Season",3,1,NA
"10315",12080,12081,"Temperature_C",37.06,1,NA
"10316",0,0,NA,0,-1,"Low"
"10317",0,0,NA,0,-1,"Medium"
"10318",12082,12083,"Soil_pH",6.595,1,NA
"10319",0,0,NA,0,-1,"Medium"
"10320",0,0,NA,0,-1,"Medium"
"10321",12084,12085,"Soil_Moisture",20.43,1,NA
"10322",0,0,NA,0,-1,"Low"
"10323",0,0,NA,0,-1,"Medium"
"10324",0,0,NA,0,-1,"Medium"
"10325",12086,12087,"Temperature_C",27.265,1,NA
"10326",12088,12089,"Sunlight_Hours",10.735,1,NA
"10327",0,0,NA,0,-1,"Low"
"10328",12090,12091,"Organic_Carbon",0.335,1,NA
"10329",0,0,NA,0,-1,"Medium"
"10330",12092,12093,"Previous_Irrigation_mm",65.08,1,NA
"10331",0,0,NA,0,-1,"Medium"
"10332",0,0,NA,0,-1,"Medium"
"10333",0,0,NA,0,-1,"Low"
"10334",12094,12095,"Rainfall_mm",2037.855,1,NA
"10335",0,0,NA,0,-1,"Low"
"10336",12096,12097,"Mulching_Used",1,1,NA
"10337",0,0,NA,0,-1,"Low"
"10338",12098,12099,"Organic_Carbon",1.475,1,NA
"10339",0,0,NA,0,-1,"Medium"
"10340",0,0,NA,0,-1,"Low"
"10341",0,0,NA,0,-1,"Medium"
"10342",12100,12101,"Soil_pH",6.735,1,NA
"10343",0,0,NA,0,-1,"Low"
"10344",12102,12103,"Humidity",88.785,1,NA
"10345",0,0,NA,0,-1,"Medium"
"10346",0,0,NA,0,-1,"Low"
"10347",0,0,NA,0,-1,"Medium"
"10348",0,0,NA,0,-1,"Low"
"10349",12104,12105,"Sunlight_Hours",6.62,1,NA
"10350",12106,12107,"Organic_Carbon",0.335,1,NA
"10351",0,0,NA,0,-1,"Medium"
"10352",0,0,NA,0,-1,"Medium"
"10353",0,0,NA,0,-1,"Low"
"10354",12108,12109,"Water_Source",2,1,NA
"10355",0,0,NA,0,-1,"Medium"
"10356",0,0,NA,0,-1,"Medium"
"10357",0,0,NA,0,-1,"Low"
"10358",0,0,NA,0,-1,"Medium"
"10359",12110,12111,"Soil_Moisture",21.72,1,NA
"10360",0,0,NA,0,-1,"Low"
"10361",0,0,NA,0,-1,"Medium"
"10362",0,0,NA,0,-1,"Medium"
"10363",12112,12113,"Electrical_Conductivity",2.03,1,NA
"10364",0,0,NA,0,-1,"Medium"
"10365",0,0,NA,0,-1,"Low"
"10366",0,0,NA,0,-1,"Medium"
"10367",0,0,NA,0,-1,"Low"
"10368",0,0,NA,0,-1,"Low"
"10369",0,0,NA,0,-1,"Medium"
"10370",12114,12115,"Crop_Type",2,1,NA
"10371",0,0,NA,0,-1,"Low"
"10372",0,0,NA,0,-1,"Medium"
"10373",0,0,NA,0,-1,"Low"
"10374",0,0,NA,0,-1,"Medium"
"10375",0,0,NA,0,-1,"Low"
"10376",12116,12117,"Region",3,1,NA
"10377",0,0,NA,0,-1,"Low"
"10378",12118,12119,"Soil_Type",6,1,NA
"10379",0,0,NA,0,-1,"Medium"
"10380",12120,12121,"Temperature_C",35.435,1,NA
"10381",12122,12123,"Sunlight_Hours",4.12,1,NA
"10382",0,0,NA,0,-1,"Medium"
"10383",0,0,NA,0,-1,"Low"
"10384",12124,12125,"Soil_pH",5.995,1,NA
"10385",0,0,NA,0,-1,"Low"
"10386",12126,12127,"Sunlight_Hours",5.94,1,NA
"10387",12128,12129,"Temperature_C",41.785,1,NA
"10388",0,0,NA,0,-1,"Low"
"10389",12130,12131,"Wind_Speed_kmh",15.615,1,NA
"10390",0,0,NA,0,-1,"Medium"
"10391",12132,12133,"Season",3,1,NA
"10392",0,0,NA,0,-1,"Low"
"10393",0,0,NA,0,-1,"Medium"
"10394",12134,12135,"Temperature_C",23.145,1,NA
"10395",12136,12137,"Field_Area_hectare",8.96,1,NA
"10396",12138,12139,"Wind_Speed_kmh",18.565,1,NA
"10397",12140,12141,"Crop_Type",16,1,NA
"10398",0,0,NA,0,-1,"Medium"
"10399",0,0,NA,0,-1,"Low"
"10400",12142,12143,"Temperature_C",30.87,1,NA
"10401",12144,12145,"Organic_Carbon",1.165,1,NA
"10402",12146,12147,"Temperature_C",30.61,1,NA
"10403",12148,12149,"Soil_pH",5.175,1,NA
"10404",0,0,NA,0,-1,"Low"
"10405",12150,12151,"Organic_Carbon",0.77,1,NA
"10406",12152,12153,"Soil_Type",4,1,NA
"10407",12154,12155,"Wind_Speed_kmh",19.67,1,NA
"10408",12156,12157,"Soil_pH",7.49,1,NA
"10409",0,0,NA,0,-1,"Low"
"10410",0,0,NA,0,-1,"Low"
"10411",0,0,NA,0,-1,"Medium"
"10412",0,0,NA,0,-1,"Low"
"10413",12158,12159,"Field_Area_hectare",2.515,1,NA
"10414",0,0,NA,0,-1,"Low"
"10415",0,0,NA,0,-1,"Medium"
"10416",12160,12161,"Water_Source",1,1,NA
"10417",12162,12163,"Sunlight_Hours",9.825,1,NA
"10418",0,0,NA,0,-1,"Medium"
"10419",0,0,NA,0,-1,"Low"
"10420",12164,12165,"Water_Source",2,1,NA
"10421",0,0,NA,0,-1,"Low"
"10422",12166,12167,"Temperature_C",41.055,1,NA
"10423",12168,12169,"Irrigation_Type",6,1,NA
"10424",12170,12171,"Wind_Speed_kmh",18.575,1,NA
"10425",12172,12173,"Soil_pH",7.56,1,NA
"10426",12174,12175,"Soil_Moisture",64.275,1,NA
"10427",12176,12177,"Soil_Moisture",64.915,1,NA
"10428",12178,12179,"Soil_Type",7,1,NA
"10429",12180,12181,"Previous_Irrigation_mm",65.025,1,NA
"10430",12182,12183,"Temperature_C",30.025,1,NA
"10431",12184,12185,"Wind_Speed_kmh",16.32,1,NA
"10432",0,0,NA,0,-1,"Medium"
"10433",12186,12187,"Region",4,1,NA
"10434",0,0,NA,0,-1,"Low"
"10435",12188,12189,"Previous_Irrigation_mm",104.52,1,NA
"10436",12190,12191,"Soil_pH",5.12,1,NA
"10437",12192,12193,"Soil_Moisture",45.705,1,NA
"10438",0,0,NA,0,-1,"Low"
"10439",0,0,NA,0,-1,"Medium"
"10440",12194,12195,"Temperature_C",39.715,1,NA
"10441",0,0,NA,0,-1,"Low"
"10442",12196,12197,"Wind_Speed_kmh",19.39,1,NA
"10443",0,0,NA,0,-1,"Low"
"10444",12198,12199,"Region",7,1,NA
"10445",12200,12201,"Sunlight_Hours",9.775,1,NA
"10446",0,0,NA,0,-1,"Low"
"10447",12202,12203,"Soil_pH",7.635,1,NA
"10448",0,0,NA,0,-1,"Low"
"10449",0,0,NA,0,-1,"Medium"
"10450",12204,12205,"Region",8,1,NA
"10451",0,0,NA,0,-1,"Low"
"10452",0,0,NA,0,-1,"Low"
"10453",12206,12207,"Field_Area_hectare",14.585,1,NA
"10454",12208,12209,"Humidity",59.31,1,NA
"10455",12210,12211,"Previous_Irrigation_mm",75.15,1,NA
"10456",12212,12213,"Humidity",80.015,1,NA
"10457",12214,12215,"Previous_Irrigation_mm",111.89,1,NA
"10458",0,0,NA,0,-1,"Medium"
"10459",0,0,NA,0,-1,"Low"
"10460",0,0,NA,0,-1,"Medium"
"10461",0,0,NA,0,-1,"Low"
"10462",12216,12217,"Sunlight_Hours",5.62,1,NA
"10463",0,0,NA,0,-1,"Low"
"10464",0,0,NA,0,-1,"Low"
"10465",0,0,NA,0,-1,"Medium"
"10466",12218,12219,"Previous_Irrigation_mm",51.925,1,NA
"10467",0,0,NA,0,-1,"Low"
"10468",0,0,NA,0,-1,"Low"
"10469",0,0,NA,0,-1,"Medium"
"10470",0,0,NA,0,-1,"Medium"
"10471",0,0,NA,0,-1,"Low"
"10472",0,0,NA,0,-1,"Low"
"10473",0,0,NA,0,-1,"Medium"
"10474",0,0,NA,0,-1,"Medium"
"10475",0,0,NA,0,-1,"Low"
"10476",12220,12221,"Electrical_Conductivity",0.41,1,NA
"10477",0,0,NA,0,-1,"Medium"
"10478",12222,12223,"Humidity",64.18,1,NA
"10479",0,0,NA,0,-1,"Medium"
"10480",0,0,NA,0,-1,"Low"
"10481",0,0,NA,0,-1,"Medium"
"10482",12224,12225,"Soil_Moisture",36.875,1,NA
"10483",0,0,NA,0,-1,"Low"
"10484",0,0,NA,0,-1,"Low"
"10485",12226,12227,"Irrigation_Type",7,1,NA
"10486",0,0,NA,0,-1,"Low"
"10487",0,0,NA,0,-1,"Medium"
"10488",12228,12229,"Soil_pH",6.185,1,NA
"10489",12230,12231,"Wind_Speed_kmh",2.83,1,NA
"10490",12232,12233,"Temperature_C",12.745,1,NA
"10491",12234,12235,"Season",2,1,NA
"10492",0,0,NA,0,-1,"Medium"
"10493",0,0,NA,0,-1,"Low"
"10494",12236,12237,"Soil_pH",7.485,1,NA
"10495",12238,12239,"Previous_Irrigation_mm",63.215,1,NA
"10496",12240,12241,"Rainfall_mm",687.705,1,NA
"10497",12242,12243,"Rainfall_mm",791.545,1,NA
"10498",0,0,NA,0,-1,"Low"
"10499",12244,12245,"Soil_pH",5.67,1,NA
"10500",12246,12247,"Temperature_C",15.155,1,NA
"10501",12248,12249,"Soil_Moisture",63.815,1,NA
"10502",12250,12251,"Temperature_C",12.89,1,NA
"10503",0,0,NA,0,-1,"Low"
"10504",12252,12253,"Region",2,1,NA
"10505",0,0,NA,0,-1,"Medium"
"10506",12254,12255,"Electrical_Conductivity",2.805,1,NA
"10507",12256,12257,"Water_Source",2,1,NA
"10508",12258,12259,"Field_Area_hectare",7.8,1,NA
"10509",12260,12261,"Sunlight_Hours",9.715,1,NA
"10510",12262,12263,"Soil_pH",7.07,1,NA
"10511",0,0,NA,0,-1,"Medium"
"10512",0,0,NA,0,-1,"Medium"
"10513",12264,12265,"Season",1,1,NA
"10514",0,0,NA,0,-1,"Low"
"10515",0,0,NA,0,-1,"Medium"
"10516",0,0,NA,0,-1,"Medium"
"10517",0,0,NA,0,-1,"Low"
"10518",12266,12267,"Previous_Irrigation_mm",30.63,1,NA
"10519",12268,12269,"Field_Area_hectare",4.165,1,NA
"10520",12270,12271,"Soil_Type",7,1,NA
"10521",12272,12273,"Electrical_Conductivity",2.66,1,NA
"10522",0,0,NA,0,-1,"Medium"
"10523",0,0,NA,0,-1,"Low"
"10524",0,0,NA,0,-1,"Low"
"10525",12274,12275,"Field_Area_hectare",6.575,1,NA
"10526",12276,12277,"Humidity",40.3,1,NA
"10527",12278,12279,"Previous_Irrigation_mm",74.72,1,NA
"10528",0,0,NA,0,-1,"Low"
"10529",0,0,NA,0,-1,"Medium"
"10530",12280,12281,"Soil_Moisture",20.78,1,NA
"10531",12282,12283,"Temperature_C",27.905,1,NA
"10532",12284,12285,"Wind_Speed_kmh",4.765,1,NA
"10533",12286,12287,"Rainfall_mm",754.47,1,NA
"10534",0,0,NA,0,-1,"Low"
"10535",0,0,NA,0,-1,"Medium"
"10536",12288,12289,"Soil_Moisture",27.89,1,NA
"10537",12290,12291,"Soil_Type",6,1,NA
"10538",0,0,NA,0,-1,"Low"
"10539",0,0,NA,0,-1,"Medium"
"10540",12292,12293,"Wind_Speed_kmh",4.835,1,NA
"10541",12294,12295,"Soil_pH",5.18,1,NA
"10542",0,0,NA,0,-1,"Low"
"10543",12296,12297,"Region",5,1,NA
"10544",12298,12299,"Electrical_Conductivity",2.925,1,NA
"10545",12300,12301,"Field_Area_hectare",1.07,1,NA
"10546",0,0,NA,0,-1,"Low"
"10547",0,0,NA,0,-1,"Medium"
"10548",0,0,NA,0,-1,"Medium"
"10549",0,0,NA,0,-1,"Low"
"10550",0,0,NA,0,-1,"Medium"
"10551",12302,12303,"Electrical_Conductivity",1.97,1,NA
"10552",0,0,NA,0,-1,"Medium"
"10553",12304,12305,"Rainfall_mm",1760.455,1,NA
"10554",0,0,NA,0,-1,"Low"
"10555",0,0,NA,0,-1,"Medium"
"10556",12306,12307,"Electrical_Conductivity",1.805,1,NA
"10557",0,0,NA,0,-1,"Medium"
"10558",12308,12309,"Temperature_C",29.475,1,NA
"10559",12310,12311,"Field_Area_hectare",11.16,1,NA
"10560",0,0,NA,0,-1,"Medium"
"10561",12312,12313,"Temperature_C",29.275,1,NA
"10562",12314,12315,"Crop_Type",10,1,NA
"10563",0,0,NA,0,-1,"Medium"
"10564",0,0,NA,0,-1,"Low"
"10565",12316,12317,"Rainfall_mm",2445.085,1,NA
"10566",0,0,NA,0,-1,"Medium"
"10567",0,0,NA,0,-1,"Low"
"10568",0,0,NA,0,-1,"Low"
"10569",0,0,NA,0,-1,"Medium"
"10570",0,0,NA,0,-1,"Medium"
"10571",12318,12319,"Field_Area_hectare",2.56,1,NA
"10572",0,0,NA,0,-1,"Low"
"10573",12320,12321,"Season",1,1,NA
"10574",0,0,NA,0,-1,"Low"
"10575",0,0,NA,0,-1,"Medium"
"10576",0,0,NA,0,-1,"Low"
"10577",0,0,NA,0,-1,"Medium"
"10578",12322,12323,"Field_Area_hectare",9.805,1,NA
"10579",12324,12325,"Electrical_Conductivity",2.355,1,NA
"10580",0,0,NA,0,-1,"Medium"
"10581",0,0,NA,0,-1,"Low"
"10582",0,0,NA,0,-1,"Medium"
"10583",0,0,NA,0,-1,"Low"
"10584",12326,12327,"Temperature_C",28.535,1,NA
"10585",0,0,NA,0,-1,"Medium"
"10586",0,0,NA,0,-1,"Low"
"10587",0,0,NA,0,-1,"Medium"
"10588",12328,12329,"Wind_Speed_kmh",8.405,1,NA
"10589",0,0,NA,0,-1,"Medium"
"10590",12330,12331,"Region",3,1,NA
"10591",12332,12333,"Soil_Moisture",45,1,NA
"10592",0,0,NA,0,-1,"Medium"
"10593",12334,12335,"Soil_Moisture",21.16,1,NA
"10594",12336,12337,"Organic_Carbon",0.38,1,NA
"10595",12338,12339,"Field_Area_hectare",10.015,1,NA
"10596",12340,12341,"Sunlight_Hours",10.4,1,NA
"10597",0,0,NA,0,-1,"Low"
"10598",0,0,NA,0,-1,"Low"
"10599",0,0,NA,0,-1,"Medium"
"10600",0,0,NA,0,-1,"Medium"
"10601",12342,12343,"Field_Area_hectare",0.325,1,NA
"10602",12344,12345,"Previous_Irrigation_mm",85.515,1,NA
"10603",12346,12347,"Electrical_Conductivity",0.755,1,NA
"10604",0,0,NA,0,-1,"Medium"
"10605",0,0,NA,0,-1,"Low"
"10606",12348,12349,"Wind_Speed_kmh",1.745,1,NA
"10607",12350,12351,"Crop_Type",17,1,NA
"10608",12352,12353,"Sunlight_Hours",9.105,1,NA
"10609",0,0,NA,0,-1,"Medium"
"10610",0,0,NA,0,-1,"Low"
"10611",0,0,NA,0,-1,"Medium"
"10612",0,0,NA,0,-1,"Medium"
"10613",0,0,NA,0,-1,"Low"
"10614",0,0,NA,0,-1,"Medium"
"10615",12354,12355,"Temperature_C",26.72,1,NA
"10616",0,0,NA,0,-1,"Medium"
"10617",0,0,NA,0,-1,"Low"
"10618",0,0,NA,0,-1,"Low"
"10619",0,0,NA,0,-1,"Medium"
"10620",0,0,NA,0,-1,"Low"
"10621",0,0,NA,0,-1,"Medium"
"10622",12356,12357,"Humidity",41.2,1,NA
"10623",0,0,NA,0,-1,"Medium"
"10624",0,0,NA,0,-1,"Low"
"10625",0,0,NA,0,-1,"Medium"
"10626",12358,12359,"Soil_pH",6.4,1,NA
"10627",12360,12361,"Soil_Moisture",40.605,1,NA
"10628",0,0,NA,0,-1,"Medium"
"10629",0,0,NA,0,-1,"Low"
"10630",0,0,NA,0,-1,"Low"
"10631",0,0,NA,0,-1,"Medium"
"10632",0,0,NA,0,-1,"Medium"
"10633",12362,12363,"Soil_Moisture",28.58,1,NA
"10634",0,0,NA,0,-1,"Low"
"10635",0,0,NA,0,-1,"Medium"
"10636",12364,12365,"Soil_pH",7.79,1,NA
"10637",12366,12367,"Temperature_C",15.56,1,NA
"10638",12368,12369,"Rainfall_mm",1667.83,1,NA
"10639",12370,12371,"Water_Source",1,1,NA
"10640",0,0,NA,0,-1,"Medium"
"10641",0,0,NA,0,-1,"Low"
"10642",12372,12373,"Humidity",68.6,1,NA
"10643",0,0,NA,0,-1,"Low"
"10644",12374,12375,"Wind_Speed_kmh",2.995,1,NA
"10645",0,0,NA,0,-1,"Low"
"10646",12376,12377,"Irrigation_Type",2,1,NA
"10647",0,0,NA,0,-1,"Low"
"10648",12378,12379,"Sunlight_Hours",9.73,1,NA
"10649",12380,12381,"Field_Area_hectare",14.78,1,NA
"10650",12382,12383,"Field_Area_hectare",0.775,1,NA
"10651",12384,12385,"Wind_Speed_kmh",9.965,1,NA
"10652",0,0,NA,0,-1,"Medium"
"10653",12386,12387,"Previous_Irrigation_mm",73.495,1,NA
"10654",0,0,NA,0,-1,"Medium"
"10655",0,0,NA,0,-1,"Low"
"10656",12388,12389,"Humidity",85.51,1,NA
"10657",12390,12391,"Electrical_Conductivity",1.165,1,NA
"10658",12392,12393,"Soil_Moisture",33.91,1,NA
"10659",12394,12395,"Organic_Carbon",0.905,1,NA
"10660",12396,12397,"Field_Area_hectare",12.805,1,NA
"10661",12398,12399,"Soil_Moisture",41.435,1,NA
"10662",12400,12401,"Region",2,1,NA
"10663",0,0,NA,0,-1,"Low"
"10664",0,0,NA,0,-1,"Medium"
"10665",0,0,NA,0,-1,"Low"
"10666",12402,12403,"Rainfall_mm",2143.86,1,NA
"10667",0,0,NA,0,-1,"Low"
"10668",12404,12405,"Soil_Moisture",26.525,1,NA
"10669",12406,12407,"Soil_Moisture",28.02,1,NA
"10670",12408,12409,"Wind_Speed_kmh",9.11,1,NA
"10671",12410,12411,"Region",6,1,NA
"10672",0,0,NA,0,-1,"Medium"
"10673",0,0,NA,0,-1,"Low"
"10674",0,0,NA,0,-1,"High"
"10675",0,0,NA,0,-1,"Medium"
"10676",12412,12413,"Organic_Carbon",1.535,1,NA
"10677",12414,12415,"Previous_Irrigation_mm",70.58,1,NA
"10678",0,0,NA,0,-1,"Low"
"10679",0,0,NA,0,-1,"Medium"
"10680",12416,12417,"Season",2,1,NA
"10681",0,0,NA,0,-1,"High"
"10682",0,0,NA,0,-1,"High"
"10683",0,0,NA,0,-1,"Medium"
"10684",0,0,NA,0,-1,"Medium"
"10685",0,0,NA,0,-1,"High"
"10686",0,0,NA,0,-1,"Low"
"10687",0,0,NA,0,-1,"Medium"
"10688",12418,12419,"Water_Source",1,1,NA
"10689",12420,12421,"Previous_Irrigation_mm",14.065,1,NA
"10690",12422,12423,"Organic_Carbon",0.425,1,NA
"10691",0,0,NA,0,-1,"High"
"10692",0,0,NA,0,-1,"High"
"10693",0,0,NA,0,-1,"Medium"
"10694",12424,12425,"Temperature_C",12.485,1,NA
"10695",12426,12427,"Water_Source",1,1,NA
"10696",0,0,NA,0,-1,"High"
"10697",0,0,NA,0,-1,"Medium"
"10698",12428,12429,"Region",11,1,NA
"10699",12430,12431,"Wind_Speed_kmh",11.26,1,NA
"10700",0,0,NA,0,-1,"Medium"
"10701",12432,12433,"Humidity",84.56,1,NA
"10702",12434,12435,"Crop_Type",12,1,NA
"10703",12436,12437,"Field_Area_hectare",12.41,1,NA
"10704",12438,12439,"Season",2,1,NA
"10705",12440,12441,"Irrigation_Type",1,1,NA
"10706",12442,12443,"Temperature_C",28.835,1,NA
"10707",12444,12445,"Previous_Irrigation_mm",114.96,1,NA
"10708",0,0,NA,0,-1,"Medium"
"10709",0,0,NA,0,-1,"High"
"10710",0,0,NA,0,-1,"Medium"
"10711",12446,12447,"Electrical_Conductivity",3.43,1,NA
"10712",0,0,NA,0,-1,"Medium"
"10713",0,0,NA,0,-1,"High"
"10714",12448,12449,"Humidity",92.24,1,NA
"10715",12450,12451,"Temperature_C",12.44,1,NA
"10716",0,0,NA,0,-1,"Low"
"10717",0,0,NA,0,-1,"Medium"
"10718",12452,12453,"Field_Area_hectare",14.015,1,NA
"10719",0,0,NA,0,-1,"Medium"
"10720",12454,12455,"Wind_Speed_kmh",17.715,1,NA
"10721",0,0,NA,0,-1,"Medium"
"10722",12456,12457,"Field_Area_hectare",2.09,1,NA
"10723",0,0,NA,0,-1,"Medium"
"10724",0,0,NA,0,-1,"Medium"
"10725",0,0,NA,0,-1,"Low"
"10726",0,0,NA,0,-1,"Medium"
"10727",0,0,NA,0,-1,"High"
"10728",0,0,NA,0,-1,"Medium"
"10729",0,0,NA,0,-1,"Low"
"10730",0,0,NA,0,-1,"High"
"10731",0,0,NA,0,-1,"Medium"
"10732",12458,12459,"Region",2,1,NA
"10733",0,0,NA,0,-1,"High"
"10734",0,0,NA,0,-1,"High"
"10735",0,0,NA,0,-1,"Medium"
"10736",12460,12461,"Field_Area_hectare",4.31,1,NA
"10737",12462,12463,"Soil_pH",7.255,1,NA
"10738",0,0,NA,0,-1,"High"
"10739",0,0,NA,0,-1,"Medium"
"10740",0,0,NA,0,-1,"High"
"10741",12464,12465,"Rainfall_mm",108.115,1,NA
"10742",12466,12467,"Soil_Moisture",11.25,1,NA
"10743",0,0,NA,0,-1,"High"
"10744",0,0,NA,0,-1,"High"
"10745",0,0,NA,0,-1,"Medium"
"10746",0,0,NA,0,-1,"Medium"
"10747",0,0,NA,0,-1,"High"
"10748",12468,12469,"Humidity",66.85,1,NA
"10749",0,0,NA,0,-1,"Medium"
"10750",0,0,NA,0,-1,"Medium"
"10751",0,0,NA,0,-1,"High"
"10752",12470,12471,"Irrigation_Type",3,1,NA
"10753",12472,12473,"Previous_Irrigation_mm",84.2,1,NA
"10754",0,0,NA,0,-1,"Medium"
"10755",12474,12475,"Temperature_C",22.02,1,NA
"10756",0,0,NA,0,-1,"Medium"
"10757",0,0,NA,0,-1,"High"
"10758",12476,12477,"Crop_Type",2,1,NA
"10759",0,0,NA,0,-1,"Medium"
"10760",12478,12479,"Soil_Type",1,1,NA
"10761",0,0,NA,0,-1,"Medium"
"10762",12480,12481,"Crop_Type",6,1,NA
"10763",0,0,NA,0,-1,"Medium"
"10764",12482,12483,"Soil_Type",7,1,NA
"10765",0,0,NA,0,-1,"Medium"
"10766",12484,12485,"Irrigation_Type",1,1,NA
"10767",12486,12487,"Irrigation_Type",2,1,NA
"10768",12488,12489,"Previous_Irrigation_mm",62.065,1,NA
"10769",12490,12491,"Soil_Moisture",25.075,1,NA
"10770",12492,12493,"Previous_Irrigation_mm",88.97,1,NA
"10771",0,0,NA,0,-1,"Medium"
"10772",0,0,NA,0,-1,"Medium"
"10773",12494,12495,"Organic_Carbon",1.475,1,NA
"10774",0,0,NA,0,-1,"Medium"
"10775",0,0,NA,0,-1,"High"
"10776",0,0,NA,0,-1,"Medium"
"10777",12496,12497,"Sunlight_Hours",9.365,1,NA
"10778",12498,12499,"Temperature_C",13.93,1,NA
"10779",0,0,NA,0,-1,"Medium"
"10780",0,0,NA,0,-1,"High"
"10781",0,0,NA,0,-1,"Medium"
"10782",0,0,NA,0,-1,"Medium"
"10783",0,0,NA,0,-1,"High"
"10784",12500,12501,"Soil_pH",6.095,1,NA
"10785",0,0,NA,0,-1,"Medium"
"10786",0,0,NA,0,-1,"High"
"10787",0,0,NA,0,-1,"Medium"
"10788",0,0,NA,0,-1,"Medium"
"10789",12502,12503,"Soil_Moisture",10.41,1,NA
"10790",0,0,NA,0,-1,"Medium"
"10791",0,0,NA,0,-1,"High"
"10792",0,0,NA,0,-1,"Medium"
"10793",12504,12505,"Soil_Moisture",11.19,1,NA
"10794",0,0,NA,0,-1,"Medium"
"10795",0,0,NA,0,-1,"High"
"10796",12506,12507,"Field_Area_hectare",2.56,1,NA
"10797",12508,12509,"Organic_Carbon",1.285,1,NA
"10798",12510,12511,"Soil_Type",4,1,NA
"10799",0,0,NA,0,-1,"Medium"
"10800",0,0,NA,0,-1,"Medium"
"10801",12512,12513,"Water_Source",6,1,NA
"10802",0,0,NA,0,-1,"Medium"
"10803",12514,12515,"Temperature_C",41.415,1,NA
"10804",12516,12517,"Previous_Irrigation_mm",60.745,1,NA
"10805",0,0,NA,0,-1,"Medium"
"10806",12518,12519,"Wind_Speed_kmh",1.75,1,NA
"10807",0,0,NA,0,-1,"Medium"
"10808",0,0,NA,0,-1,"High"
"10809",12520,12521,"Water_Source",3,1,NA
"10810",12522,12523,"Humidity",27.54,1,NA
"10811",12524,12525,"Wind_Speed_kmh",2.995,1,NA
"10812",0,0,NA,0,-1,"Medium"
"10813",12526,12527,"Electrical_Conductivity",1.445,1,NA
"10814",12528,12529,"Organic_Carbon",0.595,1,NA
"10815",12530,12531,"Rainfall_mm",902.33,1,NA
"10816",0,0,NA,0,-1,"High"
"10817",0,0,NA,0,-1,"Medium"
"10818",0,0,NA,0,-1,"Medium"
"10819",0,0,NA,0,-1,"High"
"10820",12532,12533,"Rainfall_mm",2200.38,1,NA
"10821",0,0,NA,0,-1,"High"
"10822",0,0,NA,0,-1,"High"
"10823",0,0,NA,0,-1,"Medium"
"10824",12534,12535,"Soil_Type",3,1,NA
"10825",0,0,NA,0,-1,"Medium"
"10826",0,0,NA,0,-1,"Low"
"10827",0,0,NA,0,-1,"Medium"
"10828",0,0,NA,0,-1,"Medium"
"10829",0,0,NA,0,-1,"Low"
"10830",12536,12537,"Soil_pH",6.3,1,NA
"10831",0,0,NA,0,-1,"Medium"
"10832",0,0,NA,0,-1,"Medium"
"10833",0,0,NA,0,-1,"High"
"10834",12538,12539,"Soil_Moisture",16.595,1,NA
"10835",12540,12541,"Temperature_C",38.245,1,NA
"10836",0,0,NA,0,-1,"Medium"
"10837",12542,12543,"Soil_Moisture",23.8,1,NA
"10838",0,0,NA,0,-1,"High"
"10839",0,0,NA,0,-1,"Medium"
"10840",12544,12545,"Rainfall_mm",2473.135,1,NA
"10841",0,0,NA,0,-1,"Medium"
"10842",0,0,NA,0,-1,"Medium"
"10843",12546,12547,"Organic_Carbon",0.94,1,NA
"10844",0,0,NA,0,-1,"High"
"10845",0,0,NA,0,-1,"Medium"
"10846",0,0,NA,0,-1,"High"
"10847",12548,12549,"Soil_pH",6.295,1,NA
"10848",12550,12551,"Electrical_Conductivity",0.635,1,NA
"10849",12552,12553,"Sunlight_Hours",4.885,1,NA
"10850",0,0,NA,0,-1,"High"
"10851",0,0,NA,0,-1,"Medium"
"10852",0,0,NA,0,-1,"Low"
"10853",0,0,NA,0,-1,"Medium"
"10854",0,0,NA,0,-1,"Medium"
"10855",0,0,NA,0,-1,"High"
"10856",12554,12555,"Temperature_C",34.18,1,NA
"10857",0,0,NA,0,-1,"Low"
"10858",12556,12557,"Sunlight_Hours",5.875,1,NA
"10859",12558,12559,"Temperature_C",30.22,1,NA
"10860",0,0,NA,0,-1,"Low"
"10861",0,0,NA,0,-1,"Medium"
"10862",0,0,NA,0,-1,"Medium"
"10863",12560,12561,"Temperature_C",35.91,1,NA
"10864",0,0,NA,0,-1,"Medium"
"10865",0,0,NA,0,-1,"Low"
"10866",0,0,NA,0,-1,"Medium"
"10867",0,0,NA,0,-1,"High"
"10868",0,0,NA,0,-1,"Medium"
"10869",12562,12563,"Rainfall_mm",621.65,1,NA
"10870",0,0,NA,0,-1,"High"
"10871",0,0,NA,0,-1,"Medium"
"10872",12564,12565,"Rainfall_mm",2336.985,1,NA
"10873",12566,12567,"Soil_Type",2,1,NA
"10874",0,0,NA,0,-1,"High"
"10875",0,0,NA,0,-1,"Medium"
"10876",0,0,NA,0,-1,"Medium"
"10877",12568,12569,"Wind_Speed_kmh",6.005,1,NA
"10878",12570,12571,"Region",15,1,NA
"10879",12572,12573,"Soil_Type",4,1,NA
"10880",0,0,NA,0,-1,"Medium"
"10881",12574,12575,"Electrical_Conductivity",2.93,1,NA
"10882",0,0,NA,0,-1,"Medium"
"10883",12576,12577,"Soil_Moisture",16.555,1,NA
"10884",0,0,NA,0,-1,"High"
"10885",0,0,NA,0,-1,"Medium"
"10886",0,0,NA,0,-1,"Medium"
"10887",12578,12579,"Organic_Carbon",1.445,1,NA
"10888",12580,12581,"Organic_Carbon",0.795,1,NA
"10889",0,0,NA,0,-1,"Medium"
"10890",0,0,NA,0,-1,"Medium"
"10891",0,0,NA,0,-1,"Low"
"10892",12582,12583,"Soil_pH",6.67,1,NA
"10893",0,0,NA,0,-1,"Medium"
"10894",0,0,NA,0,-1,"Medium"
"10895",12584,12585,"Temperature_C",38.855,1,NA
"10896",0,0,NA,0,-1,"High"
"10897",0,0,NA,0,-1,"Medium"
"10898",12586,12587,"Rainfall_mm",2469.95,1,NA
"10899",0,0,NA,0,-1,"Medium"
"10900",12588,12589,"Organic_Carbon",1.26,1,NA
"10901",12590,12591,"Region",4,1,NA
"10902",0,0,NA,0,-1,"High"
"10903",0,0,NA,0,-1,"Medium"
"10904",12592,12593,"Field_Area_hectare",2.595,1,NA
"10905",0,0,NA,0,-1,"High"
"10906",12594,12595,"Previous_Irrigation_mm",71.37,1,NA
"10907",12596,12597,"Irrigation_Type",4,1,NA
"10908",0,0,NA,0,-1,"High"
"10909",12598,12599,"Irrigation_Type",7,1,NA
"10910",0,0,NA,0,-1,"Medium"
"10911",12600,12601,"Field_Area_hectare",1.075,1,NA
"10912",0,0,NA,0,-1,"High"
"10913",0,0,NA,0,-1,"Medium"
"10914",0,0,NA,0,-1,"High"
"10915",12602,12603,"Field_Area_hectare",2.61,1,NA
"10916",12604,12605,"Humidity",83.34,1,NA
"10917",0,0,NA,0,-1,"High"
"10918",12606,12607,"Humidity",75.865,1,NA
"10919",0,0,NA,0,-1,"High"
"10920",0,0,NA,0,-1,"High"
"10921",12608,12609,"Soil_Moisture",24.585,1,NA
"10922",0,0,NA,0,-1,"Medium"
"10923",0,0,NA,0,-1,"High"
"10924",12610,12611,"Humidity",55.44,1,NA
"10925",0,0,NA,0,-1,"Medium"
"10926",12612,12613,"Soil_pH",5.245,1,NA
"10927",0,0,NA,0,-1,"High"
"10928",12614,12615,"Soil_Moisture",20.155,1,NA
"10929",12616,12617,"Organic_Carbon",1.09,1,NA
"10930",12618,12619,"Electrical_Conductivity",2.79,1,NA
"10931",0,0,NA,0,-1,"High"
"10932",12620,12621,"Field_Area_hectare",1.045,1,NA
"10933",0,0,NA,0,-1,"High"
"10934",0,0,NA,0,-1,"High"
"10935",12622,12623,"Wind_Speed_kmh",10.095,1,NA
"10936",12624,12625,"Humidity",50.5,1,NA
"10937",0,0,NA,0,-1,"High"
"10938",0,0,NA,0,-1,"Medium"
"10939",0,0,NA,0,-1,"High"
"10940",0,0,NA,0,-1,"Medium"
"10941",12626,12627,"Humidity",26.785,1,NA
"10942",0,0,NA,0,-1,"Medium"
"10943",12628,12629,"Organic_Carbon",0.545,1,NA
"10944",12630,12631,"Water_Source",5,1,NA
"10945",0,0,NA,0,-1,"Medium"
"10946",0,0,NA,0,-1,"Medium"
"10947",0,0,NA,0,-1,"High"
"10948",0,0,NA,0,-1,"High"
"10949",0,0,NA,0,-1,"Medium"
"10950",12632,12633,"Previous_Irrigation_mm",114.97,1,NA
"10951",0,0,NA,0,-1,"Medium"
"10952",12634,12635,"Soil_Moisture",45.18,1,NA
"10953",0,0,NA,0,-1,"Medium"
"10954",0,0,NA,0,-1,"Medium"
"10955",0,0,NA,0,-1,"High"
"10956",0,0,NA,0,-1,"Medium"
"10957",0,0,NA,0,-1,"High"
"10958",0,0,NA,0,-1,"Medium"
"10959",0,0,NA,0,-1,"High"
"10960",12636,12637,"Electrical_Conductivity",2.445,1,NA
"10961",12638,12639,"Soil_Moisture",38.335,1,NA
"10962",0,0,NA,0,-1,"Medium"
"10963",0,0,NA,0,-1,"High"
"10964",0,0,NA,0,-1,"High"
"10965",0,0,NA,0,-1,"Medium"
"10966",0,0,NA,0,-1,"Medium"
"10967",0,0,NA,0,-1,"High"
"10968",12640,12641,"Crop_Type",4,1,NA
"10969",0,0,NA,0,-1,"Medium"
"10970",0,0,NA,0,-1,"Medium"
"10971",0,0,NA,0,-1,"High"
"10972",0,0,NA,0,-1,"Medium"
"10973",0,0,NA,0,-1,"High"
"10974",0,0,NA,0,-1,"High"
"10975",0,0,NA,0,-1,"Medium"
"10976",0,0,NA,0,-1,"High"
"10977",0,0,NA,0,-1,"Medium"
"10978",0,0,NA,0,-1,"Medium"
"10979",12642,12643,"Soil_pH",7.685,1,NA
"10980",0,0,NA,0,-1,"Medium"
"10981",0,0,NA,0,-1,"High"
"10982",0,0,NA,0,-1,"High"
"10983",12644,12645,"Organic_Carbon",0.575,1,NA
"10984",0,0,NA,0,-1,"Medium"
"10985",0,0,NA,0,-1,"High"
"10986",0,0,NA,0,-1,"Medium"
"10987",12646,12647,"Electrical_Conductivity",1.305,1,NA
"10988",0,0,NA,0,-1,"High"
"10989",0,0,NA,0,-1,"Medium"
"10990",0,0,NA,0,-1,"High"
"10991",0,0,NA,0,-1,"Medium"
"10992",12648,12649,"Humidity",74.625,1,NA
"10993",0,0,NA,0,-1,"High"
"10994",0,0,NA,0,-1,"High"
"10995",0,0,NA,0,-1,"Medium"
"10996",12650,12651,"Irrigation_Type",4,1,NA
"10997",12652,12653,"Field_Area_hectare",14.23,1,NA
"10998",0,0,NA,0,-1,"High"
"10999",0,0,NA,0,-1,"Medium"
"11000",0,0,NA,0,-1,"High"
"11001",12654,12655,"Temperature_C",31.025,1,NA
"11002",12656,12657,"Wind_Speed_kmh",0.995,1,NA
"11003",0,0,NA,0,-1,"Medium"
"11004",12658,12659,"Soil_pH",7.635,1,NA
"11005",0,0,NA,0,-1,"Medium"
"11006",12660,12661,"Region",4,1,NA
"11007",0,0,NA,0,-1,"High"
"11008",12662,12663,"Organic_Carbon",0.77,1,NA
"11009",0,0,NA,0,-1,"High"
"11010",0,0,NA,0,-1,"High"
"11011",0,0,NA,0,-1,"Medium"
"11012",0,0,NA,0,-1,"Medium"
"11013",12664,12665,"Humidity",55.185,1,NA
"11014",12666,12667,"Crop_Type",16,1,NA
"11015",0,0,NA,0,-1,"High"
"11016",0,0,NA,0,-1,"Medium"
"11017",0,0,NA,0,-1,"Low"
"11018",0,0,NA,0,-1,"Medium"
"11019",12668,12669,"Field_Area_hectare",12.06,1,NA
"11020",12670,12671,"Soil_Type",4,1,NA
"11021",0,0,NA,0,-1,"Medium"
"11022",12672,12673,"Wind_Speed_kmh",10.135,1,NA
"11023",0,0,NA,0,-1,"Medium"
"11024",0,0,NA,0,-1,"Medium"
"11025",0,0,NA,0,-1,"Low"
"11026",12674,12675,"Previous_Irrigation_mm",53.495,1,NA
"11027",0,0,NA,0,-1,"High"
"11028",12676,12677,"Wind_Speed_kmh",16.835,1,NA
"11029",12678,12679,"Soil_Moisture",59.2,1,NA
"11030",0,0,NA,0,-1,"Medium"
"11031",12680,12681,"Soil_pH",7.74,1,NA
"11032",0,0,NA,0,-1,"High"
"11033",0,0,NA,0,-1,"Medium"
"11034",0,0,NA,0,-1,"Medium"
"11035",0,0,NA,0,-1,"Low"
"11036",0,0,NA,0,-1,"High"
"11037",0,0,NA,0,-1,"Medium"
"11038",0,0,NA,0,-1,"High"
"11039",12682,12683,"Electrical_Conductivity",0.625,1,NA
"11040",12684,12685,"Organic_Carbon",1.145,1,NA
"11041",0,0,NA,0,-1,"Medium"
"11042",12686,12687,"Water_Source",1,1,NA
"11043",0,0,NA,0,-1,"Medium"
"11044",0,0,NA,0,-1,"Medium"
"11045",0,0,NA,0,-1,"Low"
"11046",0,0,NA,0,-1,"High"
"11047",12688,12689,"Soil_pH",7.475,1,NA
"11048",12690,12691,"Rainfall_mm",2167.615,1,NA
"11049",0,0,NA,0,-1,"Medium"
"11050",0,0,NA,0,-1,"Medium"
"11051",0,0,NA,0,-1,"High"
"11052",0,0,NA,0,-1,"Medium"
"11053",0,0,NA,0,-1,"Low"
"11054",0,0,NA,0,-1,"Low"
"11055",12692,12693,"Sunlight_Hours",10.495,1,NA
"11056",12694,12695,"Rainfall_mm",601.895,1,NA
"11057",12696,12697,"Organic_Carbon",0.455,1,NA
"11058",0,0,NA,0,-1,"Low"
"11059",12698,12699,"Soil_Type",6,1,NA
"11060",12700,12701,"Humidity",60.075,1,NA
"11061",0,0,NA,0,-1,"Medium"
"11062",12702,12703,"Organic_Carbon",0.895,1,NA
"11063",0,0,NA,0,-1,"Low"
"11064",0,0,NA,0,-1,"Low"
"11065",12704,12705,"Rainfall_mm",1798.3,1,NA
"11066",12706,12707,"Sunlight_Hours",4.485,1,NA
"11067",0,0,NA,0,-1,"Low"
"11068",12708,12709,"Temperature_C",17.52,1,NA
"11069",0,0,NA,0,-1,"Low"
"11070",12710,12711,"Temperature_C",22.515,1,NA
"11071",0,0,NA,0,-1,"Low"
"11072",12712,12713,"Temperature_C",16.27,1,NA
"11073",12714,12715,"Previous_Irrigation_mm",27.015,1,NA
"11074",0,0,NA,0,-1,"Low"
"11075",0,0,NA,0,-1,"Medium"
"11076",0,0,NA,0,-1,"Low"
"11077",12716,12717,"Irrigation_Type",6,1,NA
"11078",12718,12719,"Crop_Type",4,1,NA
"11079",0,0,NA,0,-1,"Low"
"11080",0,0,NA,0,-1,"Medium"
"11081",0,0,NA,0,-1,"Low"
"11082",12720,12721,"Field_Area_hectare",4,1,NA
"11083",0,0,NA,0,-1,"Medium"
"11084",0,0,NA,0,-1,"Medium"
"11085",12722,12723,"Wind_Speed_kmh",4.035,1,NA
"11086",12724,12725,"Field_Area_hectare",11.12,1,NA
"11087",12726,12727,"Soil_Moisture",25.045,1,NA
"11088",0,0,NA,0,-1,"Medium"
"11089",0,0,NA,0,-1,"Low"
"11090",12728,12729,"Field_Area_hectare",0.555,1,NA
"11091",12730,12731,"Humidity",56.075,1,NA
"11092",12732,12733,"Soil_Type",4,1,NA
"11093",12734,12735,"Soil_Moisture",24.56,1,NA
"11094",12736,12737,"Soil_Moisture",21.97,1,NA
"11095",12738,12739,"Organic_Carbon",0.485,1,NA
"11096",12740,12741,"Soil_Type",4,1,NA
"11097",0,0,NA,0,-1,"Low"
"11098",12742,12743,"Electrical_Conductivity",2.825,1,NA
"11099",12744,12745,"Sunlight_Hours",4.595,1,NA
"11100",12746,12747,"Soil_Moisture",37.625,1,NA
"11101",12748,12749,"Crop_Type",17,1,NA
"11102",12750,12751,"Humidity",84.625,1,NA
"11103",12752,12753,"Sunlight_Hours",4.245,1,NA
"11104",12754,12755,"Season",3,1,NA
"11105",12756,12757,"Electrical_Conductivity",3.415,1,NA
"11106",12758,12759,"Region",4,1,NA
"11107",12760,12761,"Region",8,1,NA
"11108",12762,12763,"Humidity",72.88,1,NA
"11109",0,0,NA,0,-1,"Low"
"11110",0,0,NA,0,-1,"Low"
"11111",0,0,NA,0,-1,"Medium"
"11112",0,0,NA,0,-1,"Medium"
"11113",12764,12765,"Humidity",60.07,1,NA
"11114",0,0,NA,0,-1,"Low"
"11115",12766,12767,"Organic_Carbon",0.99,1,NA
"11116",0,0,NA,0,-1,"Medium"
"11117",0,0,NA,0,-1,"Low"
"11118",12768,12769,"Previous_Irrigation_mm",102.15,1,NA
"11119",0,0,NA,0,-1,"High"
"11120",12770,12771,"Rainfall_mm",99.535,1,NA
"11121",0,0,NA,0,-1,"Medium"
"11122",0,0,NA,0,-1,"Low"
"11123",0,0,NA,0,-1,"Medium"
"11124",12772,12773,"Region",14,1,NA
"11125",0,0,NA,0,-1,"Low"
"11126",12774,12775,"Previous_Irrigation_mm",43.73,1,NA
"11127",12776,12777,"Soil_pH",6.33,1,NA
"11128",0,0,NA,0,-1,"Low"
"11129",0,0,NA,0,-1,"Medium"
"11130",0,0,NA,0,-1,"Medium"
"11131",0,0,NA,0,-1,"Low"
"11132",12778,12779,"Electrical_Conductivity",0.36,1,NA
"11133",12780,12781,"Soil_Moisture",25.125,1,NA
"11134",12782,12783,"Soil_Moisture",28.305,1,NA
"11135",12784,12785,"Wind_Speed_kmh",9.405,1,NA
"11136",0,0,NA,0,-1,"Medium"
"11137",0,0,NA,0,-1,"Low"
"11138",0,0,NA,0,-1,"Medium"
"11139",0,0,NA,0,-1,"Low"
"11140",0,0,NA,0,-1,"Low"
"11141",0,0,NA,0,-1,"Medium"
"11142",0,0,NA,0,-1,"Medium"
"11143",12786,12787,"Soil_Moisture",26.56,1,NA
"11144",12788,12789,"Season",3,1,NA
"11145",0,0,NA,0,-1,"Medium"
"11146",12790,12791,"Soil_pH",8.155,1,NA
"11147",0,0,NA,0,-1,"Low"
"11148",0,0,NA,0,-1,"Low"
"11149",0,0,NA,0,-1,"Medium"
"11150",0,0,NA,0,-1,"Medium"
"11151",0,0,NA,0,-1,"Low"
"11152",0,0,NA,0,-1,"Medium"
"11153",0,0,NA,0,-1,"Low"
"11154",12792,12793,"Temperature_C",41.63,1,NA
"11155",0,0,NA,0,-1,"Low"
"11156",0,0,NA,0,-1,"Medium"
"11157",12794,12795,"Humidity",58.44,1,NA
"11158",0,0,NA,0,-1,"Low"
"11159",0,0,NA,0,-1,"Medium"
"11160",0,0,NA,0,-1,"Medium"
"11161",0,0,NA,0,-1,"Low"
"11162",0,0,NA,0,-1,"Low"
"11163",12796,12797,"Crop_Type",14,1,NA
"11164",12798,12799,"Field_Area_hectare",9.85,1,NA
"11165",0,0,NA,0,-1,"Medium"
"11166",0,0,NA,0,-1,"Medium"
"11167",0,0,NA,0,-1,"Low"
"11168",12800,12801,"Field_Area_hectare",7.185,1,NA
"11169",0,0,NA,0,-1,"Low"
"11170",0,0,NA,0,-1,"Low"
"11171",0,0,NA,0,-1,"Medium"
"11172",12802,12803,"Organic_Carbon",0.395,1,NA
"11173",12804,12805,"Wind_Speed_kmh",9.35,1,NA
"11174",12806,12807,"Wind_Speed_kmh",6.755,1,NA
"11175",0,0,NA,0,-1,"Low"
"11176",12808,12809,"Soil_Moisture",59.925,1,NA
"11177",0,0,NA,0,-1,"Low"
"11178",12810,12811,"Temperature_C",41.545,1,NA
"11179",12812,12813,"Irrigation_Type",2,1,NA
"11180",0,0,NA,0,-1,"Low"
"11181",0,0,NA,0,-1,"Medium"
"11182",12814,12815,"Soil_Type",1,1,NA
"11183",12816,12817,"Humidity",73.06,1,NA
"11184",12818,12819,"Field_Area_hectare",6.49,1,NA
"11185",0,0,NA,0,-1,"Medium"
"11186",12820,12821,"Soil_pH",6.575,1,NA
"11187",12822,12823,"Field_Area_hectare",14.98,1,NA
"11188",0,0,NA,0,-1,"Low"
"11189",12824,12825,"Field_Area_hectare",14.535,1,NA
"11190",0,0,NA,0,-1,"Low"
"11191",12826,12827,"Humidity",54.775,1,NA
"11192",12828,12829,"Temperature_C",30.55,1,NA
"11193",12830,12831,"Soil_Moisture",41.695,1,NA
"11194",12832,12833,"Rainfall_mm",1680.885,1,NA
"11195",12834,12835,"Soil_Moisture",64.4,1,NA
"11196",0,0,NA,0,-1,"Low"
"11197",0,0,NA,0,-1,"Medium"
"11198",12836,12837,"Sunlight_Hours",4.165,1,NA
"11199",0,0,NA,0,-1,"Medium"
"11200",12838,12839,"Season",3,1,NA
"11201",0,0,NA,0,-1,"Low"
"11202",12840,12841,"Humidity",82.36,1,NA
"11203",12842,12843,"Humidity",34.405,1,NA
"11204",0,0,NA,0,-1,"Low"
"11205",0,0,NA,0,-1,"Medium"
"11206",12844,12845,"Soil_pH",5.18,1,NA
"11207",12846,12847,"Temperature_C",32.375,1,NA
"11208",0,0,NA,0,-1,"Low"
"11209",12848,12849,"Crop_Type",2,1,NA
"11210",12850,12851,"Humidity",47.43,1,NA
"11211",12852,12853,"Soil_Type",5,1,NA
"11212",12854,12855,"Previous_Irrigation_mm",114.915,1,NA
"11213",12856,12857,"Previous_Irrigation_mm",115.23,1,NA
"11214",12858,12859,"Water_Source",2,1,NA
"11215",12860,12861,"Electrical_Conductivity",1.225,1,NA
"11216",0,0,NA,0,-1,"Medium"
"11217",0,0,NA,0,-1,"Low"
"11218",0,0,NA,0,-1,"Medium"
"11219",0,0,NA,0,-1,"Low"
"11220",0,0,NA,0,-1,"Low"
"11221",12862,12863,"Temperature_C",39.635,1,NA
"11222",12864,12865,"Soil_pH",7.445,1,NA
"11223",12866,12867,"Irrigation_Type",1,1,NA
"11224",12868,12869,"Previous_Irrigation_mm",30.545,1,NA
"11225",12870,12871,"Soil_pH",6.395,1,NA
"11226",12872,12873,"Electrical_Conductivity",1.96,1,NA
"11227",0,0,NA,0,-1,"Low"
"11228",12874,12875,"Previous_Irrigation_mm",15.54,1,NA
"11229",12876,12877,"Humidity",84.255,1,NA
"11230",12878,12879,"Crop_Type",8,1,NA
"11231",12880,12881,"Electrical_Conductivity",0.435,1,NA
"11232",12882,12883,"Previous_Irrigation_mm",13.22,1,NA
"11233",12884,12885,"Humidity",63.885,1,NA
"11234",12886,12887,"Soil_Moisture",38.53,1,NA
"11235",0,0,NA,0,-1,"Low"
"11236",12888,12889,"Crop_Type",28,1,NA
"11237",0,0,NA,0,-1,"Medium"
"11238",12890,12891,"Soil_pH",7.92,1,NA
"11239",12892,12893,"Soil_Type",2,1,NA
"11240",12894,12895,"Rainfall_mm",1015.13,1,NA
"11241",12896,12897,"Field_Area_hectare",11.555,1,NA
"11242",0,0,NA,0,-1,"Low"
"11243",0,0,NA,0,-1,"Medium"
"11244",0,0,NA,0,-1,"Medium"
"11245",0,0,NA,0,-1,"Low"
"11246",0,0,NA,0,-1,"Medium"
"11247",0,0,NA,0,-1,"Low"
"11248",12898,12899,"Soil_Moisture",26.645,1,NA
"11249",12900,12901,"Previous_Irrigation_mm",48.645,1,NA
"11250",0,0,NA,0,-1,"Medium"
"11251",0,0,NA,0,-1,"Low"
"11252",12902,12903,"Region",13,1,NA
"11253",0,0,NA,0,-1,"Low"
"11254",0,0,NA,0,-1,"High"
"11255",0,0,NA,0,-1,"Medium"
"11256",0,0,NA,0,-1,"Medium"
"11257",0,0,NA,0,-1,"High"
"11258",0,0,NA,0,-1,"Medium"
"11259",12904,12905,"Organic_Carbon",1.145,1,NA
"11260",12906,12907,"Soil_Moisture",60.34,1,NA
"11261",0,0,NA,0,-1,"Medium"
"11262",0,0,NA,0,-1,"Medium"
"11263",12908,12909,"Region",2,1,NA
"11264",0,0,NA,0,-1,"High"
"11265",0,0,NA,0,-1,"Medium"
"11266",12910,12911,"Sunlight_Hours",6.99,1,NA
"11267",12912,12913,"Previous_Irrigation_mm",107.395,1,NA
"11268",12914,12915,"Region",14,1,NA
"11269",12916,12917,"Temperature_C",32.25,1,NA
"11270",12918,12919,"Humidity",50.07,1,NA
"11271",12920,12921,"Previous_Irrigation_mm",32.575,1,NA
"11272",0,0,NA,0,-1,"High"
"11273",0,0,NA,0,-1,"Medium"
"11274",0,0,NA,0,-1,"Medium"
"11275",0,0,NA,0,-1,"Low"
"11276",12922,12923,"Irrigation_Type",4,1,NA
"11277",0,0,NA,0,-1,"Low"
"11278",12924,12925,"Previous_Irrigation_mm",24.1,1,NA
"11279",12926,12927,"Soil_Moisture",51.355,1,NA
"11280",12928,12929,"Humidity",80.44,1,NA
"11281",0,0,NA,0,-1,"Low"
"11282",12930,12931,"Previous_Irrigation_mm",15.695,1,NA
"11283",12932,12933,"Field_Area_hectare",12.235,1,NA
"11284",0,0,NA,0,-1,"Low"
"11285",0,0,NA,0,-1,"Medium"
"11286",12934,12935,"Field_Area_hectare",1.485,1,NA
"11287",0,0,NA,0,-1,"Low"
"11288",0,0,NA,0,-1,"Medium"
"11289",12936,12937,"Organic_Carbon",0.96,1,NA
"11290",0,0,NA,0,-1,"Medium"
"11291",12938,12939,"Soil_Moisture",25.6,1,NA
"11292",12940,12941,"Temperature_C",28.215,1,NA
"11293",0,0,NA,0,-1,"Low"
"11294",0,0,NA,0,-1,"Low"
"11295",12942,12943,"Rainfall_mm",2110.93,1,NA
"11296",0,0,NA,0,-1,"Medium"
"11297",12944,12945,"Irrigation_Type",4,1,NA
"11298",12946,12947,"Rainfall_mm",1470.795,1,NA
"11299",12948,12949,"Soil_Moisture",24.81,1,NA
"11300",12950,12951,"Season",3,1,NA
"11301",0,0,NA,0,-1,"Low"
"11302",0,0,NA,0,-1,"Low"
"11303",12952,12953,"Irrigation_Type",1,1,NA
"11304",0,0,NA,0,-1,"Low"
"11305",0,0,NA,0,-1,"Medium"
"11306",12954,12955,"Soil_Moisture",25.815,1,NA
"11307",12956,12957,"Field_Area_hectare",6.16,1,NA
"11308",0,0,NA,0,-1,"Low"
"11309",0,0,NA,0,-1,"Medium"
"11310",12958,12959,"Soil_pH",7.83,1,NA
"11311",12960,12961,"Soil_Moisture",10.645,1,NA
"11312",12962,12963,"Soil_Moisture",29.115,1,NA
"11313",12964,12965,"Crop_Type",4,1,NA
"11314",0,0,NA,0,-1,"Medium"
"11315",0,0,NA,0,-1,"Low"
"11316",12966,12967,"Temperature_C",19.9,1,NA
"11317",12968,12969,"Season",2,1,NA
"11318",12970,12971,"Region",2,1,NA
"11319",12972,12973,"Previous_Irrigation_mm",118.58,1,NA
"11320",12974,12975,"Temperature_C",29.23,1,NA
"11321",0,0,NA,0,-1,"Low"
"11322",12976,12977,"Electrical_Conductivity",2.67,1,NA
"11323",0,0,NA,0,-1,"Low"
"11324",12978,12979,"Wind_Speed_kmh",10.385,1,NA
"11325",12980,12981,"Soil_Moisture",49.41,1,NA
"11326",12982,12983,"Region",14,1,NA
"11327",12984,12985,"Soil_Type",5,1,NA
"11328",0,0,NA,0,-1,"Low"
"11329",12986,12987,"Sunlight_Hours",6.515,1,NA
"11330",12988,12989,"Temperature_C",28.03,1,NA
"11331",0,0,NA,0,-1,"Medium"
"11332",0,0,NA,0,-1,"Low"
"11333",0,0,NA,0,-1,"Medium"
"11334",12990,12991,"Previous_Irrigation_mm",71.81,1,NA
"11335",0,0,NA,0,-1,"Medium"
"11336",12992,12993,"Organic_Carbon",1.12,1,NA
"11337",12994,12995,"Sunlight_Hours",8.985,1,NA
"11338",12996,12997,"Season",3,1,NA
"11339",12998,12999,"Wind_Speed_kmh",19.355,1,NA
"11340",0,0,NA,0,-1,"Low"
"11341",13000,13001,"Sunlight_Hours",9.79,1,NA
"11342",13002,13003,"Sunlight_Hours",9.775,1,NA
"11343",13004,13005,"Electrical_Conductivity",2.955,1,NA
"11344",13006,13007,"Rainfall_mm",1698.255,1,NA
"11345",0,0,NA,0,-1,"Low"
"11346",0,0,NA,0,-1,"Medium"
"11347",0,0,NA,0,-1,"Low"
"11348",0,0,NA,0,-1,"Medium"
"11349",0,0,NA,0,-1,"Low"
"11350",0,0,NA,0,-1,"Low"
"11351",0,0,NA,0,-1,"Medium"
"11352",0,0,NA,0,-1,"Low"
"11353",13008,13009,"Crop_Type",3,1,NA
"11354",13010,13011,"Wind_Speed_kmh",10.03,1,NA
"11355",13012,13013,"Region",4,1,NA
"11356",0,0,NA,0,-1,"Medium"
"11357",13014,13015,"Season",3,1,NA
"11358",13016,13017,"Temperature_C",29.7,1,NA
"11359",13018,13019,"Wind_Speed_kmh",16.395,1,NA
"11360",13020,13021,"Organic_Carbon",0.39,1,NA
"11361",13022,13023,"Water_Source",2,1,NA
"11362",13024,13025,"Previous_Irrigation_mm",85.28,1,NA
"11363",0,0,NA,0,-1,"Low"
"11364",13026,13027,"Electrical_Conductivity",1.255,1,NA
"11365",13028,13029,"Organic_Carbon",0.305,1,NA
"11366",0,0,NA,0,-1,"Low"
"11367",13030,13031,"Humidity",89.45,1,NA
"11368",13032,13033,"Soil_pH",4.96,1,NA
"11369",13034,13035,"Organic_Carbon",1.595,1,NA
"11370",0,0,NA,0,-1,"Low"
"11371",0,0,NA,0,-1,"Medium"
"11372",13036,13037,"Wind_Speed_kmh",11.55,1,NA
"11373",0,0,NA,0,-1,"Low"
"11374",0,0,NA,0,-1,"Medium"
"11375",13038,13039,"Rainfall_mm",648.79,1,NA
"11376",0,0,NA,0,-1,"Low"
"11377",0,0,NA,0,-1,"Medium"
"11378",13040,13041,"Crop_Growth_Stage",1,1,NA
"11379",0,0,NA,0,-1,"Low"
"11380",0,0,NA,0,-1,"Medium"
"11381",0,0,NA,0,-1,"Low"
"11382",0,0,NA,0,-1,"Low"
"11383",13042,13043,"Soil_Moisture",48.575,1,NA
"11384",13044,13045,"Soil_Moisture",23.385,1,NA
"11385",13046,13047,"Wind_Speed_kmh",15.815,1,NA
"11386",0,0,NA,0,-1,"Medium"
"11387",13048,13049,"Soil_Moisture",11.265,1,NA
"11388",0,0,NA,0,-1,"High"
"11389",0,0,NA,0,-1,"Medium"
"11390",13050,13051,"Previous_Irrigation_mm",42.58,1,NA
"11391",0,0,NA,0,-1,"Medium"
"11392",13052,13053,"Electrical_Conductivity",2.52,1,NA
"11393",13054,13055,"Temperature_C",41.685,1,NA
"11394",13056,13057,"Wind_Speed_kmh",11.52,1,NA
"11395",0,0,NA,0,-1,"Medium"
"11396",13058,13059,"Electrical_Conductivity",2.48,1,NA
"11397",0,0,NA,0,-1,"Medium"
"11398",0,0,NA,0,-1,"High"
"11399",13060,13061,"Electrical_Conductivity",3.22,1,NA
"11400",13062,13063,"Previous_Irrigation_mm",15.43,1,NA
"11401",13064,13065,"Temperature_C",31.355,1,NA
"11402",0,0,NA,0,-1,"Medium"
"11403",13066,13067,"Irrigation_Type",4,1,NA
"11404",13068,13069,"Previous_Irrigation_mm",61.095,1,NA
"11405",13070,13071,"Humidity",74.095,1,NA
"11406",0,0,NA,0,-1,"High"
"11407",13072,13073,"Sunlight_Hours",4.745,1,NA
"11408",0,0,NA,0,-1,"High"
"11409",13074,13075,"Rainfall_mm",921.58,1,NA
"11410",0,0,NA,0,-1,"Medium"
"11411",13076,13077,"Crop_Growth_Stage",1,1,NA
"11412",0,0,NA,0,-1,"High"
"11413",0,0,NA,0,-1,"Medium"
"11414",0,0,NA,0,-1,"High"
"11415",13078,13079,"Wind_Speed_kmh",19.415,1,NA
"11416",13080,13081,"Irrigation_Type",4,1,NA
"11417",0,0,NA,0,-1,"Medium"
"11418",13082,13083,"Temperature_C",41.635,1,NA
"11419",13084,13085,"Sunlight_Hours",9.595,1,NA
"11420",0,0,NA,0,-1,"High"
"11421",0,0,NA,0,-1,"Medium"
"11422",0,0,NA,0,-1,"Medium"
"11423",0,0,NA,0,-1,"High"
"11424",13086,13087,"Soil_Type",4,1,NA
"11425",13088,13089,"Crop_Growth_Stage",1,1,NA
"11426",0,0,NA,0,-1,"Medium"
"11427",13090,13091,"Sunlight_Hours",10.62,1,NA
"11428",13092,13093,"Previous_Irrigation_mm",96.35,1,NA
"11429",0,0,NA,0,-1,"Medium"
"11430",13094,13095,"Soil_pH",7.885,1,NA
"11431",13096,13097,"Temperature_C",41.745,1,NA
"11432",0,0,NA,0,-1,"High"
"11433",0,0,NA,0,-1,"Medium"
"11434",0,0,NA,0,-1,"High"
"11435",0,0,NA,0,-1,"Medium"
"11436",13098,13099,"Wind_Speed_kmh",10.115,1,NA
"11437",13100,13101,"Temperature_C",30.055,1,NA
"11438",13102,13103,"Wind_Speed_kmh",10.99,1,NA
"11439",13104,13105,"Soil_Moisture",42.305,1,NA
"11440",13106,13107,"Previous_Irrigation_mm",48.55,1,NA
"11441",13108,13109,"Soil_pH",7.845,1,NA
"11442",0,0,NA,0,-1,"Medium"
"11443",0,0,NA,0,-1,"Low"
"11444",0,0,NA,0,-1,"Medium"
"11445",0,0,NA,0,-1,"Low"
"11446",13110,13111,"Water_Source",1,1,NA
"11447",13112,13113,"Previous_Irrigation_mm",18.53,1,NA
"11448",13114,13115,"Crop_Type",12,1,NA
"11449",13116,13117,"Wind_Speed_kmh",10.695,1,NA
"11450",13118,13119,"Electrical_Conductivity",2.405,1,NA
"11451",13120,13121,"Sunlight_Hours",5.855,1,NA
"11452",0,0,NA,0,-1,"Medium"
"11453",0,0,NA,0,-1,"Low"
"11454",13122,13123,"Rainfall_mm",667.79,1,NA
"11455",13124,13125,"Irrigation_Type",1,1,NA
"11456",0,0,NA,0,-1,"Medium"
"11457",13126,13127,"Previous_Irrigation_mm",31.255,1,NA
"11458",0,0,NA,0,-1,"Medium"
"11459",0,0,NA,0,-1,"Low"
"11460",13128,13129,"Organic_Carbon",1.065,1,NA
"11461",13130,13131,"Temperature_C",35.45,1,NA
"11462",0,0,NA,0,-1,"Low"
"11463",13132,13133,"Crop_Type",8,1,NA
"11464",13134,13135,"Humidity",86.445,1,NA
"11465",0,0,NA,0,-1,"Medium"
"11466",13136,13137,"Wind_Speed_kmh",15.37,1,NA
"11467",0,0,NA,0,-1,"Medium"
"11468",0,0,NA,0,-1,"Medium"
"11469",0,0,NA,0,-1,"Low"
"11470",0,0,NA,0,-1,"Medium"
"11471",13138,13139,"Rainfall_mm",790.69,1,NA
"11472",0,0,NA,0,-1,"Low"
"11473",0,0,NA,0,-1,"Medium"
"11474",0,0,NA,0,-1,"Low"
"11475",0,0,NA,0,-1,"Medium"
"11476",13140,13141,"Crop_Type",2,1,NA
"11477",13142,13143,"Soil_Moisture",40.72,1,NA
"11478",13144,13145,"Soil_Moisture",62.245,1,NA
"11479",13146,13147,"Field_Area_hectare",13.295,1,NA
"11480",0,0,NA,0,-1,"Low"
"11481",0,0,NA,0,-1,"Medium"
"11482",13148,13149,"Electrical_Conductivity",0.515,1,NA
"11483",13150,13151,"Field_Area_hectare",6.065,1,NA
"11484",0,0,NA,0,-1,"Low"
"11485",13152,13153,"Humidity",92.15,1,NA
"11486",0,0,NA,0,-1,"Medium"
"11487",0,0,NA,0,-1,"Low"
"11488",0,0,NA,0,-1,"Low"
"11489",13154,13155,"Previous_Irrigation_mm",82.415,1,NA
"11490",13156,13157,"Soil_Moisture",26.805,1,NA
"11491",13158,13159,"Soil_Moisture",55.9,1,NA
"11492",0,0,NA,0,-1,"Medium"
"11493",0,0,NA,0,-1,"Low"
"11494",0,0,NA,0,-1,"Medium"
"11495",0,0,NA,0,-1,"Low"
"11496",0,0,NA,0,-1,"Medium"
"11497",0,0,NA,0,-1,"Low"
"11498",0,0,NA,0,-1,"Medium"
"11499",0,0,NA,0,-1,"Low"
"11500",13160,13161,"Temperature_C",24.07,1,NA
"11501",0,0,NA,0,-1,"Low"
"11502",13162,13163,"Field_Area_hectare",9.825,1,NA
"11503",13164,13165,"Electrical_Conductivity",2.81,1,NA
"11504",0,0,NA,0,-1,"Medium"
"11505",0,0,NA,0,-1,"Low"
"11506",0,0,NA,0,-1,"Medium"
"11507",0,0,NA,0,-1,"Low"
"11508",0,0,NA,0,-1,"Low"
"11509",13166,13167,"Rainfall_mm",1086.235,1,NA
"11510",0,0,NA,0,-1,"Medium"
"11511",0,0,NA,0,-1,"Low"
"11512",13168,13169,"Temperature_C",19.47,1,NA
"11513",0,0,NA,0,-1,"Low"
"11514",0,0,NA,0,-1,"Medium"
"11515",0,0,NA,0,-1,"Low"
"11516",13170,13171,"Previous_Irrigation_mm",23.45,1,NA
"11517",0,0,NA,0,-1,"Medium"
"11518",13172,13173,"Humidity",48.14,1,NA
"11519",13174,13175,"Crop_Type",20,1,NA
"11520",13176,13177,"Sunlight_Hours",5.1,1,NA
"11521",0,0,NA,0,-1,"Medium"
"11522",0,0,NA,0,-1,"Low"
"11523",13178,13179,"Electrical_Conductivity",1.095,1,NA
"11524",0,0,NA,0,-1,"Medium"
"11525",0,0,NA,0,-1,"Low"
"11526",13180,13181,"Crop_Type",4,1,NA
"11527",0,0,NA,0,-1,"Medium"
"11528",0,0,NA,0,-1,"Medium"
"11529",13182,13183,"Temperature_C",26.38,1,NA
"11530",0,0,NA,0,-1,"Low"
"11531",13184,13185,"Water_Source",1,1,NA
"11532",13186,13187,"Soil_Moisture",11.025,1,NA
"11533",0,0,NA,0,-1,"Low"
"11534",13188,13189,"Humidity",28.95,1,NA
"11535",13190,13191,"Rainfall_mm",460.715,1,NA
"11536",0,0,NA,0,-1,"Medium"
"11537",13192,13193,"Rainfall_mm",1248.84,1,NA
"11538",13194,13195,"Field_Area_hectare",0.805,1,NA
"11539",0,0,NA,0,-1,"Medium"
"11540",0,0,NA,0,-1,"Medium"
"11541",0,0,NA,0,-1,"Low"
"11542",0,0,NA,0,-1,"Medium"
"11543",13196,13197,"Soil_Moisture",10.65,1,NA
"11544",0,0,NA,0,-1,"Medium"
"11545",13198,13199,"Field_Area_hectare",4.695,1,NA
"11546",13200,13201,"Soil_pH",6.18,1,NA
"11547",13202,13203,"Humidity",52.29,1,NA
"11548",13204,13205,"Electrical_Conductivity",3.195,1,NA
"11549",13206,13207,"Electrical_Conductivity",2.02,1,NA
"11550",0,0,NA,0,-1,"Low"
"11551",0,0,NA,0,-1,"Medium"
"11552",13208,13209,"Field_Area_hectare",6.525,1,NA
"11553",13210,13211,"Crop_Type",31,1,NA
"11554",13212,13213,"Organic_Carbon",0.475,1,NA
"11555",13214,13215,"Crop_Type",10,1,NA
"11556",13216,13217,"Irrigation_Type",6,1,NA
"11557",13218,13219,"Humidity",73.065,1,NA
"11558",13220,13221,"Rainfall_mm",2082.56,1,NA
"11559",13222,13223,"Humidity",74.63,1,NA
"11560",0,0,NA,0,-1,"Low"
"11561",13224,13225,"Electrical_Conductivity",2.805,1,NA
"11562",0,0,NA,0,-1,"Low"
"11563",0,0,NA,0,-1,"Medium"
"11564",0,0,NA,0,-1,"Low"
"11565",0,0,NA,0,-1,"Medium"
"11566",13226,13227,"Region",15,1,NA
"11567",0,0,NA,0,-1,"Low"
"11568",0,0,NA,0,-1,"Low"
"11569",0,0,NA,0,-1,"Medium"
"11570",0,0,NA,0,-1,"Low"
"11571",13228,13229,"Water_Source",1,1,NA
"11572",13230,13231,"Previous_Irrigation_mm",52.695,1,NA
"11573",13232,13233,"Previous_Irrigation_mm",103.23,1,NA
"11574",0,0,NA,0,-1,"Low"
"11575",13234,13235,"Temperature_C",29.035,1,NA
"11576",13236,13237,"Humidity",89.725,1,NA
"11577",0,0,NA,0,-1,"Medium"
"11578",0,0,NA,0,-1,"High"
"11579",0,0,NA,0,-1,"Medium"
"11580",0,0,NA,0,-1,"Medium"
"11581",0,0,NA,0,-1,"Low"
"11582",0,0,NA,0,-1,"Medium"
"11583",0,0,NA,0,-1,"High"
"11584",0,0,NA,0,-1,"High"
"11585",0,0,NA,0,-1,"Low"
"11586",0,0,NA,0,-1,"Low"
"11587",0,0,NA,0,-1,"High"
"11588",13238,13239,"Humidity",79.405,1,NA
"11589",0,0,NA,0,-1,"Medium"
"11590",0,0,NA,0,-1,"Medium"
"11591",0,0,NA,0,-1,"Low"
"11592",0,0,NA,0,-1,"Medium"
"11593",0,0,NA,0,-1,"Low"
"11594",13240,13241,"Soil_pH",5.47,1,NA
"11595",0,0,NA,0,-1,"Medium"
"11596",0,0,NA,0,-1,"Medium"
"11597",0,0,NA,0,-1,"Low"
"11598",0,0,NA,0,-1,"Low"
"11599",0,0,NA,0,-1,"High"
"11600",13242,13243,"Organic_Carbon",1.105,1,NA
"11601",13244,13245,"Soil_Type",5,1,NA
"11602",0,0,NA,0,-1,"Medium"
"11603",0,0,NA,0,-1,"Low"
"11604",0,0,NA,0,-1,"Medium"
"11605",0,0,NA,0,-1,"Low"
"11606",0,0,NA,0,-1,"Low"
"11607",0,0,NA,0,-1,"Medium"
"11608",13246,13247,"Humidity",42.77,1,NA
"11609",13248,13249,"Temperature_C",31.87,1,NA
"11610",0,0,NA,0,-1,"Medium"
"11611",13250,13251,"Wind_Speed_kmh",6.77,1,NA
"11612",0,0,NA,0,-1,"Low"
"11613",0,0,NA,0,-1,"Medium"
"11614",13252,13253,"Electrical_Conductivity",0.875,1,NA
"11615",13254,13255,"Organic_Carbon",1.405,1,NA
"11616",13256,13257,"Electrical_Conductivity",2.455,1,NA
"11617",13258,13259,"Water_Source",2,1,NA
"11618",13260,13261,"Sunlight_Hours",8.395,1,NA
"11619",0,0,NA,0,-1,"Medium"
"11620",13262,13263,"Rainfall_mm",1351.37,1,NA
"11621",0,0,NA,0,-1,"Medium"
"11622",13264,13265,"Previous_Irrigation_mm",15.865,1,NA
"11623",13266,13267,"Sunlight_Hours",8.79,1,NA
"11624",13268,13269,"Region",5,1,NA
"11625",13270,13271,"Soil_Moisture",10.425,1,NA
"11626",0,0,NA,0,-1,"Medium"
"11627",13272,13273,"Electrical_Conductivity",3.1,1,NA
"11628",13274,13275,"Water_Source",3,1,NA
"11629",0,0,NA,0,-1,"Medium"
"11630",0,0,NA,0,-1,"Low"
"11631",0,0,NA,0,-1,"Medium"
"11632",0,0,NA,0,-1,"Medium"
"11633",13276,13277,"Field_Area_hectare",6.29,1,NA
"11634",0,0,NA,0,-1,"Medium"
"11635",0,0,NA,0,-1,"Low"
"11636",13278,13279,"Wind_Speed_kmh",8.325,1,NA
"11637",0,0,NA,0,-1,"Medium"
"11638",13280,13281,"Temperature_C",30.775,1,NA
"11639",13282,13283,"Water_Source",4,1,NA
"11640",0,0,NA,0,-1,"Low"
"11641",13284,13285,"Soil_pH",6.88,1,NA
"11642",13286,13287,"Sunlight_Hours",9.715,1,NA
"11643",13288,13289,"Rainfall_mm",1464.775,1,NA
"11644",0,0,NA,0,-1,"High"
"11645",0,0,NA,0,-1,"Medium"
"11646",0,0,NA,0,-1,"Medium"
"11647",0,0,NA,0,-1,"Low"
"11648",0,0,NA,0,-1,"Low"
"11649",0,0,NA,0,-1,"Medium"
"11650",0,0,NA,0,-1,"Low"
"11651",0,0,NA,0,-1,"Medium"
"11652",0,0,NA,0,-1,"Low"
"11653",0,0,NA,0,-1,"Medium"
"11654",0,0,NA,0,-1,"Low"
"11655",0,0,NA,0,-1,"Medium"
"11656",13290,13291,"Organic_Carbon",1.445,1,NA
"11657",0,0,NA,0,-1,"Low"
"11658",0,0,NA,0,-1,"Medium"
"11659",0,0,NA,0,-1,"Low"
"11660",0,0,NA,0,-1,"Medium"
"11661",13292,13293,"Organic_Carbon",1.32,1,NA
"11662",13294,13295,"Field_Area_hectare",1.635,1,NA
"11663",0,0,NA,0,-1,"Low"
"11664",13296,13297,"Humidity",31.88,1,NA
"11665",0,0,NA,0,-1,"Medium"
"11666",13298,13299,"Crop_Type",3,1,NA
"11667",13300,13301,"Region",6,1,NA
"11668",0,0,NA,0,-1,"Low"
"11669",13302,13303,"Humidity",45.065,1,NA
"11670",0,0,NA,0,-1,"Low"
"11671",13304,13305,"Soil_pH",6.895,1,NA
"11672",13306,13307,"Temperature_C",35.715,1,NA
"11673",13308,13309,"Soil_pH",5.455,1,NA
"11674",0,0,NA,0,-1,"Medium"
"11675",13310,13311,"Rainfall_mm",518.645,1,NA
"11676",13312,13313,"Soil_Moisture",8.945,1,NA
"11677",13314,13315,"Region",15,1,NA
"11678",0,0,NA,0,-1,"Medium"
"11679",0,0,NA,0,-1,"Low"
"11680",13316,13317,"Crop_Type",22,1,NA
"11681",0,0,NA,0,-1,"Low"
"11682",13318,13319,"Electrical_Conductivity",1.78,1,NA
"11683",0,0,NA,0,-1,"Low"
"11684",0,0,NA,0,-1,"Low"
"11685",0,0,NA,0,-1,"Medium"
"11686",13320,13321,"Water_Source",4,1,NA
"11687",13322,13323,"Soil_pH",5.17,1,NA
"11688",13324,13325,"Wind_Speed_kmh",5.86,1,NA
"11689",13326,13327,"Soil_Type",1,1,NA
"11690",13328,13329,"Crop_Growth_Stage",2,1,NA
"11691",0,0,NA,0,-1,"Medium"
"11692",13330,13331,"Temperature_C",34.68,1,NA
"11693",0,0,NA,0,-1,"Medium"
"11694",13332,13333,"Rainfall_mm",1734.85,1,NA
"11695",13334,13335,"Wind_Speed_kmh",9.245,1,NA
"11696",0,0,NA,0,-1,"Low"
"11697",0,0,NA,0,-1,"Medium"
"11698",0,0,NA,0,-1,"Medium"
"11699",13336,13337,"Temperature_C",34.63,1,NA
"11700",13338,13339,"Sunlight_Hours",7.545,1,NA
"11701",0,0,NA,0,-1,"Low"
"11702",13340,13341,"Rainfall_mm",290.01,1,NA
"11703",13342,13343,"Soil_pH",7.875,1,NA
"11704",13344,13345,"Season",2,1,NA
"11705",0,0,NA,0,-1,"Low"
"11706",0,0,NA,0,-1,"Low"
"11707",13346,13347,"Rainfall_mm",839.69,1,NA
"11708",13348,13349,"Humidity",93.885,1,NA
"11709",13350,13351,"Soil_Moisture",63.09,1,NA
"11710",13352,13353,"Field_Area_hectare",1.035,1,NA
"11711",13354,13355,"Season",2,1,NA
"11712",0,0,NA,0,-1,"Low"
"11713",0,0,NA,0,-1,"Medium"
"11714",0,0,NA,0,-1,"Low"
"11715",13356,13357,"Water_Source",3,1,NA
"11716",13358,13359,"Soil_Moisture",37.97,1,NA
"11717",0,0,NA,0,-1,"Low"
"11718",13360,13361,"Field_Area_hectare",3.7,1,NA
"11719",13362,13363,"Temperature_C",39.36,1,NA
"11720",0,0,NA,0,-1,"Medium"
"11721",0,0,NA,0,-1,"Low"
"11722",0,0,NA,0,-1,"Medium"
"11723",13364,13365,"Soil_pH",5.195,1,NA
"11724",0,0,NA,0,-1,"Low"
"11725",0,0,NA,0,-1,"Medium"
"11726",13366,13367,"Organic_Carbon",0.595,1,NA
"11727",13368,13369,"Soil_pH",5.78,1,NA
"11728",0,0,NA,0,-1,"Medium"
"11729",13370,13371,"Region",13,1,NA
"11730",13372,13373,"Rainfall_mm",522.145,1,NA
"11731",13374,13375,"Previous_Irrigation_mm",56.495,1,NA
"11732",0,0,NA,0,-1,"Low"
"11733",0,0,NA,0,-1,"Medium"
"11734",13376,13377,"Soil_pH",7.105,1,NA
"11735",0,0,NA,0,-1,"Medium"
"11736",13378,13379,"Crop_Type",4,1,NA
"11737",0,0,NA,0,-1,"Medium"
"11738",13380,13381,"Temperature_C",13.38,1,NA
"11739",13382,13383,"Previous_Irrigation_mm",2.175,1,NA
"11740",0,0,NA,0,-1,"Medium"
"11741",0,0,NA,0,-1,"Low"
"11742",0,0,NA,0,-1,"Medium"
"11743",13384,13385,"Soil_pH",7.685,1,NA
"11744",13386,13387,"Sunlight_Hours",6.015,1,NA
"11745",13388,13389,"Sunlight_Hours",9.625,1,NA
"11746",13390,13391,"Electrical_Conductivity",0.425,1,NA
"11747",13392,13393,"Soil_Moisture",33.41,1,NA
"11748",0,0,NA,0,-1,"Medium"
"11749",0,0,NA,0,-1,"Low"
"11750",13394,13395,"Temperature_C",23.095,1,NA
"11751",0,0,NA,0,-1,"Medium"
"11752",13396,13397,"Crop_Type",4,1,NA
"11753",13398,13399,"Soil_Type",4,1,NA
"11754",13400,13401,"Previous_Irrigation_mm",51.405,1,NA
"11755",0,0,NA,0,-1,"Medium"
"11756",13402,13403,"Crop_Type",4,1,NA
"11757",0,0,NA,0,-1,"Low"
"11758",0,0,NA,0,-1,"Medium"
"11759",0,0,NA,0,-1,"Low"
"11760",13404,13405,"Previous_Irrigation_mm",42.84,1,NA
"11761",0,0,NA,0,-1,"Low"
"11762",13406,13407,"Rainfall_mm",709.705,1,NA
"11763",13408,13409,"Soil_Moisture",31.985,1,NA
"11764",0,0,NA,0,-1,"Medium"
"11765",0,0,NA,0,-1,"Low"
"11766",0,0,NA,0,-1,"Low"
"11767",0,0,NA,0,-1,"Medium"
"11768",13410,13411,"Electrical_Conductivity",1.51,1,NA
"11769",0,0,NA,0,-1,"Low"
"11770",13412,13413,"Previous_Irrigation_mm",23.54,1,NA
"11771",13414,13415,"Rainfall_mm",2402.365,1,NA
"11772",13416,13417,"Temperature_C",15.28,1,NA
"11773",13418,13419,"Soil_Moisture",29.415,1,NA
"11774",13420,13421,"Electrical_Conductivity",1.635,1,NA
"11775",0,0,NA,0,-1,"Low"
"11776",13422,13423,"Sunlight_Hours",10.055,1,NA
"11777",0,0,NA,0,-1,"Low"
"11778",0,0,NA,0,-1,"Low"
"11779",0,0,NA,0,-1,"Medium"
"11780",0,0,NA,0,-1,"Low"
"11781",13424,13425,"Field_Area_hectare",2.42,1,NA
"11782",13426,13427,"Temperature_C",27.565,1,NA
"11783",0,0,NA,0,-1,"Low"
"11784",0,0,NA,0,-1,"Medium"
"11785",13428,13429,"Field_Area_hectare",12.005,1,NA
"11786",13430,13431,"Electrical_Conductivity",1.96,1,NA
"11787",13432,13433,"Soil_Moisture",25,1,NA
"11788",0,0,NA,0,-1,"Medium"
"11789",13434,13435,"Previous_Irrigation_mm",89.77,1,NA
"11790",0,0,NA,0,-1,"Low"
"11791",0,0,NA,0,-1,"Medium"
"11792",13436,13437,"Sunlight_Hours",8.44,1,NA
"11793",13438,13439,"Soil_Moisture",23.005,1,NA
"11794",13440,13441,"Temperature_C",23.425,1,NA
"11795",13442,13443,"Humidity",38.235,1,NA
"11796",0,0,NA,0,-1,"Medium"
"11797",0,0,NA,0,-1,"Low"
"11798",0,0,NA,0,-1,"Medium"
"11799",0,0,NA,0,-1,"Low"
"11800",0,0,NA,0,-1,"Medium"
"11801",0,0,NA,0,-1,"Low"
"11802",13444,13445,"Sunlight_Hours",4.345,1,NA
"11803",13446,13447,"Previous_Irrigation_mm",88.52,1,NA
"11804",0,0,NA,0,-1,"Low"
"11805",13448,13449,"Sunlight_Hours",7.21,1,NA
"11806",13450,13451,"Previous_Irrigation_mm",16.94,1,NA
"11807",13452,13453,"Field_Area_hectare",2.18,1,NA
"11808",0,0,NA,0,-1,"Low"
"11809",0,0,NA,0,-1,"Medium"
"11810",0,0,NA,0,-1,"Low"
"11811",0,0,NA,0,-1,"Medium"
"11812",13454,13455,"Soil_Moisture",37.34,1,NA
"11813",13456,13457,"Soil_Moisture",10.78,1,NA
"11814",13458,13459,"Organic_Carbon",1.575,1,NA
"11815",13460,13461,"Field_Area_hectare",5.55,1,NA
"11816",13462,13463,"Previous_Irrigation_mm",84.23,1,NA
"11817",13464,13465,"Temperature_C",29.555,1,NA
"11818",0,0,NA,0,-1,"Medium"
"11819",13466,13467,"Field_Area_hectare",11.105,1,NA
"11820",0,0,NA,0,-1,"Low"
"11821",0,0,NA,0,-1,"Medium"
"11822",13468,13469,"Electrical_Conductivity",0.275,1,NA
"11823",13470,13471,"Field_Area_hectare",2.73,1,NA
"11824",13472,13473,"Previous_Irrigation_mm",20.585,1,NA
"11825",13474,13475,"Field_Area_hectare",4.715,1,NA
"11826",13476,13477,"Temperature_C",28.905,1,NA
"11827",13478,13479,"Temperature_C",26.895,1,NA
"11828",13480,13481,"Rainfall_mm",2241.6,1,NA
"11829",0,0,NA,0,-1,"Low"
"11830",13482,13483,"Temperature_C",21.245,1,NA
"11831",13484,13485,"Region",1,1,NA
"11832",0,0,NA,0,-1,"Medium"
"11833",0,0,NA,0,-1,"Low"
"11834",0,0,NA,0,-1,"Medium"
"11835",0,0,NA,0,-1,"Low"
"11836",0,0,NA,0,-1,"Low"
"11837",0,0,NA,0,-1,"Medium"
"11838",13486,13487,"Crop_Type",1,1,NA
"11839",0,0,NA,0,-1,"Medium"
"11840",0,0,NA,0,-1,"Medium"
"11841",0,0,NA,0,-1,"High"
"11842",13488,13489,"Humidity",52.255,1,NA
"11843",13490,13491,"Soil_pH",7.75,1,NA
"11844",0,0,NA,0,-1,"Low"
"11845",0,0,NA,0,-1,"Medium"
"11846",13492,13493,"Field_Area_hectare",5.76,1,NA
"11847",0,0,NA,0,-1,"Medium"
"11848",0,0,NA,0,-1,"Medium"
"11849",13494,13495,"Wind_Speed_kmh",11.25,1,NA
"11850",13496,13497,"Field_Area_hectare",2.75,1,NA
"11851",0,0,NA,0,-1,"Low"
"11852",0,0,NA,0,-1,"Low"
"11853",13498,13499,"Rainfall_mm",1208.595,1,NA
"11854",13500,13501,"Wind_Speed_kmh",10.9,1,NA
"11855",13502,13503,"Soil_Moisture",58.3,1,NA
"11856",0,0,NA,0,-1,"Low"
"11857",0,0,NA,0,-1,"Medium"
"11858",0,0,NA,0,-1,"Medium"
"11859",13504,13505,"Soil_pH",5.8,1,NA
"11860",0,0,NA,0,-1,"Medium"
"11861",0,0,NA,0,-1,"Low"
"11862",0,0,NA,0,-1,"Low"
"11863",0,0,NA,0,-1,"Medium"
"11864",13506,13507,"Field_Area_hectare",13.525,1,NA
"11865",13508,13509,"Soil_pH",6.13,1,NA
"11866",13510,13511,"Region",1,1,NA
"11867",0,0,NA,0,-1,"Medium"
"11868",13512,13513,"Soil_Moisture",25.355,1,NA
"11869",13514,13515,"Field_Area_hectare",5.86,1,NA
"11870",0,0,NA,0,-1,"Low"
"11871",0,0,NA,0,-1,"Medium"
"11872",0,0,NA,0,-1,"Medium"
"11873",0,0,NA,0,-1,"Low"
"11874",13516,13517,"Water_Source",4,1,NA
"11875",0,0,NA,0,-1,"Low"
"11876",0,0,NA,0,-1,"Medium"
"11877",0,0,NA,0,-1,"Low"
"11878",0,0,NA,0,-1,"Low"
"11879",0,0,NA,0,-1,"Medium"
"11880",0,0,NA,0,-1,"Low"
"11881",13518,13519,"Crop_Type",6,1,NA
"11882",0,0,NA,0,-1,"Medium"
"11883",0,0,NA,0,-1,"Low"
"11884",13520,13521,"Sunlight_Hours",5.255,1,NA
"11885",0,0,NA,0,-1,"Low"
"11886",13522,13523,"Soil_Moisture",54.425,1,NA
"11887",0,0,NA,0,-1,"Low"
"11888",13524,13525,"Sunlight_Hours",6.445,1,NA
"11889",0,0,NA,0,-1,"Low"
"11890",0,0,NA,0,-1,"Low"
"11891",0,0,NA,0,-1,"Medium"
"11892",0,0,NA,0,-1,"Low"
"11893",0,0,NA,0,-1,"Medium"
"11894",0,0,NA,0,-1,"Medium"
"11895",13526,13527,"Humidity",47.8,1,NA
"11896",13528,13529,"Soil_Moisture",24.415,1,NA
"11897",13530,13531,"Soil_pH",8.05,1,NA
"11898",13532,13533,"Field_Area_hectare",3.075,1,NA
"11899",13534,13535,"Humidity",44.645,1,NA
"11900",13536,13537,"Organic_Carbon",1.51,1,NA
"11901",0,0,NA,0,-1,"Medium"
"11902",13538,13539,"Soil_Moisture",18.98,1,NA
"11903",0,0,NA,0,-1,"Medium"
"11904",13540,13541,"Previous_Irrigation_mm",54.025,1,NA
"11905",0,0,NA,0,-1,"Medium"
"11906",0,0,NA,0,-1,"Medium"
"11907",0,0,NA,0,-1,"Low"
"11908",0,0,NA,0,-1,"Medium"
"11909",0,0,NA,0,-1,"High"
"11910",13542,13543,"Temperature_C",20.495,1,NA
"11911",0,0,NA,0,-1,"High"
"11912",0,0,NA,0,-1,"Medium"
"11913",13544,13545,"Previous_Irrigation_mm",59.015,1,NA
"11914",0,0,NA,0,-1,"High"
"11915",0,0,NA,0,-1,"Medium"
"11916",0,0,NA,0,-1,"Low"
"11917",0,0,NA,0,-1,"High"
"11918",0,0,NA,0,-1,"High"
"11919",0,0,NA,0,-1,"Medium"
"11920",0,0,NA,0,-1,"High"
"11921",13546,13547,"Region",2,1,NA
"11922",0,0,NA,0,-1,"High"
"11923",0,0,NA,0,-1,"Medium"
"11924",0,0,NA,0,-1,"High"
"11925",13548,13549,"Soil_Type",4,1,NA
"11926",0,0,NA,0,-1,"High"
"11927",0,0,NA,0,-1,"Medium"
"11928",13550,13551,"Organic_Carbon",0.91,1,NA
"11929",0,0,NA,0,-1,"High"
"11930",13552,13553,"Region",1,1,NA
"11931",0,0,NA,0,-1,"High"
"11932",0,0,NA,0,-1,"High"
"11933",0,0,NA,0,-1,"Medium"
"11934",0,0,NA,0,-1,"Medium"
"11935",13554,13555,"Mulching_Used",1,1,NA
"11936",13556,13557,"Crop_Growth_Stage",2,1,NA
"11937",13558,13559,"Mulching_Used",1,1,NA
"11938",13560,13561,"Organic_Carbon",1.12,1,NA
"11939",0,0,NA,0,-1,"Low"
"11940",13562,13563,"Crop_Type",2,1,NA
"11941",13564,13565,"Mulching_Used",1,1,NA
"11942",13566,13567,"Sunlight_Hours",4.265,1,NA
"11943",13568,13569,"Sunlight_Hours",5.945,1,NA
"11944",13570,13571,"Humidity",34.015,1,NA
"11945",0,0,NA,0,-1,"Low"
"11946",0,0,NA,0,-1,"Medium"
"11947",0,0,NA,0,-1,"Low"
"11948",13572,13573,"Temperature_C",17.655,1,NA
"11949",0,0,NA,0,-1,"Medium"
"11950",13574,13575,"Soil_Moisture",8.315,1,NA
"11951",0,0,NA,0,-1,"Low"
"11952",13576,13577,"Soil_pH",5.52,1,NA
"11953",0,0,NA,0,-1,"Low"
"11954",13578,13579,"Organic_Carbon",0.9,1,NA
"11955",13580,13581,"Soil_Type",2,1,NA
"11956",13582,13583,"Soil_pH",5.47,1,NA
"11957",0,0,NA,0,-1,"Low"
"11958",0,0,NA,0,-1,"Medium"
"11959",0,0,NA,0,-1,"Low"
"11960",0,0,NA,0,-1,"Low"
"11961",0,0,NA,0,-1,"Medium"
"11962",0,0,NA,0,-1,"Medium"
"11963",0,0,NA,0,-1,"Low"
"11964",13584,13585,"Soil_Type",4,1,NA
"11965",13586,13587,"Rainfall_mm",592,1,NA
"11966",13588,13589,"Soil_Type",4,1,NA
"11967",13590,13591,"Crop_Type",5,1,NA
"11968",13592,13593,"Organic_Carbon",1.065,1,NA
"11969",13594,13595,"Mulching_Used",1,1,NA
"11970",0,0,NA,0,-1,"Medium"
"11971",13596,13597,"Soil_Moisture",14.65,1,NA
"11972",13598,13599,"Mulching_Used",1,1,NA
"11973",13600,13601,"Mulching_Used",1,1,NA
"11974",13602,13603,"Crop_Type",4,1,NA
"11975",13604,13605,"Wind_Speed_kmh",19.255,1,NA
"11976",0,0,NA,0,-1,"Low"
"11977",0,0,NA,0,-1,"Medium"
"11978",0,0,NA,0,-1,"Medium"
"11979",0,0,NA,0,-1,"Low"
"11980",0,0,NA,0,-1,"Low"
"11981",0,0,NA,0,-1,"Medium"
"11982",0,0,NA,0,-1,"Low"
"11983",13606,13607,"Season",2,1,NA
"11984",0,0,NA,0,-1,"Low"
"11985",13608,13609,"Wind_Speed_kmh",14.57,1,NA
"11986",13610,13611,"Soil_Moisture",22.39,1,NA
"11987",13612,13613,"Field_Area_hectare",2.07,1,NA
"11988",0,0,NA,0,-1,"Medium"
"11989",13614,13615,"Sunlight_Hours",7.785,1,NA
"11990",13616,13617,"Sunlight_Hours",5.23,1,NA
"11991",0,0,NA,0,-1,"Medium"
"11992",13618,13619,"Temperature_C",37.5,1,NA
"11993",13620,13621,"Electrical_Conductivity",3.405,1,NA
"11994",13622,13623,"Electrical_Conductivity",3.225,1,NA
"11995",0,0,NA,0,-1,"Low"
"11996",13624,13625,"Sunlight_Hours",5.525,1,NA
"11997",13626,13627,"Region",1,1,NA
"11998",13628,13629,"Organic_Carbon",1.575,1,NA
"11999",13630,13631,"Soil_Moisture",24.84,1,NA
"12000",13632,13633,"Organic_Carbon",0.595,1,NA
"12001",0,0,NA,0,-1,"Low"
"12002",0,0,NA,0,-1,"Medium"
"12003",13634,13635,"Previous_Irrigation_mm",10.33,1,NA
"12004",13636,13637,"Previous_Irrigation_mm",101.525,1,NA
"12005",13638,13639,"Temperature_C",39.545,1,NA
"12006",0,0,NA,0,-1,"Medium"
"12007",0,0,NA,0,-1,"Low"
"12008",13640,13641,"Field_Area_hectare",8.335,1,NA
"12009",13642,13643,"Soil_Type",7,1,NA
"12010",0,0,NA,0,-1,"Low"
"12011",0,0,NA,0,-1,"Medium"
"12012",0,0,NA,0,-1,"Medium"
"12013",13644,13645,"Mulching_Used",1,1,NA
"12014",0,0,NA,0,-1,"Medium"
"12015",13646,13647,"Soil_pH",6.12,1,NA
"12016",13648,13649,"Soil_pH",6.72,1,NA
"12017",13650,13651,"Mulching_Used",1,1,NA
"12018",0,0,NA,0,-1,"Medium"
"12019",13652,13653,"Field_Area_hectare",0.335,1,NA
"12020",0,0,NA,0,-1,"Medium"
"12021",13654,13655,"Soil_Moisture",23.105,1,NA
"12022",13656,13657,"Soil_Type",2,1,NA
"12023",0,0,NA,0,-1,"Low"
"12024",0,0,NA,0,-1,"Medium"
"12025",0,0,NA,0,-1,"Low"
"12026",13658,13659,"Soil_Moisture",21.205,1,NA
"12027",13660,13661,"Previous_Irrigation_mm",11.89,1,NA
"12028",13662,13663,"Wind_Speed_kmh",17.625,1,NA
"12029",13664,13665,"Soil_pH",7.925,1,NA
"12030",0,0,NA,0,-1,"Low"
"12031",13666,13667,"Wind_Speed_kmh",14.975,1,NA
"12032",13668,13669,"Electrical_Conductivity",0.665,1,NA
"12033",0,0,NA,0,-1,"Low"
"12034",0,0,NA,0,-1,"Medium"
"12035",13670,13671,"Previous_Irrigation_mm",51.58,1,NA
"12036",13672,13673,"Region",4,1,NA
"12037",13674,13675,"Electrical_Conductivity",1.76,1,NA
"12038",0,0,NA,0,-1,"Medium"
"12039",0,0,NA,0,-1,"Low"
"12040",13676,13677,"Previous_Irrigation_mm",55.72,1,NA
"12041",13678,13679,"Mulching_Used",1,1,NA
"12042",13680,13681,"Crop_Type",1,1,NA
"12043",0,0,NA,0,-1,"Medium"
"12044",0,0,NA,0,-1,"Low"
"12045",13682,13683,"Soil_Moisture",23.07,1,NA
"12046",0,0,NA,0,-1,"Low"
"12047",13684,13685,"Electrical_Conductivity",1.28,1,NA
"12048",0,0,NA,0,-1,"Medium"
"12049",13686,13687,"Temperature_C",23.38,1,NA
"12050",0,0,NA,0,-1,"Medium"
"12051",0,0,NA,0,-1,"Low"
"12052",13688,13689,"Field_Area_hectare",5.745,1,NA
"12053",0,0,NA,0,-1,"Low"
"12054",13690,13691,"Rainfall_mm",2104.885,1,NA
"12055",13692,13693,"Mulching_Used",1,1,NA
"12056",0,0,NA,0,-1,"Medium"
"12057",13694,13695,"Temperature_C",35.805,1,NA
"12058",13696,13697,"Soil_Type",3,1,NA
"12059",0,0,NA,0,-1,"Medium"
"12060",13698,13699,"Organic_Carbon",1.125,1,NA
"12061",13700,13701,"Water_Source",2,1,NA
"12062",13702,13703,"Temperature_C",19.075,1,NA
"12063",13704,13705,"Sunlight_Hours",4.105,1,NA
"12064",0,0,NA,0,-1,"Low"
"12065",0,0,NA,0,-1,"Medium"
"12066",0,0,NA,0,-1,"Medium"
"12067",0,0,NA,0,-1,"Low"
"12068",13706,13707,"Organic_Carbon",1.365,1,NA
"12069",0,0,NA,0,-1,"Low"
"12070",0,0,NA,0,-1,"Medium"
"12071",13708,13709,"Temperature_C",20.89,1,NA
"12072",0,0,NA,0,-1,"Medium"
"12073",0,0,NA,0,-1,"Low"
"12074",13710,13711,"Electrical_Conductivity",2.87,1,NA
"12075",0,0,NA,0,-1,"Low"
"12076",0,0,NA,0,-1,"Medium"
"12077",13712,13713,"Rainfall_mm",2220.125,1,NA
"12078",0,0,NA,0,-1,"Medium"
"12079",13714,13715,"Electrical_Conductivity",3.245,1,NA
"12080",0,0,NA,0,-1,"Low"
"12081",13716,13717,"Rainfall_mm",810.95,1,NA
"12082",0,0,NA,0,-1,"Medium"
"12083",0,0,NA,0,-1,"Low"
"12084",0,0,NA,0,-1,"Low"
"12085",0,0,NA,0,-1,"Medium"
"12086",13718,13719,"Electrical_Conductivity",0.23,1,NA
"12087",13720,13721,"Rainfall_mm",1540.425,1,NA
"12088",0,0,NA,0,-1,"Low"
"12089",0,0,NA,0,-1,"Medium"
"12090",0,0,NA,0,-1,"Medium"
"12091",0,0,NA,0,-1,"Low"
"12092",0,0,NA,0,-1,"Medium"
"12093",0,0,NA,0,-1,"Low"
"12094",0,0,NA,0,-1,"Medium"
"12095",0,0,NA,0,-1,"Low"
"12096",0,0,NA,0,-1,"Medium"
"12097",13722,13723,"Previous_Irrigation_mm",64.48,1,NA
"12098",0,0,NA,0,-1,"Medium"
"12099",13724,13725,"Rainfall_mm",1756.87,1,NA
"12100",0,0,NA,0,-1,"Low"
"12101",0,0,NA,0,-1,"Medium"
"12102",0,0,NA,0,-1,"Medium"
"12103",13726,13727,"Soil_pH",6.23,1,NA
"12104",0,0,NA,0,-1,"Medium"
"12105",0,0,NA,0,-1,"Low"
"12106",0,0,NA,0,-1,"Low"
"12107",13728,13729,"Previous_Irrigation_mm",27.005,1,NA
"12108",0,0,NA,0,-1,"Low"
"12109",13730,13731,"Organic_Carbon",0.845,1,NA
"12110",0,0,NA,0,-1,"Medium"
"12111",0,0,NA,0,-1,"Low"
"12112",0,0,NA,0,-1,"Medium"
"12113",0,0,NA,0,-1,"Low"
"12114",13732,13733,"Crop_Growth_Stage",2,1,NA
"12115",0,0,NA,0,-1,"Medium"
"12116",0,0,NA,0,-1,"Low"
"12117",13734,13735,"Electrical_Conductivity",1.235,1,NA
"12118",0,0,NA,0,-1,"Low"
"12119",13736,13737,"Season",1,1,NA
"12120",0,0,NA,0,-1,"Low"
"12121",13738,13739,"Rainfall_mm",546.205,1,NA
"12122",13740,13741,"Crop_Type",2,1,NA
"12123",0,0,NA,0,-1,"Low"
"12124",13742,13743,"Temperature_C",32.72,1,NA
"12125",0,0,NA,0,-1,"Low"
"12126",13744,13745,"Rainfall_mm",1856.95,1,NA
"12127",0,0,NA,0,-1,"Low"
"12128",13746,13747,"Crop_Type",24,1,NA
"12129",0,0,NA,0,-1,"Medium"
"12130",0,0,NA,0,-1,"Low"
"12131",0,0,NA,0,-1,"Medium"
"12132",0,0,NA,0,-1,"Low"
"12133",13748,13749,"Sunlight_Hours",9.39,1,NA
"12134",0,0,NA,0,-1,"Medium"
"12135",0,0,NA,0,-1,"Low"
"12136",0,0,NA,0,-1,"Low"
"12137",13750,13751,"Electrical_Conductivity",0.395,1,NA
"12138",0,0,NA,0,-1,"Low"
"12139",13752,13753,"Wind_Speed_kmh",18.575,1,NA
"12140",13754,13755,"Soil_Type",2,1,NA
"12141",0,0,NA,0,-1,"Low"
"12142",0,0,NA,0,-1,"Low"
"12143",13756,13757,"Region",10,1,NA
"12144",0,0,NA,0,-1,"Low"
"12145",13758,13759,"Previous_Irrigation_mm",70.495,1,NA
"12146",13760,13761,"Soil_pH",6.405,1,NA
"12147",13762,13763,"Previous_Irrigation_mm",27.76,1,NA
"12148",13764,13765,"Irrigation_Type",4,1,NA
"12149",13766,13767,"Crop_Type",19,1,NA
"12150",0,0,NA,0,-1,"Low"
"12151",0,0,NA,0,-1,"Medium"
"12152",13768,13769,"Humidity",85.065,1,NA
"12153",13770,13771,"Wind_Speed_kmh",19.345,1,NA
"12154",13772,13773,"Sunlight_Hours",10.215,1,NA
"12155",13774,13775,"Soil_pH",7.195,1,NA
"12156",0,0,NA,0,-1,"Medium"
"12157",0,0,NA,0,-1,"Low"
"12158",0,0,NA,0,-1,"Low"
"12159",0,0,NA,0,-1,"Medium"
"12160",13776,13777,"Crop_Type",9,1,NA
"12161",13778,13779,"Temperature_C",33.2,1,NA
"12162",0,0,NA,0,-1,"Medium"
"12163",0,0,NA,0,-1,"Low"
"12164",0,0,NA,0,-1,"Medium"
"12165",0,0,NA,0,-1,"Low"
"12166",13780,13781,"Soil_Type",4,1,NA
"12167",13782,13783,"Temperature_C",41.295,1,NA
"12168",0,0,NA,0,-1,"Low"
"12169",13784,13785,"Humidity",45.62,1,NA
"12170",13786,13787,"Wind_Speed_kmh",15.05,1,NA
"12171",13788,13789,"Field_Area_hectare",14.49,1,NA
"12172",13790,13791,"Temperature_C",38.37,1,NA
"12173",0,0,NA,0,-1,"Medium"
"12174",0,0,NA,0,-1,"Low"
"12175",13792,13793,"Soil_pH",6.76,1,NA
"12176",13794,13795,"Crop_Type",31,1,NA
"12177",13796,13797,"Temperature_C",41.405,1,NA
"12178",13798,13799,"Region",4,1,NA
"12179",13800,13801,"Rainfall_mm",2244.87,1,NA
"12180",13802,13803,"Humidity",29.635,1,NA
"12181",13804,13805,"Field_Area_hectare",14.835,1,NA
"12182",13806,13807,"Organic_Carbon",1.115,1,NA
"12183",13808,13809,"Soil_pH",7.815,1,NA
"12184",0,0,NA,0,-1,"Low"
"12185",13810,13811,"Temperature_C",33.815,1,NA
"12186",13812,13813,"Soil_Moisture",64.355,1,NA
"12187",13814,13815,"Temperature_C",33.63,1,NA
"12188",13816,13817,"Electrical_Conductivity",1.3,1,NA
"12189",13818,13819,"Humidity",93.3,1,NA
"12190",13820,13821,"Organic_Carbon",1.305,1,NA
"12191",13822,13823,"Field_Area_hectare",14.155,1,NA
"12192",13824,13825,"Soil_pH",7.835,1,NA
"12193",0,0,NA,0,-1,"Low"
"12194",13826,13827,"Region",15,1,NA
"12195",13828,13829,"Temperature_C",39.725,1,NA
"12196",0,0,NA,0,-1,"Medium"
"12197",0,0,NA,0,-1,"Low"
"12198",0,0,NA,0,-1,"Low"
"12199",13830,13831,"Wind_Speed_kmh",10.385,1,NA
"12200",0,0,NA,0,-1,"Low"
"12201",13832,13833,"Crop_Type",1,1,NA
"12202",13834,13835,"Season",1,1,NA
"12203",0,0,NA,0,-1,"Low"
"12204",13836,13837,"Crop_Type",2,1,NA
"12205",0,0,NA,0,-1,"Low"
"12206",0,0,NA,0,-1,"Medium"
"12207",0,0,NA,0,-1,"Low"
"12208",0,0,NA,0,-1,"Low"
"12209",0,0,NA,0,-1,"Medium"
"12210",0,0,NA,0,-1,"Low"
"12211",13838,13839,"Humidity",85.595,1,NA
"12212",0,0,NA,0,-1,"Low"
"12213",0,0,NA,0,-1,"Medium"
"12214",0,0,NA,0,-1,"Low"
"12215",13840,13841,"Electrical_Conductivity",0.545,1,NA
"12216",0,0,NA,0,-1,"Medium"
"12217",0,0,NA,0,-1,"Low"
"12218",0,0,NA,0,-1,"Low"
"12219",13842,13843,"Electrical_Conductivity",1.75,1,NA
"12220",0,0,NA,0,-1,"Medium"
"12221",0,0,NA,0,-1,"Low"
"12222",13844,13845,"Wind_Speed_kmh",1.47,1,NA
"12223",0,0,NA,0,-1,"Low"
"12224",0,0,NA,0,-1,"Low"
"12225",0,0,NA,0,-1,"Medium"
"12226",0,0,NA,0,-1,"Low"
"12227",13846,13847,"Season",1,1,NA
"12228",13848,13849,"Temperature_C",12.375,1,NA
"12229",13850,13851,"Humidity",33.56,1,NA
"12230",13852,13853,"Soil_Type",1,1,NA
"12231",0,0,NA,0,-1,"Low"
"12232",13854,13855,"Temperature_C",12.525,1,NA
"12233",0,0,NA,0,-1,"Low"
"12234",13856,13857,"Humidity",57.005,1,NA
"12235",0,0,NA,0,-1,"Low"
"12236",0,0,NA,0,-1,"Low"
"12237",13858,13859,"Crop_Growth_Stage",1,1,NA
"12238",0,0,NA,0,-1,"Low"
"12239",13860,13861,"Soil_Moisture",36.815,1,NA
"12240",0,0,NA,0,-1,"Low"
"12241",0,0,NA,0,-1,"Medium"
"12242",13862,13863,"Season",1,1,NA
"12243",13864,13865,"Soil_Moisture",51.92,1,NA
"12244",13866,13867,"Wind_Speed_kmh",2.33,1,NA
"12245",13868,13869,"Soil_pH",6.785,1,NA
"12246",13870,13871,"Field_Area_hectare",2.745,1,NA
"12247",13872,13873,"Temperature_C",15.165,1,NA
"12248",13874,13875,"Electrical_Conductivity",3.06,1,NA
"12249",13876,13877,"Soil_Moisture",64.44,1,NA
"12250",0,0,NA,0,-1,"Medium"
"12251",0,0,NA,0,-1,"Low"
"12252",13878,13879,"Humidity",55.185,1,NA
"12253",0,0,NA,0,-1,"Low"
"12254",13880,13881,"Irrigation_Type",1,1,NA
"12255",0,0,NA,0,-1,"Medium"
"12256",13882,13883,"Soil_Type",4,1,NA
"12257",0,0,NA,0,-1,"Low"
"12258",0,0,NA,0,-1,"Low"
"12259",0,0,NA,0,-1,"Medium"
"12260",0,0,NA,0,-1,"Low"
"12261",0,0,NA,0,-1,"Medium"
"12262",13884,13885,"Humidity",28.505,1,NA
"12263",0,0,NA,0,-1,"Medium"
"12264",13886,13887,"Field_Area_hectare",2.285,1,NA
"12265",0,0,NA,0,-1,"Low"
"12266",13888,13889,"Soil_pH",5.07,1,NA
"12267",0,0,NA,0,-1,"Low"
"12268",0,0,NA,0,-1,"Medium"
"12269",0,0,NA,0,-1,"Low"
"12270",13890,13891,"Sunlight_Hours",5.355,1,NA
"12271",13892,13893,"Humidity",67.965,1,NA
"12272",13894,13895,"Rainfall_mm",1000.125,1,NA
"12273",0,0,NA,0,-1,"Low"
"12274",0,0,NA,0,-1,"Medium"
"12275",0,0,NA,0,-1,"Low"
"12276",13896,13897,"Previous_Irrigation_mm",61.3,1,NA
"12277",0,0,NA,0,-1,"Medium"
"12278",13898,13899,"Wind_Speed_kmh",1.04,1,NA
"12279",13900,13901,"Previous_Irrigation_mm",75,1,NA
"12280",0,0,NA,0,-1,"Medium"
"12281",13902,13903,"Soil_pH",6.8,1,NA
"12282",13904,13905,"Wind_Speed_kmh",0.54,1,NA
"12283",13906,13907,"Crop_Type",17,1,NA
"12284",13908,13909,"Soil_Moisture",38.965,1,NA
"12285",0,0,NA,0,-1,"Medium"
"12286",0,0,NA,0,-1,"Low"
"12287",13910,13911,"Previous_Irrigation_mm",64.09,1,NA
"12288",13912,13913,"Irrigation_Type",3,1,NA
"12289",0,0,NA,0,-1,"Low"
"12290",0,0,NA,0,-1,"Low"
"12291",13914,13915,"Organic_Carbon",0.395,1,NA
"12292",13916,13917,"Irrigation_Type",1,1,NA
"12293",13918,13919,"Soil_Moisture",23.485,1,NA
"12294",0,0,NA,0,-1,"Low"
"12295",13920,13921,"Crop_Growth_Stage",1,1,NA
"12296",0,0,NA,0,-1,"Low"
"12297",0,0,NA,0,-1,"Medium"
"12298",13922,13923,"Wind_Speed_kmh",3.54,1,NA
"12299",0,0,NA,0,-1,"Low"
"12300",13924,13925,"Field_Area_hectare",0.93,1,NA
"12301",0,0,NA,0,-1,"Low"
"12302",13926,13927,"Temperature_C",29.555,1,NA
"12303",13928,13929,"Humidity",87.075,1,NA
"12304",13930,13931,"Wind_Speed_kmh",1.16,1,NA
"12305",13932,13933,"Season",1,1,NA
"12306",0,0,NA,0,-1,"Low"
"12307",13934,13935,"Season",1,1,NA
"12308",13936,13937,"Sunlight_Hours",8.91,1,NA
"12309",13938,13939,"Crop_Type",1,1,NA
"12310",13940,13941,"Field_Area_hectare",0.81,1,NA
"12311",13942,13943,"Season",3,1,NA
"12312",13944,13945,"Soil_pH",5.49,1,NA
"12313",0,0,NA,0,-1,"Medium"
"12314",13946,13947,"Rainfall_mm",1653.42,1,NA
"12315",0,0,NA,0,-1,"Low"
"12316",13948,13949,"Soil_pH",5.34,1,NA
"12317",13950,13951,"Electrical_Conductivity",2.07,1,NA
"12318",0,0,NA,0,-1,"Medium"
"12319",0,0,NA,0,-1,"Low"
"12320",0,0,NA,0,-1,"Medium"
"12321",0,0,NA,0,-1,"Low"
"12322",0,0,NA,0,-1,"Low"
"12323",0,0,NA,0,-1,"Medium"
"12324",13952,13953,"Crop_Type",4,1,NA
"12325",13954,13955,"Region",4,1,NA
"12326",13956,13957,"Wind_Speed_kmh",9.97,1,NA
"12327",0,0,NA,0,-1,"Medium"
"12328",0,0,NA,0,-1,"Low"
"12329",0,0,NA,0,-1,"Medium"
"12330",13958,13959,"Crop_Type",10,1,NA
"12331",0,0,NA,0,-1,"Low"
"12332",13960,13961,"Soil_pH",5.47,1,NA
"12333",0,0,NA,0,-1,"Low"
"12334",0,0,NA,0,-1,"Medium"
"12335",0,0,NA,0,-1,"Low"
"12336",0,0,NA,0,-1,"Medium"
"12337",13962,13963,"Humidity",79.27,1,NA
"12338",0,0,NA,0,-1,"Medium"
"12339",0,0,NA,0,-1,"Low"
"12340",0,0,NA,0,-1,"Low"
"12341",0,0,NA,0,-1,"Medium"
"12342",0,0,NA,0,-1,"Medium"
"12343",13964,13965,"Wind_Speed_kmh",1.065,1,NA
"12344",0,0,NA,0,-1,"Low"
"12345",0,0,NA,0,-1,"Medium"
"12346",13966,13967,"Soil_pH",7.82,1,NA
"12347",13968,13969,"Crop_Type",4,1,NA
"12348",0,0,NA,0,-1,"Low"
"12349",13970,13971,"Field_Area_hectare",6.99,1,NA
"12350",13972,13973,"Humidity",30.175,1,NA
"12351",0,0,NA,0,-1,"Low"
"12352",13974,13975,"Sunlight_Hours",8.695,1,NA
"12353",0,0,NA,0,-1,"Low"
"12354",0,0,NA,0,-1,"Low"
"12355",13976,13977,"Soil_pH",7.365,1,NA
"12356",0,0,NA,0,-1,"Medium"
"12357",0,0,NA,0,-1,"Low"
"12358",13978,13979,"Soil_pH",4.925,1,NA
"12359",13980,13981,"Soil_pH",6.555,1,NA
"12360",0,0,NA,0,-1,"Medium"
"12361",0,0,NA,0,-1,"Low"
"12362",0,0,NA,0,-1,"Medium"
"12363",0,0,NA,0,-1,"Low"
"12364",13982,13983,"Electrical_Conductivity",0.9,1,NA
"12365",13984,13985,"Sunlight_Hours",4.925,1,NA
"12366",13986,13987,"Soil_pH",7.235,1,NA
"12367",13988,13989,"Rainfall_mm",1068.2,1,NA
"12368",13990,13991,"Sunlight_Hours",10.87,1,NA
"12369",0,0,NA,0,-1,"Medium"
"12370",0,0,NA,0,-1,"Low"
"12371",13992,13993,"Humidity",83.835,1,NA
"12372",0,0,NA,0,-1,"Low"
"12373",13994,13995,"Wind_Speed_kmh",8.305,1,NA
"12374",0,0,NA,0,-1,"Medium"
"12375",13996,13997,"Soil_Moisture",40.53,1,NA
"12376",13998,13999,"Soil_pH",6.225,1,NA
"12377",0,0,NA,0,-1,"Low"
"12378",14000,14001,"Region",9,1,NA
"12379",0,0,NA,0,-1,"Medium"
"12380",14002,14003,"Electrical_Conductivity",0.18,1,NA
"12381",14004,14005,"Region",4,1,NA
"12382",14006,14007,"Organic_Carbon",1.29,1,NA
"12383",14008,14009,"Field_Area_hectare",14.955,1,NA
"12384",14010,14011,"Sunlight_Hours",8.125,1,NA
"12385",0,0,NA,0,-1,"Medium"
"12386",14012,14013,"Previous_Irrigation_mm",49.1,1,NA
"12387",14014,14015,"Crop_Type",8,1,NA
"12388",14016,14017,"Wind_Speed_kmh",2.035,1,NA
"12389",0,0,NA,0,-1,"Medium"
"12390",14018,14019,"Rainfall_mm",1777.77,1,NA
"12391",14020,14021,"Soil_Moisture",51.365,1,NA
"12392",14022,14023,"Soil_Moisture",30.14,1,NA
"12393",14024,14025,"Season",1,1,NA
"12394",0,0,NA,0,-1,"Low"
"12395",14026,14027,"Crop_Type",1,1,NA
"12396",14028,14029,"Wind_Speed_kmh",2.495,1,NA
"12397",0,0,NA,0,-1,"Low"
"12398",0,0,NA,0,-1,"Low"
"12399",0,0,NA,0,-1,"Medium"
"12400",14030,14031,"Previous_Irrigation_mm",52.425,1,NA
"12401",0,0,NA,0,-1,"Low"
"12402",14032,14033,"Humidity",27.545,1,NA
"12403",14034,14035,"Organic_Carbon",1.365,1,NA
"12404",0,0,NA,0,-1,"Medium"
"12405",14036,14037,"Previous_Irrigation_mm",117.785,1,NA
"12406",0,0,NA,0,-1,"Medium"
"12407",14038,14039,"Region",8,1,NA
"12408",14040,14041,"Soil_Type",7,1,NA
"12409",0,0,NA,0,-1,"Low"
"12410",0,0,NA,0,-1,"Medium"
"12411",0,0,NA,0,-1,"Low"
"12412",14042,14043,"Season",2,1,NA
"12413",14044,14045,"Previous_Irrigation_mm",38.695,1,NA
"12414",0,0,NA,0,-1,"Low"
"12415",14046,14047,"Sunlight_Hours",8.045,1,NA
"12416",14048,14049,"Soil_Type",4,1,NA
"12417",0,0,NA,0,-1,"Medium"
"12418",14050,14051,"Electrical_Conductivity",3.155,1,NA
"12419",14052,14053,"Region",8,1,NA
"12420",14054,14055,"Region",2,1,NA
"12421",14056,14057,"Soil_Type",2,1,NA
"12422",0,0,NA,0,-1,"High"
"12423",0,0,NA,0,-1,"Medium"
"12424",14058,14059,"Soil_Moisture",12.765,1,NA
"12425",14060,14061,"Irrigation_Type",7,1,NA
"12426",14062,14063,"Field_Area_hectare",5.375,1,NA
"12427",14064,14065,"Wind_Speed_kmh",19.535,1,NA
"12428",0,0,NA,0,-1,"Medium"
"12429",14066,14067,"Organic_Carbon",0.375,1,NA
"12430",14068,14069,"Electrical_Conductivity",2.625,1,NA
"12431",0,0,NA,0,-1,"Medium"
"12432",14070,14071,"Region",2,1,NA
"12433",0,0,NA,0,-1,"Medium"
"12434",14072,14073,"Organic_Carbon",1.32,1,NA
"12435",0,0,NA,0,-1,"Medium"
"12436",0,0,NA,0,-1,"High"
"12437",14074,14075,"Crop_Type",27,1,NA
"12438",0,0,NA,0,-1,"Medium"
"12439",0,0,NA,0,-1,"High"
"12440",14076,14077,"Humidity",62.17,1,NA
"12441",0,0,NA,0,-1,"Medium"
"12442",0,0,NA,0,-1,"Medium"
"12443",0,0,NA,0,-1,"High"
"12444",0,0,NA,0,-1,"Medium"
"12445",0,0,NA,0,-1,"High"
"12446",14078,14079,"Wind_Speed_kmh",19.835,1,NA
"12447",0,0,NA,0,-1,"High"
"12448",0,0,NA,0,-1,"Medium"
"12449",0,0,NA,0,-1,"Low"
"12450",14080,14081,"Temperature_C",12.425,1,NA
"12451",14082,14083,"Electrical_Conductivity",0.775,1,NA
"12452",0,0,NA,0,-1,"Medium"
"12453",14084,14085,"Humidity",86.625,1,NA
"12454",0,0,NA,0,-1,"Medium"
"12455",14086,14087,"Rainfall_mm",1292.295,1,NA
"12456",0,0,NA,0,-1,"Medium"
"12457",0,0,NA,0,-1,"Low"
"12458",14088,14089,"Field_Area_hectare",10.335,1,NA
"12459",0,0,NA,0,-1,"High"
"12460",0,0,NA,0,-1,"High"
"12461",0,0,NA,0,-1,"Medium"
"12462",0,0,NA,0,-1,"High"
"12463",0,0,NA,0,-1,"Medium"
"12464",0,0,NA,0,-1,"High"
"12465",14090,14091,"Soil_pH",7,1,NA
"12466",0,0,NA,0,-1,"High"
"12467",0,0,NA,0,-1,"Medium"
"12468",0,0,NA,0,-1,"High"
"12469",0,0,NA,0,-1,"Medium"
"12470",14092,14093,"Organic_Carbon",1.145,1,NA
"12471",14094,14095,"Soil_pH",7.65,1,NA
"12472",14096,14097,"Organic_Carbon",0.415,1,NA
"12473",14098,14099,"Previous_Irrigation_mm",84.31,1,NA
"12474",14100,14101,"Soil_Moisture",19.875,1,NA
"12475",0,0,NA,0,-1,"Medium"
"12476",14102,14103,"Wind_Speed_kmh",12.665,1,NA
"12477",0,0,NA,0,-1,"Medium"
"12478",14104,14105,"Humidity",75.735,1,NA
"12479",0,0,NA,0,-1,"Medium"
"12480",0,0,NA,0,-1,"High"
"12481",14106,14107,"Soil_Moisture",11.565,1,NA
"12482",0,0,NA,0,-1,"Medium"
"12483",14108,14109,"Sunlight_Hours",8.855,1,NA
"12484",14110,14111,"Field_Area_hectare",3.8,1,NA
"12485",0,0,NA,0,-1,"Medium"
"12486",14112,14113,"Sunlight_Hours",9.125,1,NA
"12487",14114,14115,"Crop_Type",23,1,NA
"12488",14116,14117,"Soil_pH",7.815,1,NA
"12489",14118,14119,"Electrical_Conductivity",0.975,1,NA
"12490",14120,14121,"Humidity",64.045,1,NA
"12491",14122,14123,"Soil_Moisture",48.415,1,NA
"12492",0,0,NA,0,-1,"Medium"
"12493",14124,14125,"Soil_Type",1,1,NA
"12494",14126,14127,"Sunlight_Hours",7.56,1,NA
"12495",0,0,NA,0,-1,"Medium"
"12496",0,0,NA,0,-1,"Medium"
"12497",14128,14129,"Humidity",89.14,1,NA
"12498",14130,14131,"Organic_Carbon",0.61,1,NA
"12499",14132,14133,"Sunlight_Hours",5.72,1,NA
"12500",14134,14135,"Season",2,1,NA
"12501",0,0,NA,0,-1,"High"
"12502",0,0,NA,0,-1,"High"
"12503",0,0,NA,0,-1,"Medium"
"12504",14136,14137,"Soil_Moisture",10.635,1,NA
"12505",0,0,NA,0,-1,"Medium"
"12506",14138,14139,"Humidity",25.56,1,NA
"12507",0,0,NA,0,-1,"High"
"12508",0,0,NA,0,-1,"Medium"
"12509",14140,14141,"Sunlight_Hours",7.77,1,NA
"12510",0,0,NA,0,-1,"High"
"12511",0,0,NA,0,-1,"Medium"
"12512",0,0,NA,0,-1,"High"
"12513",0,0,NA,0,-1,"Medium"
"12514",0,0,NA,0,-1,"Medium"
"12515",0,0,NA,0,-1,"High"
"12516",0,0,NA,0,-1,"High"
"12517",0,0,NA,0,-1,"Medium"
"12518",14142,14143,"Rainfall_mm",2153.015,1,NA
"12519",0,0,NA,0,-1,"High"
"12520",14144,14145,"Electrical_Conductivity",0.935,1,NA
"12521",0,0,NA,0,-1,"Medium"
"12522",0,0,NA,0,-1,"High"
"12523",14146,14147,"Soil_Moisture",18.855,1,NA
"12524",14148,14149,"Crop_Type",16,1,NA
"12525",14150,14151,"Season",3,1,NA
"12526",0,0,NA,0,-1,"High"
"12527",0,0,NA,0,-1,"Medium"
"12528",14152,14153,"Region",3,1,NA
"12529",14154,14155,"Water_Source",7,1,NA
"12530",14156,14157,"Temperature_C",37.47,1,NA
"12531",14158,14159,"Wind_Speed_kmh",5.125,1,NA
"12532",14160,14161,"Rainfall_mm",655.855,1,NA
"12533",14162,14163,"Electrical_Conductivity",0.67,1,NA
"12534",14164,14165,"Previous_Irrigation_mm",50.485,1,NA
"12535",0,0,NA,0,-1,"Medium"
"12536",0,0,NA,0,-1,"Medium"
"12537",0,0,NA,0,-1,"High"
"12538",14166,14167,"Electrical_Conductivity",0.265,1,NA
"12539",0,0,NA,0,-1,"Medium"
"12540",14168,14169,"Rainfall_mm",1615.715,1,NA
"12541",14170,14171,"Previous_Irrigation_mm",15.83,1,NA
"12542",0,0,NA,0,-1,"Medium"
"12543",0,0,NA,0,-1,"High"
"12544",14172,14173,"Humidity",65.225,1,NA
"12545",0,0,NA,0,-1,"High"
"12546",0,0,NA,0,-1,"High"
"12547",0,0,NA,0,-1,"Medium"
"12548",0,0,NA,0,-1,"Medium"
"12549",14174,14175,"Irrigation_Type",1,1,NA
"12550",14176,14177,"Humidity",72.08,1,NA
"12551",0,0,NA,0,-1,"Medium"
"12552",0,0,NA,0,-1,"High"
"12553",0,0,NA,0,-1,"Medium"
"12554",14178,14179,"Previous_Irrigation_mm",46.775,1,NA
"12555",14180,14181,"Crop_Type",1,1,NA
"12556",0,0,NA,0,-1,"Medium"
"12557",0,0,NA,0,-1,"Low"
"12558",0,0,NA,0,-1,"Low"
"12559",0,0,NA,0,-1,"Medium"
"12560",0,0,NA,0,-1,"Medium"
"12561",0,0,NA,0,-1,"Low"
"12562",0,0,NA,0,-1,"High"
"12563",0,0,NA,0,-1,"Medium"
"12564",14182,14183,"Field_Area_hectare",2.08,1,NA
"12565",14184,14185,"Soil_Type",1,1,NA
"12566",0,0,NA,0,-1,"High"
"12567",0,0,NA,0,-1,"Medium"
"12568",0,0,NA,0,-1,"Medium"
"12569",0,0,NA,0,-1,"High"
"12570",0,0,NA,0,-1,"Medium"
"12571",0,0,NA,0,-1,"High"
"12572",14186,14187,"Organic_Carbon",1.49,1,NA
"12573",0,0,NA,0,-1,"Medium"
"12574",14188,14189,"Rainfall_mm",1717.405,1,NA
"12575",0,0,NA,0,-1,"High"
"12576",0,0,NA,0,-1,"Medium"
"12577",14190,14191,"Sunlight_Hours",7.08,1,NA
"12578",0,0,NA,0,-1,"Low"
"12579",0,0,NA,0,-1,"Medium"
"12580",0,0,NA,0,-1,"Medium"
"12581",0,0,NA,0,-1,"Low"
"12582",14192,14193,"Rainfall_mm",1513.395,1,NA
"12583",14194,14195,"Region",2,1,NA
"12584",0,0,NA,0,-1,"Low"
"12585",0,0,NA,0,-1,"Medium"
"12586",14196,14197,"Electrical_Conductivity",2.635,1,NA
"12587",0,0,NA,0,-1,"Medium"
"12588",0,0,NA,0,-1,"High"
"12589",0,0,NA,0,-1,"Medium"
"12590",14198,14199,"Sunlight_Hours",7.33,1,NA
"12591",0,0,NA,0,-1,"High"
"12592",0,0,NA,0,-1,"Medium"
"12593",14200,14201,"Field_Area_hectare",13.78,1,NA
"12594",14202,14203,"Wind_Speed_kmh",18.515,1,NA
"12595",0,0,NA,0,-1,"High"
"12596",14204,14205,"Humidity",43.605,1,NA
"12597",0,0,NA,0,-1,"High"
"12598",0,0,NA,0,-1,"High"
"12599",14206,14207,"Rainfall_mm",1934.09,1,NA
"12600",0,0,NA,0,-1,"Medium"
"12601",0,0,NA,0,-1,"High"
"12602",0,0,NA,0,-1,"High"
"12603",0,0,NA,0,-1,"Medium"
"12604",14208,14209,"Previous_Irrigation_mm",35.17,1,NA
"12605",14210,14211,"Soil_Type",4,1,NA
"12606",14212,14213,"Water_Source",1,1,NA
"12607",0,0,NA,0,-1,"Medium"
"12608",0,0,NA,0,-1,"Medium"
"12609",0,0,NA,0,-1,"High"
"12610",0,0,NA,0,-1,"High"
"12611",14214,14215,"Water_Source",1,1,NA
"12612",14216,14217,"Sunlight_Hours",5.795,1,NA
"12613",14218,14219,"Humidity",61.89,1,NA
"12614",0,0,NA,0,-1,"High"
"12615",14220,14221,"Soil_Type",2,1,NA
"12616",0,0,NA,0,-1,"High"
"12617",0,0,NA,0,-1,"Medium"
"12618",0,0,NA,0,-1,"High"
"12619",0,0,NA,0,-1,"Medium"
"12620",14222,14223,"Previous_Irrigation_mm",36.215,1,NA
"12621",14224,14225,"Sunlight_Hours",10.915,1,NA
"12622",0,0,NA,0,-1,"High"
"12623",0,0,NA,0,-1,"Medium"
"12624",14226,14227,"Previous_Irrigation_mm",78.68,1,NA
"12625",0,0,NA,0,-1,"High"
"12626",0,0,NA,0,-1,"Medium"
"12627",0,0,NA,0,-1,"High"
"12628",14228,14229,"Humidity",88.78,1,NA
"12629",0,0,NA,0,-1,"Medium"
"12630",0,0,NA,0,-1,"Medium"
"12631",0,0,NA,0,-1,"High"
"12632",0,0,NA,0,-1,"Medium"
"12633",0,0,NA,0,-1,"High"
"12634",0,0,NA,0,-1,"Medium"
"12635",0,0,NA,0,-1,"High"
"12636",0,0,NA,0,-1,"Medium"
"12637",0,0,NA,0,-1,"High"
"12638",14230,14231,"Field_Area_hectare",13.955,1,NA
"12639",0,0,NA,0,-1,"High"
"12640",0,0,NA,0,-1,"High"
"12641",0,0,NA,0,-1,"Medium"
"12642",14232,14233,"Soil_pH",7.38,1,NA
"12643",0,0,NA,0,-1,"Medium"
"12644",14234,14235,"Organic_Carbon",0.53,1,NA
"12645",0,0,NA,0,-1,"Medium"
"12646",0,0,NA,0,-1,"Medium"
"12647",0,0,NA,0,-1,"High"
"12648",0,0,NA,0,-1,"High"
"12649",14236,14237,"Temperature_C",33.145,1,NA
"12650",0,0,NA,0,-1,"Medium"
"12651",0,0,NA,0,-1,"High"
"12652",14238,14239,"Humidity",53.695,1,NA
"12653",14240,14241,"Field_Area_hectare",14.325,1,NA
"12654",14242,14243,"Crop_Growth_Stage",1,1,NA
"12655",14244,14245,"Wind_Speed_kmh",2.875,1,NA
"12656",0,0,NA,0,-1,"Medium"
"12657",0,0,NA,0,-1,"High"
"12658",0,0,NA,0,-1,"Medium"
"12659",0,0,NA,0,-1,"High"
"12660",14246,14247,"Wind_Speed_kmh",12.625,1,NA
"12661",0,0,NA,0,-1,"High"
"12662",0,0,NA,0,-1,"High"
"12663",14248,14249,"Temperature_C",34.06,1,NA
"12664",0,0,NA,0,-1,"High"
"12665",14250,14251,"Temperature_C",33.98,1,NA
"12666",14252,14253,"Field_Area_hectare",4.365,1,NA
"12667",0,0,NA,0,-1,"High"
"12668",0,0,NA,0,-1,"High"
"12669",0,0,NA,0,-1,"Medium"
"12670",14254,14255,"Wind_Speed_kmh",2.86,1,NA
"12671",0,0,NA,0,-1,"Medium"
"12672",0,0,NA,0,-1,"Medium"
"12673",0,0,NA,0,-1,"High"
"12674",0,0,NA,0,-1,"Medium"
"12675",14256,14257,"Organic_Carbon",0.58,1,NA
"12676",14258,14259,"Rainfall_mm",2086.265,1,NA
"12677",14260,14261,"Soil_pH",7.15,1,NA
"12678",0,0,NA,0,-1,"Medium"
"12679",14262,14263,"Soil_Moisture",60.695,1,NA
"12680",0,0,NA,0,-1,"High"
"12681",0,0,NA,0,-1,"Medium"
"12682",0,0,NA,0,-1,"High"
"12683",0,0,NA,0,-1,"Medium"
"12684",14264,14265,"Soil_Moisture",16.62,1,NA
"12685",0,0,NA,0,-1,"High"
"12686",0,0,NA,0,-1,"Low"
"12687",14266,14267,"Rainfall_mm",710.36,1,NA
"12688",0,0,NA,0,-1,"High"
"12689",0,0,NA,0,-1,"Medium"
"12690",0,0,NA,0,-1,"High"
"12691",0,0,NA,0,-1,"Medium"
"12692",0,0,NA,0,-1,"Medium"
"12693",0,0,NA,0,-1,"Low"
"12694",14268,14269,"Crop_Type",10,1,NA
"12695",14270,14271,"Previous_Irrigation_mm",9.85,1,NA
"12696",14272,14273,"Electrical_Conductivity",2.315,1,NA
"12697",14274,14275,"Wind_Speed_kmh",0.625,1,NA
"12698",14276,14277,"Temperature_C",14.775,1,NA
"12699",14278,14279,"Region",15,1,NA
"12700",0,0,NA,0,-1,"Low"
"12701",0,0,NA,0,-1,"Medium"
"12702",0,0,NA,0,-1,"Low"
"12703",0,0,NA,0,-1,"Medium"
"12704",0,0,NA,0,-1,"Low"
"12705",0,0,NA,0,-1,"Medium"
"12706",14280,14281,"Previous_Irrigation_mm",33.955,1,NA
"12707",0,0,NA,0,-1,"Low"
"12708",14282,14283,"Soil_pH",6.11,1,NA
"12709",0,0,NA,0,-1,"Low"
"12710",0,0,NA,0,-1,"Medium"
"12711",0,0,NA,0,-1,"Low"
"12712",0,0,NA,0,-1,"Medium"
"12713",0,0,NA,0,-1,"Low"
"12714",14284,14285,"Previous_Irrigation_mm",21.03,1,NA
"12715",0,0,NA,0,-1,"Low"
"12716",0,0,NA,0,-1,"Low"
"12717",14286,14287,"Soil_pH",7.345,1,NA
"12718",0,0,NA,0,-1,"Medium"
"12719",0,0,NA,0,-1,"Low"
"12720",14288,14289,"Soil_Type",6,1,NA
"12721",0,0,NA,0,-1,"Low"
"12722",14290,14291,"Soil_Type",6,1,NA
"12723",0,0,NA,0,-1,"Low"
"12724",14292,14293,"Electrical_Conductivity",2.215,1,NA
"12725",14294,14295,"Field_Area_hectare",12.265,1,NA
"12726",0,0,NA,0,-1,"Medium"
"12727",0,0,NA,0,-1,"Low"
"12728",14296,14297,"Soil_Moisture",25.165,1,NA
"12729",14298,14299,"Humidity",88.88,1,NA
"12730",14300,14301,"Soil_Moisture",24.47,1,NA
"12731",14302,14303,"Soil_Moisture",26.15,1,NA
"12732",14304,14305,"Wind_Speed_kmh",3.505,1,NA
"12733",14306,14307,"Soil_pH",5.105,1,NA
"12734",0,0,NA,0,-1,"Medium"
"12735",0,0,NA,0,-1,"Low"
"12736",0,0,NA,0,-1,"Medium"
"12737",0,0,NA,0,-1,"Low"
"12738",14308,14309,"Previous_Irrigation_mm",109.785,1,NA
"12739",14310,14311,"Field_Area_hectare",7.17,1,NA
"12740",0,0,NA,0,-1,"Medium"
"12741",0,0,NA,0,-1,"Low"
"12742",0,0,NA,0,-1,"Medium"
"12743",14312,14313,"Region",2,1,NA
"12744",14314,14315,"Sunlight_Hours",4.545,1,NA
"12745",14316,14317,"Crop_Growth_Stage",1,1,NA
"12746",0,0,NA,0,-1,"Medium"
"12747",0,0,NA,0,-1,"Low"
"12748",14318,14319,"Sunlight_Hours",10.935,1,NA
"12749",14320,14321,"Organic_Carbon",1.365,1,NA
"12750",14322,14323,"Wind_Speed_kmh",6.685,1,NA
"12751",14324,14325,"Soil_Moisture",24.41,1,NA
"12752",0,0,NA,0,-1,"Medium"
"12753",14326,14327,"Soil_pH",6.365,1,NA
"12754",14328,14329,"Soil_Moisture",23.655,1,NA
"12755",14330,14331,"Irrigation_Type",1,1,NA
"12756",14332,14333,"Water_Source",1,1,NA
"12757",0,0,NA,0,-1,"Low"
"12758",14334,14335,"Electrical_Conductivity",1.87,1,NA
"12759",0,0,NA,0,-1,"Low"
"12760",14336,14337,"Crop_Type",4,1,NA
"12761",0,0,NA,0,-1,"Low"
"12762",0,0,NA,0,-1,"Low"
"12763",14338,14339,"Season",2,1,NA
"12764",0,0,NA,0,-1,"Medium"
"12765",0,0,NA,0,-1,"Low"
"12766",14340,14341,"Season",1,1,NA
"12767",0,0,NA,0,-1,"Low"
"12768",14342,14343,"Organic_Carbon",0.915,1,NA
"12769",0,0,NA,0,-1,"Medium"
"12770",0,0,NA,0,-1,"Medium"
"12771",0,0,NA,0,-1,"High"
"12772",0,0,NA,0,-1,"Low"
"12773",14344,14345,"Humidity",60.59,1,NA
"12774",0,0,NA,0,-1,"Medium"
"12775",14346,14347,"Temperature_C",31.435,1,NA
"12776",14348,14349,"Crop_Type",1,1,NA
"12777",0,0,NA,0,-1,"Low"
"12778",0,0,NA,0,-1,"Low"
"12779",14350,14351,"Soil_pH",6.18,1,NA
"12780",0,0,NA,0,-1,"Medium"
"12781",0,0,NA,0,-1,"Low"
"12782",0,0,NA,0,-1,"Medium"
"12783",0,0,NA,0,-1,"Low"
"12784",0,0,NA,0,-1,"Low"
"12785",0,0,NA,0,-1,"Medium"
"12786",0,0,NA,0,-1,"Medium"
"12787",0,0,NA,0,-1,"Low"
"12788",0,0,NA,0,-1,"Low"
"12789",14352,14353,"Temperature_C",31.825,1,NA
"12790",14354,14355,"Soil_Moisture",62.235,1,NA
"12791",0,0,NA,0,-1,"Medium"
"12792",0,0,NA,0,-1,"Low"
"12793",0,0,NA,0,-1,"Medium"
"12794",0,0,NA,0,-1,"Low"
"12795",14356,14357,"Rainfall_mm",667.825,1,NA
"12796",14358,14359,"Soil_Moisture",27.12,1,NA
"12797",0,0,NA,0,-1,"Low"
"12798",0,0,NA,0,-1,"Low"
"12799",0,0,NA,0,-1,"Medium"
"12800",0,0,NA,0,-1,"Low"
"12801",0,0,NA,0,-1,"Medium"
"12802",0,0,NA,0,-1,"Medium"
"12803",0,0,NA,0,-1,"Low"
"12804",14360,14361,"Field_Area_hectare",14.67,1,NA
"12805",14362,14363,"Sunlight_Hours",6.38,1,NA
"12806",14364,14365,"Soil_Moisture",45.665,1,NA
"12807",0,0,NA,0,-1,"Low"
"12808",0,0,NA,0,-1,"Medium"
"12809",0,0,NA,0,-1,"Low"
"12810",14366,14367,"Electrical_Conductivity",0.56,1,NA
"12811",14368,14369,"Rainfall_mm",1225.035,1,NA
"12812",14370,14371,"Humidity",48.295,1,NA
"12813",0,0,NA,0,-1,"Low"
"12814",0,0,NA,0,-1,"Medium"
"12815",0,0,NA,0,-1,"Low"
"12816",14372,14373,"Sunlight_Hours",5.91,1,NA
"12817",14374,14375,"Previous_Irrigation_mm",43.885,1,NA
"12818",0,0,NA,0,-1,"Low"
"12819",14376,14377,"Electrical_Conductivity",0.395,1,NA
"12820",0,0,NA,0,-1,"Medium"
"12821",0,0,NA,0,-1,"Low"
"12822",14378,14379,"Soil_Moisture",37.535,1,NA
"12823",0,0,NA,0,-1,"Medium"
"12824",0,0,NA,0,-1,"Medium"
"12825",0,0,NA,0,-1,"Low"
"12826",14380,14381,"Region",4,1,NA
"12827",14382,14383,"Soil_Type",2,1,NA
"12828",14384,14385,"Temperature_C",30.405,1,NA
"12829",0,0,NA,0,-1,"Low"
"12830",0,0,NA,0,-1,"Low"
"12831",14386,14387,"Crop_Growth_Stage",1,1,NA
"12832",0,0,NA,0,-1,"Medium"
"12833",0,0,NA,0,-1,"Low"
"12834",14388,14389,"Field_Area_hectare",2.795,1,NA
"12835",0,0,NA,0,-1,"Medium"
"12836",0,0,NA,0,-1,"Medium"
"12837",14390,14391,"Humidity",80.445,1,NA
"12838",14392,14393,"Sunlight_Hours",7.845,1,NA
"12839",14394,14395,"Rainfall_mm",2142.315,1,NA
"12840",14396,14397,"Previous_Irrigation_mm",102.28,1,NA
"12841",14398,14399,"Soil_Type",4,1,NA
"12842",14400,14401,"Region",3,1,NA
"12843",14402,14403,"Soil_pH",7.65,1,NA
"12844",0,0,NA,0,-1,"Medium"
"12845",0,0,NA,0,-1,"Low"
"12846",0,0,NA,0,-1,"Low"
"12847",0,0,NA,0,-1,"Medium"
"12848",0,0,NA,0,-1,"Medium"
"12849",0,0,NA,0,-1,"Low"
"12850",14404,14405,"Rainfall_mm",2467.355,1,NA
"12851",14406,14407,"Temperature_C",32.735,1,NA
"12852",14408,14409,"Crop_Type",17,1,NA
"12853",14410,14411,"Rainfall_mm",851.815,1,NA
"12854",0,0,NA,0,-1,"Low"
"12855",0,0,NA,0,-1,"Medium"
"12856",0,0,NA,0,-1,"Medium"
"12857",14412,14413,"Humidity",65.38,1,NA
"12858",0,0,NA,0,-1,"Low"
"12859",0,0,NA,0,-1,"Medium"
"12860",14414,14415,"Humidity",66.265,1,NA
"12861",14416,14417,"Previous_Irrigation_mm",33.395,1,NA
"12862",14418,14419,"Soil_Type",7,1,NA
"12863",0,0,NA,0,-1,"Low"
"12864",0,0,NA,0,-1,"Low"
"12865",0,0,NA,0,-1,"Medium"
"12866",14420,14421,"Soil_Moisture",63.345,1,NA
"12867",14422,14423,"Soil_pH",7.355,1,NA
"12868",0,0,NA,0,-1,"Low"
"12869",14424,14425,"Crop_Type",8,1,NA
"12870",14426,14427,"Previous_Irrigation_mm",118.45,1,NA
"12871",14428,14429,"Rainfall_mm",509.645,1,NA
"12872",0,0,NA,0,-1,"Medium"
"12873",14430,14431,"Previous_Irrigation_mm",100.915,1,NA
"12874",0,0,NA,0,-1,"Medium"
"12875",14432,14433,"Temperature_C",35.335,1,NA
"12876",14434,14435,"Soil_pH",7.475,1,NA
"12877",14436,14437,"Season",2,1,NA
"12878",14438,14439,"Temperature_C",36.06,1,NA
"12879",0,0,NA,0,-1,"Low"
"12880",0,0,NA,0,-1,"Medium"
"12881",0,0,NA,0,-1,"Low"
"12882",14440,14441,"Sunlight_Hours",6.87,1,NA
"12883",14442,14443,"Rainfall_mm",583.305,1,NA
"12884",0,0,NA,0,-1,"Low"
"12885",0,0,NA,0,-1,"Medium"
"12886",0,0,NA,0,-1,"Low"
"12887",0,0,NA,0,-1,"Medium"
"12888",14444,14445,"Sunlight_Hours",10.66,1,NA
"12889",14446,14447,"Soil_Moisture",64.755,1,NA
"12890",0,0,NA,0,-1,"Low"
"12891",0,0,NA,0,-1,"Medium"
"12892",0,0,NA,0,-1,"Medium"
"12893",0,0,NA,0,-1,"Low"
"12894",0,0,NA,0,-1,"Medium"
"12895",0,0,NA,0,-1,"Low"
"12896",14448,14449,"Soil_Moisture",62.915,1,NA
"12897",14450,14451,"Sunlight_Hours",9.025,1,NA
"12898",14452,14453,"Rainfall_mm",1532.08,1,NA
"12899",14454,14455,"Rainfall_mm",2432.115,1,NA
"12900",0,0,NA,0,-1,"Low"
"12901",14456,14457,"Field_Area_hectare",13.3,1,NA
"12902",14458,14459,"Temperature_C",36.525,1,NA
"12903",0,0,NA,0,-1,"Low"
"12904",0,0,NA,0,-1,"Medium"
"12905",0,0,NA,0,-1,"High"
"12906",0,0,NA,0,-1,"Medium"
"12907",0,0,NA,0,-1,"High"
"12908",14460,14461,"Rainfall_mm",174.64,1,NA
"12909",0,0,NA,0,-1,"High"
"12910",0,0,NA,0,-1,"High"
"12911",0,0,NA,0,-1,"Medium"
"12912",14462,14463,"Field_Area_hectare",4.075,1,NA
"12913",0,0,NA,0,-1,"High"
"12914",0,0,NA,0,-1,"Medium"
"12915",0,0,NA,0,-1,"High"
"12916",14464,14465,"Temperature_C",32.085,1,NA
"12917",0,0,NA,0,-1,"Medium"
"12918",0,0,NA,0,-1,"Medium"
"12919",14466,14467,"Previous_Irrigation_mm",14.025,1,NA
"12920",0,0,NA,0,-1,"High"
"12921",0,0,NA,0,-1,"Medium"
"12922",14468,14469,"Field_Area_hectare",3.99,1,NA
"12923",0,0,NA,0,-1,"Low"
"12924",14470,14471,"Crop_Type",1,1,NA
"12925",0,0,NA,0,-1,"Low"
"12926",14472,14473,"Electrical_Conductivity",0.445,1,NA
"12927",0,0,NA,0,-1,"Low"
"12928",0,0,NA,0,-1,"Low"
"12929",0,0,NA,0,-1,"Medium"
"12930",0,0,NA,0,-1,"Low"
"12931",0,0,NA,0,-1,"Medium"
"12932",14474,14475,"Soil_Moisture",55.05,1,NA
"12933",14476,14477,"Irrigation_Type",5,1,NA
"12934",0,0,NA,0,-1,"Low"
"12935",14478,14479,"Irrigation_Type",6,1,NA
"12936",14480,14481,"Soil_pH",4.915,1,NA
"12937",14482,14483,"Wind_Speed_kmh",15.135,1,NA
"12938",0,0,NA,0,-1,"Medium"
"12939",0,0,NA,0,-1,"Low"
"12940",0,0,NA,0,-1,"Low"
"12941",0,0,NA,0,-1,"Medium"
"12942",0,0,NA,0,-1,"Medium"
"12943",0,0,NA,0,-1,"Low"
"12944",14484,14485,"Field_Area_hectare",9.48,1,NA
"12945",0,0,NA,0,-1,"Low"
"12946",14486,14487,"Temperature_C",23.885,1,NA
"12947",14488,14489,"Sunlight_Hours",10.61,1,NA
"12948",0,0,NA,0,-1,"Medium"
"12949",0,0,NA,0,-1,"Low"
"12950",14490,14491,"Sunlight_Hours",4.525,1,NA
"12951",0,0,NA,0,-1,"Medium"
"12952",0,0,NA,0,-1,"Low"
"12953",0,0,NA,0,-1,"Medium"
"12954",0,0,NA,0,-1,"Medium"
"12955",14492,14493,"Rainfall_mm",830.01,1,NA
"12956",0,0,NA,0,-1,"Medium"
"12957",0,0,NA,0,-1,"Low"
"12958",0,0,NA,0,-1,"Low"
"12959",0,0,NA,0,-1,"Medium"
"12960",14494,14495,"Wind_Speed_kmh",14.16,1,NA
"12961",0,0,NA,0,-1,"Medium"
"12962",0,0,NA,0,-1,"Medium"
"12963",0,0,NA,0,-1,"Low"
"12964",14496,14497,"Sunlight_Hours",7.085,1,NA
"12965",0,0,NA,0,-1,"Low"
"12966",14498,14499,"Crop_Type",22,1,NA
"12967",14500,14501,"Temperature_C",26.84,1,NA
"12968",14502,14503,"Irrigation_Type",5,1,NA
"12969",14504,14505,"Humidity",39.23,1,NA
"12970",0,0,NA,0,-1,"Low"
"12971",0,0,NA,0,-1,"Medium"
"12972",0,0,NA,0,-1,"Low"
"12973",0,0,NA,0,-1,"Medium"
"12974",14506,14507,"Wind_Speed_kmh",11.265,1,NA
"12975",0,0,NA,0,-1,"Low"
"12976",0,0,NA,0,-1,"Low"
"12977",0,0,NA,0,-1,"Medium"
"12978",0,0,NA,0,-1,"Medium"
"12979",14508,14509,"Wind_Speed_kmh",12.835,1,NA
"12980",14510,14511,"Crop_Type",2,1,NA
"12981",14512,14513,"Electrical_Conductivity",3.085,1,NA
"12982",14514,14515,"Field_Area_hectare",1.31,1,NA
"12983",14516,14517,"Previous_Irrigation_mm",102.89,1,NA
"12984",14518,14519,"Region",4,1,NA
"12985",0,0,NA,0,-1,"Low"
"12986",0,0,NA,0,-1,"Low"
"12987",14520,14521,"Wind_Speed_kmh",15.475,1,NA
"12988",14522,14523,"Crop_Growth_Stage",1,1,NA
"12989",14524,14525,"Soil_pH",5.545,1,NA
"12990",14526,14527,"Soil_pH",6.79,1,NA
"12991",14528,14529,"Crop_Type",1,1,NA
"12992",0,0,NA,0,-1,"Medium"
"12993",0,0,NA,0,-1,"Low"
"12994",14530,14531,"Humidity",83.145,1,NA
"12995",14532,14533,"Electrical_Conductivity",1.395,1,NA
"12996",0,0,NA,0,-1,"Medium"
"12997",14534,14535,"Previous_Irrigation_mm",85.85,1,NA
"12998",14536,14537,"Soil_Moisture",27.235,1,NA
"12999",0,0,NA,0,-1,"Medium"
"13000",14538,14539,"Wind_Speed_kmh",15.475,1,NA
"13001",0,0,NA,0,-1,"Medium"
"13002",14540,14541,"Irrigation_Type",6,1,NA
"13003",14542,14543,"Soil_Moisture",25.095,1,NA
"13004",14544,14545,"Irrigation_Type",7,1,NA
"13005",14546,14547,"Crop_Type",8,1,NA
"13006",0,0,NA,0,-1,"Medium"
"13007",14548,14549,"Electrical_Conductivity",1.86,1,NA
"13008",0,0,NA,0,-1,"Low"
"13009",14550,14551,"Organic_Carbon",1.185,1,NA
"13010",0,0,NA,0,-1,"Medium"
"13011",14552,14553,"Rainfall_mm",2461.27,1,NA
"13012",14554,14555,"Field_Area_hectare",13.035,1,NA
"13013",14556,14557,"Soil_Moisture",25.995,1,NA
"13014",14558,14559,"Soil_pH",5.645,1,NA
"13015",14560,14561,"Temperature_C",26.545,1,NA
"13016",14562,14563,"Field_Area_hectare",0.515,1,NA
"13017",14564,14565,"Field_Area_hectare",0.74,1,NA
"13018",0,0,NA,0,-1,"Low"
"13019",0,0,NA,0,-1,"Medium"
"13020",0,0,NA,0,-1,"Medium"
"13021",14566,14567,"Organic_Carbon",0.97,1,NA
"13022",14568,14569,"Irrigation_Type",2,1,NA
"13023",14570,14571,"Organic_Carbon",0.535,1,NA
"13024",14572,14573,"Temperature_C",15.25,1,NA
"13025",0,0,NA,0,-1,"Low"
"13026",0,0,NA,0,-1,"Medium"
"13027",0,0,NA,0,-1,"Low"
"13028",0,0,NA,0,-1,"Medium"
"13029",14574,14575,"Crop_Growth_Stage",1,1,NA
"13030",14576,14577,"Soil_Moisture",34.055,1,NA
"13031",14578,14579,"Sunlight_Hours",9.45,1,NA
"13032",14580,14581,"Irrigation_Type",2,1,NA
"13033",14582,14583,"Soil_pH",6.335,1,NA
"13034",14584,14585,"Previous_Irrigation_mm",115.95,1,NA
"13035",14586,14587,"Wind_Speed_kmh",18.105,1,NA
"13036",0,0,NA,0,-1,"Medium"
"13037",14588,14589,"Irrigation_Type",4,1,NA
"13038",14590,14591,"Rainfall_mm",622.65,1,NA
"13039",0,0,NA,0,-1,"Low"
"13040",0,0,NA,0,-1,"Low"
"13041",14592,14593,"Electrical_Conductivity",1.265,1,NA
"13042",0,0,NA,0,-1,"Medium"
"13043",0,0,NA,0,-1,"Low"
"13044",0,0,NA,0,-1,"Medium"
"13045",14594,14595,"Wind_Speed_kmh",16.345,1,NA
"13046",14596,14597,"Temperature_C",41.025,1,NA
"13047",14598,14599,"Temperature_C",35.76,1,NA
"13048",14600,14601,"Wind_Speed_kmh",17.96,1,NA
"13049",0,0,NA,0,-1,"Medium"
"13050",0,0,NA,0,-1,"Medium"
"13051",14602,14603,"Soil_Type",3,1,NA
"13052",14604,14605,"Region",1,1,NA
"13053",14606,14607,"Rainfall_mm",1353.41,1,NA
"13054",0,0,NA,0,-1,"High"
"13055",0,0,NA,0,-1,"Medium"
"13056",0,0,NA,0,-1,"High"
"13057",0,0,NA,0,-1,"Medium"
"13058",14608,14609,"Irrigation_Type",4,1,NA
"13059",0,0,NA,0,-1,"Medium"
"13060",14610,14611,"Region",13,1,NA
"13061",0,0,NA,0,-1,"High"
"13062",14612,14613,"Field_Area_hectare",7.39,1,NA
"13063",14614,14615,"Season",3,1,NA
"13064",0,0,NA,0,-1,"High"
"13065",0,0,NA,0,-1,"Medium"
"13066",14616,14617,"Organic_Carbon",0.545,1,NA
"13067",0,0,NA,0,-1,"Medium"
"13068",14618,14619,"Humidity",84.89,1,NA
"13069",14620,14621,"Humidity",59.05,1,NA
"13070",0,0,NA,0,-1,"Medium"
"13071",0,0,NA,0,-1,"High"
"13072",14622,14623,"Rainfall_mm",2443.385,1,NA
"13073",14624,14625,"Wind_Speed_kmh",19.72,1,NA
"13074",14626,14627,"Soil_Moisture",17.8,1,NA
"13075",0,0,NA,0,-1,"Medium"
"13076",0,0,NA,0,-1,"High"
"13077",0,0,NA,0,-1,"Medium"
"13078",14628,14629,"Field_Area_hectare",6.62,1,NA
"13079",14630,14631,"Previous_Irrigation_mm",26.215,1,NA
"13080",0,0,NA,0,-1,"Medium"
"13081",0,0,NA,0,-1,"High"
"13082",14632,14633,"Wind_Speed_kmh",19.925,1,NA
"13083",14634,14635,"Soil_pH",5.9,1,NA
"13084",0,0,NA,0,-1,"High"
"13085",14636,14637,"Field_Area_hectare",9.09,1,NA
"13086",14638,14639,"Field_Area_hectare",6.27,1,NA
"13087",0,0,NA,0,-1,"Medium"
"13088",14640,14641,"Soil_Moisture",12.34,1,NA
"13089",0,0,NA,0,-1,"Medium"
"13090",0,0,NA,0,-1,"High"
"13091",0,0,NA,0,-1,"Medium"
"13092",0,0,NA,0,-1,"Medium"
"13093",14642,14643,"Sunlight_Hours",7.175,1,NA
"13094",14644,14645,"Soil_Moisture",24.77,1,NA
"13095",14646,14647,"Irrigation_Type",5,1,NA
"13096",14648,14649,"Region",13,1,NA
"13097",14650,14651,"Crop_Type",4,1,NA
"13098",14652,14653,"Sunlight_Hours",5.37,1,NA
"13099",14654,14655,"Sunlight_Hours",4.64,1,NA
"13100",14656,14657,"Humidity",50.695,1,NA
"13101",14658,14659,"Organic_Carbon",0.745,1,NA
"13102",0,0,NA,0,-1,"Low"
"13103",0,0,NA,0,-1,"Medium"
"13104",0,0,NA,0,-1,"Medium"
"13105",0,0,NA,0,-1,"Low"
"13106",0,0,NA,0,-1,"Low"
"13107",0,0,NA,0,-1,"Medium"
"13108",14660,14661,"Previous_Irrigation_mm",10.695,1,NA
"13109",0,0,NA,0,-1,"Low"
"13110",14662,14663,"Sunlight_Hours",6.075,1,NA
"13111",0,0,NA,0,-1,"Medium"
"13112",14664,14665,"Field_Area_hectare",3.125,1,NA
"13113",14666,14667,"Electrical_Conductivity",0.485,1,NA
"13114",14668,14669,"Soil_Type",3,1,NA
"13115",14670,14671,"Region",2,1,NA
"13116",14672,14673,"Sunlight_Hours",6.205,1,NA
"13117",14674,14675,"Irrigation_Type",6,1,NA
"13118",14676,14677,"Previous_Irrigation_mm",109.145,1,NA
"13119",14678,14679,"Crop_Type",22,1,NA
"13120",0,0,NA,0,-1,"Low"
"13121",14680,14681,"Water_Source",7,1,NA
"13122",0,0,NA,0,-1,"Low"
"13123",0,0,NA,0,-1,"Medium"
"13124",14682,14683,"Region",8,1,NA
"13125",0,0,NA,0,-1,"Medium"
"13126",0,0,NA,0,-1,"Low"
"13127",0,0,NA,0,-1,"Medium"
"13128",14684,14685,"Soil_pH",5.245,1,NA
"13129",14686,14687,"Field_Area_hectare",13.52,1,NA
"13130",14688,14689,"Organic_Carbon",1.43,1,NA
"13131",14690,14691,"Humidity",71.88,1,NA
"13132",14692,14693,"Soil_pH",6.15,1,NA
"13133",0,0,NA,0,-1,"Medium"
"13134",0,0,NA,0,-1,"Medium"
"13135",0,0,NA,0,-1,"Low"
"13136",0,0,NA,0,-1,"Medium"
"13137",14694,14695,"Wind_Speed_kmh",15.575,1,NA
"13138",14696,14697,"Field_Area_hectare",12.895,1,NA
"13139",0,0,NA,0,-1,"Medium"
"13140",0,0,NA,0,-1,"Medium"
"13141",0,0,NA,0,-1,"Low"
"13142",14698,14699,"Previous_Irrigation_mm",9.38,1,NA
"13143",14700,14701,"Electrical_Conductivity",1.615,1,NA
"13144",0,0,NA,0,-1,"Medium"
"13145",0,0,NA,0,-1,"Low"
"13146",14702,14703,"Organic_Carbon",1.485,1,NA
"13147",14704,14705,"Temperature_C",30.7,1,NA
"13148",14706,14707,"Irrigation_Type",3,1,NA
"13149",14708,14709,"Crop_Type",31,1,NA
"13150",0,0,NA,0,-1,"Medium"
"13151",14710,14711,"Temperature_C",36.685,1,NA
"13152",0,0,NA,0,-1,"Medium"
"13153",0,0,NA,0,-1,"Low"
"13154",0,0,NA,0,-1,"Low"
"13155",0,0,NA,0,-1,"Medium"
"13156",0,0,NA,0,-1,"Medium"
"13157",14712,14713,"Rainfall_mm",578.82,1,NA
"13158",0,0,NA,0,-1,"Low"
"13159",14714,14715,"Wind_Speed_kmh",14.41,1,NA
"13160",14716,14717,"Previous_Irrigation_mm",96.665,1,NA
"13161",0,0,NA,0,-1,"Low"
"13162",14718,14719,"Soil_pH",5.565,1,NA
"13163",0,0,NA,0,-1,"Low"
"13164",14720,14721,"Humidity",92.84,1,NA
"13165",14722,14723,"Humidity",57.63,1,NA
"13166",0,0,NA,0,-1,"Medium"
"13167",0,0,NA,0,-1,"Low"
"13168",0,0,NA,0,-1,"Medium"
"13169",0,0,NA,0,-1,"Low"
"13170",14724,14725,"Soil_Moisture",15.075,1,NA
"13171",0,0,NA,0,-1,"Low"
"13172",14726,14727,"Region",8,1,NA
"13173",14728,14729,"Soil_pH",6.26,1,NA
"13174",14730,14731,"Soil_Type",1,1,NA
"13175",0,0,NA,0,-1,"Low"
"13176",0,0,NA,0,-1,"Low"
"13177",14732,14733,"Soil_pH",7.26,1,NA
"13178",0,0,NA,0,-1,"Medium"
"13179",14734,14735,"Wind_Speed_kmh",3.765,1,NA
"13180",14736,14737,"Temperature_C",27.87,1,NA
"13181",0,0,NA,0,-1,"Low"
"13182",0,0,NA,0,-1,"Low"
"13183",0,0,NA,0,-1,"Medium"
"13184",0,0,NA,0,-1,"Medium"
"13185",0,0,NA,0,-1,"Low"
"13186",14738,14739,"Rainfall_mm",1581.28,1,NA
"13187",14740,14741,"Field_Area_hectare",1.155,1,NA
"13188",0,0,NA,0,-1,"Low"
"13189",14742,14743,"Previous_Irrigation_mm",20.47,1,NA
"13190",0,0,NA,0,-1,"Medium"
"13191",0,0,NA,0,-1,"Low"
"13192",0,0,NA,0,-1,"Low"
"13193",0,0,NA,0,-1,"Medium"
"13194",14744,14745,"Electrical_Conductivity",1.955,1,NA
"13195",0,0,NA,0,-1,"Low"
"13196",14746,14747,"Soil_Moisture",10.455,1,NA
"13197",0,0,NA,0,-1,"Low"
"13198",0,0,NA,0,-1,"Low"
"13199",14748,14749,"Sunlight_Hours",8.395,1,NA
"13200",0,0,NA,0,-1,"Low"
"13201",14750,14751,"Field_Area_hectare",12.13,1,NA
"13202",14752,14753,"Organic_Carbon",0.57,1,NA
"13203",0,0,NA,0,-1,"Low"
"13204",14754,14755,"Field_Area_hectare",14.775,1,NA
"13205",14756,14757,"Wind_Speed_kmh",5.305,1,NA
"13206",14758,14759,"Electrical_Conductivity",1.965,1,NA
"13207",0,0,NA,0,-1,"Low"
"13208",14760,14761,"Sunlight_Hours",10.405,1,NA
"13209",14762,14763,"Humidity",46.075,1,NA
"13210",14764,14765,"Organic_Carbon",1.525,1,NA
"13211",14766,14767,"Region",1,1,NA
"13212",14768,14769,"Field_Area_hectare",0.51,1,NA
"13213",14770,14771,"Crop_Type",25,1,NA
"13214",14772,14773,"Rainfall_mm",865.49,1,NA
"13215",0,0,NA,0,-1,"Low"
"13216",0,0,NA,0,-1,"Low"
"13217",0,0,NA,0,-1,"Medium"
"13218",14774,14775,"Rainfall_mm",1743.815,1,NA
"13219",0,0,NA,0,-1,"Low"
"13220",14776,14777,"Rainfall_mm",2062.71,1,NA
"13221",0,0,NA,0,-1,"Medium"
"13222",14778,14779,"Temperature_C",12.655,1,NA
"13223",14780,14781,"Temperature_C",26.01,1,NA
"13224",0,0,NA,0,-1,"Low"
"13225",14782,14783,"Crop_Type",16,1,NA
"13226",0,0,NA,0,-1,"Low"
"13227",14784,14785,"Rainfall_mm",1452.66,1,NA
"13228",14786,14787,"Soil_pH",7.58,1,NA
"13229",0,0,NA,0,-1,"Low"
"13230",14788,14789,"Wind_Speed_kmh",8.755,1,NA
"13231",0,0,NA,0,-1,"Low"
"13232",14790,14791,"Wind_Speed_kmh",8.6,1,NA
"13233",14792,14793,"Water_Source",3,1,NA
"13234",0,0,NA,0,-1,"Medium"
"13235",0,0,NA,0,-1,"Low"
"13236",0,0,NA,0,-1,"Low"
"13237",0,0,NA,0,-1,"Medium"
"13238",0,0,NA,0,-1,"Medium"
"13239",0,0,NA,0,-1,"Low"
"13240",14794,14795,"Previous_Irrigation_mm",46.18,1,NA
"13241",0,0,NA,0,-1,"Medium"
"13242",0,0,NA,0,-1,"Medium"
"13243",0,0,NA,0,-1,"Low"
"13244",14796,14797,"Soil_Moisture",9,1,NA
"13245",0,0,NA,0,-1,"Medium"
"13246",0,0,NA,0,-1,"Medium"
"13247",0,0,NA,0,-1,"Low"
"13248",14798,14799,"Electrical_Conductivity",0.445,1,NA
"13249",0,0,NA,0,-1,"Medium"
"13250",0,0,NA,0,-1,"Low"
"13251",0,0,NA,0,-1,"Medium"
"13252",14800,14801,"Field_Area_hectare",4.305,1,NA
"13253",0,0,NA,0,-1,"Medium"
"13254",14802,14803,"Field_Area_hectare",7.155,1,NA
"13255",0,0,NA,0,-1,"Low"
"13256",0,0,NA,0,-1,"Medium"
"13257",14804,14805,"Soil_pH",6.8,1,NA
"13258",0,0,NA,0,-1,"Medium"
"13259",14806,14807,"Organic_Carbon",0.815,1,NA
"13260",0,0,NA,0,-1,"Low"
"13261",0,0,NA,0,-1,"Medium"
"13262",0,0,NA,0,-1,"Low"
"13263",0,0,NA,0,-1,"Medium"
"13264",14808,14809,"Previous_Irrigation_mm",15.72,1,NA
"13265",14810,14811,"Irrigation_Type",6,1,NA
"13266",14812,14813,"Crop_Growth_Stage",2,1,NA
"13267",14814,14815,"Soil_Moisture",18.285,1,NA
"13268",14816,14817,"Sunlight_Hours",6.635,1,NA
"13269",0,0,NA,0,-1,"Medium"
"13270",14818,14819,"Wind_Speed_kmh",6.64,1,NA
"13271",0,0,NA,0,-1,"Medium"
"13272",0,0,NA,0,-1,"Medium"
"13273",0,0,NA,0,-1,"Low"
"13274",0,0,NA,0,-1,"Low"
"13275",0,0,NA,0,-1,"Medium"
"13276",0,0,NA,0,-1,"Medium"
"13277",14820,14821,"Previous_Irrigation_mm",34.98,1,NA
"13278",0,0,NA,0,-1,"Medium"
"13279",0,0,NA,0,-1,"Low"
"13280",0,0,NA,0,-1,"High"
"13281",0,0,NA,0,-1,"Medium"
"13282",0,0,NA,0,-1,"Low"
"13283",0,0,NA,0,-1,"Medium"
"13284",0,0,NA,0,-1,"Medium"
"13285",0,0,NA,0,-1,"Low"
"13286",0,0,NA,0,-1,"Low"
"13287",0,0,NA,0,-1,"Medium"
"13288",0,0,NA,0,-1,"Medium"
"13289",0,0,NA,0,-1,"Low"
"13290",0,0,NA,0,-1,"Low"
"13291",0,0,NA,0,-1,"Medium"
"13292",0,0,NA,0,-1,"Low"
"13293",0,0,NA,0,-1,"Medium"
"13294",0,0,NA,0,-1,"Low"
"13295",0,0,NA,0,-1,"Medium"
"13296",0,0,NA,0,-1,"Medium"
"13297",0,0,NA,0,-1,"Low"
"13298",14822,14823,"Rainfall_mm",720.5,1,NA
"13299",0,0,NA,0,-1,"Low"
"13300",14824,14825,"Irrigation_Type",7,1,NA
"13301",0,0,NA,0,-1,"Low"
"13302",0,0,NA,0,-1,"Low"
"13303",0,0,NA,0,-1,"Medium"
"13304",0,0,NA,0,-1,"Low"
"13305",14826,14827,"Previous_Irrigation_mm",33.57,1,NA
"13306",14828,14829,"Rainfall_mm",1038.74,1,NA
"13307",14830,14831,"Field_Area_hectare",5.895,1,NA
"13308",14832,14833,"Electrical_Conductivity",2.05,1,NA
"13309",14834,14835,"Soil_Moisture",17.735,1,NA
"13310",14836,14837,"Previous_Irrigation_mm",99.215,1,NA
"13311",14838,14839,"Temperature_C",37.465,1,NA
"13312",14840,14841,"Field_Area_hectare",5.925,1,NA
"13313",14842,14843,"Field_Area_hectare",8.605,1,NA
"13314",14844,14845,"Wind_Speed_kmh",2.615,1,NA
"13315",14846,14847,"Field_Area_hectare",9.61,1,NA
"13316",0,0,NA,0,-1,"Medium"
"13317",0,0,NA,0,-1,"Low"
"13318",0,0,NA,0,-1,"Low"
"13319",0,0,NA,0,-1,"Medium"
"13320",14848,14849,"Electrical_Conductivity",0.35,1,NA
"13321",0,0,NA,0,-1,"Low"
"13322",0,0,NA,0,-1,"Medium"
"13323",14850,14851,"Electrical_Conductivity",0.645,1,NA
"13324",14852,14853,"Soil_pH",6.91,1,NA
"13325",0,0,NA,0,-1,"Low"
"13326",14854,14855,"Soil_pH",6.855,1,NA
"13327",0,0,NA,0,-1,"Low"
"13328",14856,14857,"Sunlight_Hours",4.42,1,NA
"13329",14858,14859,"Soil_Moisture",21.95,1,NA
"13330",14860,14861,"Crop_Growth_Stage",2,1,NA
"13331",0,0,NA,0,-1,"Low"
"13332",14862,14863,"Soil_pH",7.53,1,NA
"13333",0,0,NA,0,-1,"Low"
"13334",0,0,NA,0,-1,"Low"
"13335",14864,14865,"Crop_Type",4,1,NA
"13336",0,0,NA,0,-1,"Low"
"13337",14866,14867,"Soil_pH",7.75,1,NA
"13338",0,0,NA,0,-1,"Medium"
"13339",0,0,NA,0,-1,"Low"
"13340",14868,14869,"Soil_Moisture",29.695,1,NA
"13341",14870,14871,"Electrical_Conductivity",0.145,1,NA
"13342",14872,14873,"Soil_Moisture",56.39,1,NA
"13343",14874,14875,"Wind_Speed_kmh",6.11,1,NA
"13344",0,0,NA,0,-1,"Medium"
"13345",0,0,NA,0,-1,"Low"
"13346",14876,14877,"Region",1,1,NA
"13347",0,0,NA,0,-1,"Low"
"13348",14878,14879,"Rainfall_mm",2447.56,1,NA
"13349",0,0,NA,0,-1,"Medium"
"13350",0,0,NA,0,-1,"Medium"
"13351",0,0,NA,0,-1,"Low"
"13352",14880,14881,"Season",1,1,NA
"13353",0,0,NA,0,-1,"Low"
"13354",14882,14883,"Crop_Type",2,1,NA
"13355",0,0,NA,0,-1,"Low"
"13356",0,0,NA,0,-1,"Low"
"13357",14884,14885,"Organic_Carbon",1.24,1,NA
"13358",0,0,NA,0,-1,"Medium"
"13359",0,0,NA,0,-1,"Low"
"13360",14886,14887,"Wind_Speed_kmh",4.485,1,NA
"13361",0,0,NA,0,-1,"Low"
"13362",14888,14889,"Sunlight_Hours",5.065,1,NA
"13363",14890,14891,"Organic_Carbon",0.6,1,NA
"13364",14892,14893,"Humidity",81.54,1,NA
"13365",14894,14895,"Season",2,1,NA
"13366",14896,14897,"Soil_Moisture",33.735,1,NA
"13367",0,0,NA,0,-1,"Low"
"13368",14898,14899,"Sunlight_Hours",5.255,1,NA
"13369",0,0,NA,0,-1,"Medium"
"13370",14900,14901,"Previous_Irrigation_mm",101.87,1,NA
"13371",14902,14903,"Electrical_Conductivity",2.935,1,NA
"13372",14904,14905,"Rainfall_mm",517.595,1,NA
"13373",14906,14907,"Temperature_C",33.505,1,NA
"13374",14908,14909,"Previous_Irrigation_mm",56.42,1,NA
"13375",14910,14911,"Field_Area_hectare",10.495,1,NA
"13376",0,0,NA,0,-1,"Low"
"13377",14912,14913,"Soil_pH",7.115,1,NA
"13378",14914,14915,"Soil_Moisture",28.71,1,NA
"13379",14916,14917,"Soil_Moisture",25.06,1,NA
"13380",0,0,NA,0,-1,"Low"
"13381",14918,14919,"Crop_Type",16,1,NA
"13382",0,0,NA,0,-1,"Medium"
"13383",14920,14921,"Field_Area_hectare",4.17,1,NA
"13384",0,0,NA,0,-1,"Low"
"13385",14922,14923,"Rainfall_mm",1423.445,1,NA
"13386",0,0,NA,0,-1,"Medium"
"13387",0,0,NA,0,-1,"Low"
"13388",14924,14925,"Soil_Moisture",24.035,1,NA
"13389",14926,14927,"Crop_Type",18,1,NA
"13390",0,0,NA,0,-1,"Low"
"13391",14928,14929,"Organic_Carbon",1.41,1,NA
"13392",0,0,NA,0,-1,"Medium"
"13393",0,0,NA,0,-1,"Low"
"13394",0,0,NA,0,-1,"Medium"
"13395",0,0,NA,0,-1,"Low"
"13396",14930,14931,"Soil_pH",5.715,1,NA
"13397",0,0,NA,0,-1,"Low"
"13398",14932,14933,"Region",5,1,NA
"13399",14934,14935,"Water_Source",1,1,NA
"13400",0,0,NA,0,-1,"Medium"
"13401",0,0,NA,0,-1,"Low"
"13402",14936,14937,"Organic_Carbon",1.425,1,NA
"13403",0,0,NA,0,-1,"Medium"
"13404",0,0,NA,0,-1,"Medium"
"13405",0,0,NA,0,-1,"Low"
"13406",14938,14939,"Sunlight_Hours",9.365,1,NA
"13407",14940,14941,"Previous_Irrigation_mm",54.05,1,NA
"13408",0,0,NA,0,-1,"Medium"
"13409",0,0,NA,0,-1,"Low"
"13410",14942,14943,"Season",1,1,NA
"13411",14944,14945,"Sunlight_Hours",6,1,NA
"13412",0,0,NA,0,-1,"Low"
"13413",0,0,NA,0,-1,"Medium"
"13414",14946,14947,"Region",2,1,NA
"13415",0,0,NA,0,-1,"Medium"
"13416",14948,14949,"Wind_Speed_kmh",18.305,1,NA
"13417",0,0,NA,0,-1,"Low"
"13418",0,0,NA,0,-1,"Medium"
"13419",0,0,NA,0,-1,"Low"
"13420",0,0,NA,0,-1,"Low"
"13421",0,0,NA,0,-1,"Medium"
"13422",0,0,NA,0,-1,"Medium"
"13423",0,0,NA,0,-1,"Low"
"13424",0,0,NA,0,-1,"Low"
"13425",0,0,NA,0,-1,"Medium"
"13426",0,0,NA,0,-1,"Low"
"13427",0,0,NA,0,-1,"Medium"
"13428",14950,14951,"Organic_Carbon",0.365,1,NA
"13429",14952,14953,"Previous_Irrigation_mm",50.24,1,NA
"13430",0,0,NA,0,-1,"Low"
"13431",0,0,NA,0,-1,"Medium"
"13432",0,0,NA,0,-1,"Medium"
"13433",14954,14955,"Organic_Carbon",1.21,1,NA
"13434",14956,14957,"Temperature_C",27.47,1,NA
"13435",0,0,NA,0,-1,"Low"
"13436",14958,14959,"Field_Area_hectare",14.175,1,NA
"13437",14960,14961,"Wind_Speed_kmh",18.08,1,NA
"13438",0,0,NA,0,-1,"Medium"
"13439",14962,14963,"Previous_Irrigation_mm",22.175,1,NA
"13440",14964,14965,"Soil_Moisture",25.125,1,NA
"13441",14966,14967,"Field_Area_hectare",12.095,1,NA
"13442",14968,14969,"Organic_Carbon",0.695,1,NA
"13443",14970,14971,"Field_Area_hectare",0.945,1,NA
"13444",14972,14973,"Sunlight_Hours",4.285,1,NA
"13445",14974,14975,"Crop_Type",7,1,NA
"13446",14976,14977,"Humidity",39.235,1,NA
"13447",0,0,NA,0,-1,"Medium"
"13448",0,0,NA,0,-1,"Low"
"13449",14978,14979,"Soil_Moisture",43.255,1,NA
"13450",14980,14981,"Previous_Irrigation_mm",16.9,1,NA
"13451",14982,14983,"Soil_pH",6.505,1,NA
"13452",14984,14985,"Wind_Speed_kmh",14.225,1,NA
"13453",14986,14987,"Crop_Type",2,1,NA
"13454",0,0,NA,0,-1,"Medium"
"13455",0,0,NA,0,-1,"Low"
"13456",14988,14989,"Previous_Irrigation_mm",67.59,1,NA
"13457",14990,14991,"Sunlight_Hours",7.405,1,NA
"13458",14992,14993,"Sunlight_Hours",10.95,1,NA
"13459",14994,14995,"Rainfall_mm",1844.81,1,NA
"13460",0,0,NA,0,-1,"Medium"
"13461",0,0,NA,0,-1,"Low"
"13462",0,0,NA,0,-1,"Medium"
"13463",14996,14997,"Temperature_C",28.88,1,NA
"13464",14998,14999,"Water_Source",2,1,NA
"13465",15000,15001,"Sunlight_Hours",4.45,1,NA
"13466",15002,15003,"Region",4,1,NA
"13467",15004,15005,"Electrical_Conductivity",3.01,1,NA
"13468",15006,15007,"Electrical_Conductivity",0.235,1,NA
"13469",15008,15009,"Temperature_C",12.535,1,NA
"13470",15010,15011,"Field_Area_hectare",1.385,1,NA
"13471",0,0,NA,0,-1,"Low"
"13472",0,0,NA,0,-1,"Low"
"13473",15012,15013,"Humidity",36.76,1,NA
"13474",15014,15015,"Soil_pH",5.7,1,NA
"13475",0,0,NA,0,-1,"Low"
"13476",15016,15017,"Rainfall_mm",551.245,1,NA
"13477",15018,15019,"Season",1,1,NA
"13478",0,0,NA,0,-1,"Low"
"13479",15020,15021,"Humidity",89.695,1,NA
"13480",15022,15023,"Rainfall_mm",922.3,1,NA
"13481",0,0,NA,0,-1,"Low"
"13482",15024,15025,"Rainfall_mm",923.505,1,NA
"13483",0,0,NA,0,-1,"Low"
"13484",0,0,NA,0,-1,"Medium"
"13485",0,0,NA,0,-1,"Low"
"13486",0,0,NA,0,-1,"Medium"
"13487",0,0,NA,0,-1,"Low"
"13488",15026,15027,"Temperature_C",40.37,1,NA
"13489",0,0,NA,0,-1,"Medium"
"13490",15028,15029,"Temperature_C",30.77,1,NA
"13491",15030,15031,"Temperature_C",36.165,1,NA
"13492",15032,15033,"Crop_Type",15,1,NA
"13493",15034,15035,"Rainfall_mm",754.615,1,NA
"13494",0,0,NA,0,-1,"Medium"
"13495",15036,15037,"Organic_Carbon",1.555,1,NA
"13496",15038,15039,"Rainfall_mm",391.5,1,NA
"13497",15040,15041,"Humidity",76.65,1,NA
"13498",15042,15043,"Previous_Irrigation_mm",39.94,1,NA
"13499",0,0,NA,0,-1,"Low"
"13500",0,0,NA,0,-1,"High"
"13501",15044,15045,"Crop_Type",12,1,NA
"13502",15046,15047,"Electrical_Conductivity",0.325,1,NA
"13503",0,0,NA,0,-1,"Medium"
"13504",0,0,NA,0,-1,"Medium"
"13505",0,0,NA,0,-1,"Low"
"13506",15048,15049,"Season",3,1,NA
"13507",0,0,NA,0,-1,"Medium"
"13508",15050,15051,"Temperature_C",37.83,1,NA
"13509",15052,15053,"Soil_pH",6.39,1,NA
"13510",0,0,NA,0,-1,"Low"
"13511",0,0,NA,0,-1,"Medium"
"13512",0,0,NA,0,-1,"Medium"
"13513",15054,15055,"Organic_Carbon",0.655,1,NA
"13514",15056,15057,"Soil_Moisture",25.32,1,NA
"13515",15058,15059,"Electrical_Conductivity",1.785,1,NA
"13516",15060,15061,"Field_Area_hectare",4.8,1,NA
"13517",15062,15063,"Region",13,1,NA
"13518",0,0,NA,0,-1,"Low"
"13519",0,0,NA,0,-1,"Medium"
"13520",0,0,NA,0,-1,"Low"
"13521",0,0,NA,0,-1,"Medium"
"13522",0,0,NA,0,-1,"Low"
"13523",15064,15065,"Field_Area_hectare",2.405,1,NA
"13524",0,0,NA,0,-1,"Low"
"13525",15066,15067,"Soil_pH",7.32,1,NA
"13526",0,0,NA,0,-1,"Low"
"13527",0,0,NA,0,-1,"Medium"
"13528",15068,15069,"Soil_Moisture",8.175,1,NA
"13529",0,0,NA,0,-1,"Low"
"13530",0,0,NA,0,-1,"Medium"
"13531",0,0,NA,0,-1,"Low"
"13532",15070,15071,"Field_Area_hectare",2.045,1,NA
"13533",0,0,NA,0,-1,"Medium"
"13534",15072,15073,"Region",15,1,NA
"13535",15074,15075,"Temperature_C",38.49,1,NA
"13536",0,0,NA,0,-1,"Low"
"13537",0,0,NA,0,-1,"Medium"
"13538",0,0,NA,0,-1,"Low"
"13539",0,0,NA,0,-1,"Medium"
"13540",0,0,NA,0,-1,"Low"
"13541",0,0,NA,0,-1,"Medium"
"13542",15076,15077,"Previous_Irrigation_mm",18.115,1,NA
"13543",0,0,NA,0,-1,"Medium"
"13544",0,0,NA,0,-1,"Medium"
"13545",15078,15079,"Water_Source",4,1,NA
"13546",0,0,NA,0,-1,"Medium"
"13547",0,0,NA,0,-1,"High"
"13548",15080,15081,"Soil_pH",5.67,1,NA
"13549",15082,15083,"Crop_Type",2,1,NA
"13550",0,0,NA,0,-1,"Medium"
"13551",0,0,NA,0,-1,"High"
"13552",0,0,NA,0,-1,"High"
"13553",0,0,NA,0,-1,"Medium"
"13554",0,0,NA,0,-1,"Medium"
"13555",15084,15085,"Wind_Speed_kmh",11.31,1,NA
"13556",15086,15087,"Soil_pH",7.8,1,NA
"13557",0,0,NA,0,-1,"Medium"
"13558",0,0,NA,0,-1,"Medium"
"13559",15088,15089,"Electrical_Conductivity",1.015,1,NA
"13560",0,0,NA,0,-1,"Medium"
"13561",15090,15091,"Wind_Speed_kmh",18.95,1,NA
"13562",15092,15093,"Field_Area_hectare",7.57,1,NA
"13563",15094,15095,"Wind_Speed_kmh",17.405,1,NA
"13564",0,0,NA,0,-1,"Medium"
"13565",0,0,NA,0,-1,"Low"
"13566",0,0,NA,0,-1,"Low"
"13567",15096,15097,"Electrical_Conductivity",0.78,1,NA
"13568",15098,15099,"Humidity",25.465,1,NA
"13569",15100,15101,"Crop_Type",26,1,NA
"13570",0,0,NA,0,-1,"Medium"
"13571",15102,15103,"Temperature_C",12.455,1,NA
"13572",0,0,NA,0,-1,"Low"
"13573",0,0,NA,0,-1,"Medium"
"13574",0,0,NA,0,-1,"Low"
"13575",0,0,NA,0,-1,"Medium"
"13576",0,0,NA,0,-1,"Medium"
"13577",15104,15105,"Soil_Moisture",18.63,1,NA
"13578",0,0,NA,0,-1,"Low"
"13579",15106,15107,"Organic_Carbon",1.275,1,NA
"13580",15108,15109,"Humidity",44.025,1,NA
"13581",0,0,NA,0,-1,"Low"
"13582",0,0,NA,0,-1,"Low"
"13583",0,0,NA,0,-1,"Medium"
"13584",15110,15111,"Wind_Speed_kmh",19.165,1,NA
"13585",0,0,NA,0,-1,"Medium"
"13586",0,0,NA,0,-1,"Low"
"13587",0,0,NA,0,-1,"Medium"
"13588",15112,15113,"Soil_Moisture",12.89,1,NA
"13589",15114,15115,"Rainfall_mm",564.41,1,NA
"13590",15116,15117,"Electrical_Conductivity",2.61,1,NA
"13591",15118,15119,"Irrigation_Type",2,1,NA
"13592",0,0,NA,0,-1,"Medium"
"13593",15120,15121,"Organic_Carbon",1.09,1,NA
"13594",0,0,NA,0,-1,"Medium"
"13595",0,0,NA,0,-1,"Low"
"13596",0,0,NA,0,-1,"Low"
"13597",0,0,NA,0,-1,"Medium"
"13598",15122,15123,"Organic_Carbon",1.525,1,NA
"13599",15124,15125,"Sunlight_Hours",5.285,1,NA
"13600",0,0,NA,0,-1,"Medium"
"13601",15126,15127,"Organic_Carbon",0.36,1,NA
"13602",0,0,NA,0,-1,"Medium"
"13603",15128,15129,"Mulching_Used",1,1,NA
"13604",15130,15131,"Crop_Type",22,1,NA
"13605",0,0,NA,0,-1,"Medium"
"13606",0,0,NA,0,-1,"Low"
"13607",15132,15133,"Soil_Moisture",24.59,1,NA
"13608",0,0,NA,0,-1,"Medium"
"13609",0,0,NA,0,-1,"Low"
"13610",0,0,NA,0,-1,"Low"
"13611",0,0,NA,0,-1,"Medium"
"13612",15134,15135,"Humidity",44.995,1,NA
"13613",0,0,NA,0,-1,"Low"
"13614",0,0,NA,0,-1,"Medium"
"13615",0,0,NA,0,-1,"Low"
"13616",0,0,NA,0,-1,"Low"
"13617",0,0,NA,0,-1,"Medium"
"13618",0,0,NA,0,-1,"Medium"
"13619",0,0,NA,0,-1,"Low"
"13620",15136,15137,"Electrical_Conductivity",1.625,1,NA
"13621",15138,15139,"Water_Source",1,1,NA
"13622",0,0,NA,0,-1,"Medium"
"13623",0,0,NA,0,-1,"Low"
"13624",0,0,NA,0,-1,"Low"
"13625",0,0,NA,0,-1,"Medium"
"13626",15140,15141,"Crop_Type",31,1,NA
"13627",15142,15143,"Rainfall_mm",2343.41,1,NA
"13628",15144,15145,"Rainfall_mm",1383.69,1,NA
"13629",15146,15147,"Electrical_Conductivity",0.895,1,NA
"13630",15148,15149,"Soil_pH",8.18,1,NA
"13631",15150,15151,"Humidity",34.05,1,NA
"13632",15152,15153,"Electrical_Conductivity",1.55,1,NA
"13633",0,0,NA,0,-1,"Medium"
"13634",0,0,NA,0,-1,"Medium"
"13635",0,0,NA,0,-1,"Low"
"13636",0,0,NA,0,-1,"Medium"
"13637",15154,15155,"Soil_pH",6.08,1,NA
"13638",0,0,NA,0,-1,"Medium"
"13639",15156,15157,"Organic_Carbon",1.075,1,NA
"13640",0,0,NA,0,-1,"Medium"
"13641",0,0,NA,0,-1,"Low"
"13642",15158,15159,"Wind_Speed_kmh",10.785,1,NA
"13643",0,0,NA,0,-1,"Medium"
"13644",0,0,NA,0,-1,"Medium"
"13645",0,0,NA,0,-1,"Low"
"13646",15160,15161,"Irrigation_Type",4,1,NA
"13647",15162,15163,"Field_Area_hectare",3.405,1,NA
"13648",15164,15165,"Mulching_Used",1,1,NA
"13649",15166,15167,"Rainfall_mm",1013.71,1,NA
"13650",0,0,NA,0,-1,"Medium"
"13651",0,0,NA,0,-1,"Low"
"13652",0,0,NA,0,-1,"Low"
"13653",15168,15169,"Previous_Irrigation_mm",82.73,1,NA
"13654",0,0,NA,0,-1,"Medium"
"13655",0,0,NA,0,-1,"Low"
"13656",0,0,NA,0,-1,"Low"
"13657",0,0,NA,0,-1,"Medium"
"13658",15170,15171,"Previous_Irrigation_mm",102.805,1,NA
"13659",15172,15173,"Soil_pH",6.26,1,NA
"13660",15174,15175,"Mulching_Used",1,1,NA
"13661",15176,15177,"Electrical_Conductivity",2.955,1,NA
"13662",0,0,NA,0,-1,"Medium"
"13663",0,0,NA,0,-1,"Low"
"13664",15178,15179,"Humidity",70.56,1,NA
"13665",0,0,NA,0,-1,"Medium"
"13666",0,0,NA,0,-1,"Low"
"13667",0,0,NA,0,-1,"Medium"
"13668",15180,15181,"Wind_Speed_kmh",15.76,1,NA
"13669",15182,15183,"Soil_Moisture",9.465,1,NA
"13670",0,0,NA,0,-1,"Low"
"13671",15184,15185,"Soil_Moisture",11.255,1,NA
"13672",15186,15187,"Mulching_Used",1,1,NA
"13673",15188,15189,"Wind_Speed_kmh",19.795,1,NA
"13674",15190,15191,"Soil_Moisture",13.015,1,NA
"13675",15192,15193,"Mulching_Used",1,1,NA
"13676",15194,15195,"Soil_Moisture",12.26,1,NA
"13677",0,0,NA,0,-1,"Medium"
"13678",0,0,NA,0,-1,"Medium"
"13679",15196,15197,"Temperature_C",25.465,1,NA
"13680",0,0,NA,0,-1,"Medium"
"13681",15198,15199,"Temperature_C",18.96,1,NA
"13682",0,0,NA,0,-1,"Low"
"13683",0,0,NA,0,-1,"Medium"
"13684",15200,15201,"Temperature_C",23.285,1,NA
"13685",15202,15203,"Field_Area_hectare",7.12,1,NA
"13686",15204,15205,"Mulching_Used",1,1,NA
"13687",15206,15207,"Organic_Carbon",0.505,1,NA
"13688",15208,15209,"Rainfall_mm",1344.58,1,NA
"13689",0,0,NA,0,-1,"Medium"
"13690",15210,15211,"Previous_Irrigation_mm",18.615,1,NA
"13691",15212,15213,"Region",4,1,NA
"13692",0,0,NA,0,-1,"Medium"
"13693",15214,15215,"Soil_Moisture",22.56,1,NA
"13694",0,0,NA,0,-1,"Low"
"13695",15216,15217,"Organic_Carbon",1.37,1,NA
"13696",0,0,NA,0,-1,"Medium"
"13697",15218,15219,"Wind_Speed_kmh",16.38,1,NA
"13698",0,0,NA,0,-1,"Low"
"13699",0,0,NA,0,-1,"Medium"
"13700",15220,15221,"Electrical_Conductivity",0.675,1,NA
"13701",0,0,NA,0,-1,"Medium"
"13702",15222,15223,"Temperature_C",18.35,1,NA
"13703",0,0,NA,0,-1,"Low"
"13704",0,0,NA,0,-1,"Medium"
"13705",0,0,NA,0,-1,"Low"
"13706",15224,15225,"Soil_pH",5.125,1,NA
"13707",0,0,NA,0,-1,"Medium"
"13708",0,0,NA,0,-1,"Medium"
"13709",0,0,NA,0,-1,"Low"
"13710",0,0,NA,0,-1,"Medium"
"13711",0,0,NA,0,-1,"Low"
"13712",15226,15227,"Temperature_C",27.805,1,NA
"13713",0,0,NA,0,-1,"Medium"
"13714",0,0,NA,0,-1,"Medium"
"13715",0,0,NA,0,-1,"Low"
"13716",0,0,NA,0,-1,"Medium"
"13717",0,0,NA,0,-1,"Low"
"13718",15228,15229,"Crop_Type",10,1,NA
"13719",15230,15231,"Sunlight_Hours",4.1,1,NA
"13720",15232,15233,"Temperature_C",27.46,1,NA
"13721",0,0,NA,0,-1,"Low"
"13722",15234,15235,"Rainfall_mm",1921.505,1,NA
"13723",0,0,NA,0,-1,"Medium"
"13724",0,0,NA,0,-1,"Medium"
"13725",0,0,NA,0,-1,"Low"
"13726",0,0,NA,0,-1,"Medium"
"13727",0,0,NA,0,-1,"Low"
"13728",15236,15237,"Organic_Carbon",1.235,1,NA
"13729",0,0,NA,0,-1,"Medium"
"13730",0,0,NA,0,-1,"Low"
"13731",0,0,NA,0,-1,"Medium"
"13732",0,0,NA,0,-1,"Medium"
"13733",0,0,NA,0,-1,"Low"
"13734",0,0,NA,0,-1,"Low"
"13735",15238,15239,"Previous_Irrigation_mm",65.46,1,NA
"13736",15240,15241,"Organic_Carbon",1.025,1,NA
"13737",15242,15243,"Wind_Speed_kmh",10.545,1,NA
"13738",0,0,NA,0,-1,"Low"
"13739",0,0,NA,0,-1,"Medium"
"13740",0,0,NA,0,-1,"Medium"
"13741",0,0,NA,0,-1,"Low"
"13742",0,0,NA,0,-1,"Low"
"13743",15244,15245,"Rainfall_mm",1404.22,1,NA
"13744",0,0,NA,0,-1,"Low"
"13745",0,0,NA,0,-1,"Medium"
"13746",15246,15247,"Field_Area_hectare",4.405,1,NA
"13747",15248,15249,"Organic_Carbon",1.19,1,NA
"13748",0,0,NA,0,-1,"Low"
"13749",0,0,NA,0,-1,"Medium"
"13750",0,0,NA,0,-1,"Medium"
"13751",0,0,NA,0,-1,"Low"
"13752",15250,15251,"Previous_Irrigation_mm",65.74,1,NA
"13753",0,0,NA,0,-1,"Low"
"13754",15252,15253,"Soil_pH",7.115,1,NA
"13755",0,0,NA,0,-1,"Low"
"13756",0,0,NA,0,-1,"Low"
"13757",0,0,NA,0,-1,"Medium"
"13758",0,0,NA,0,-1,"Low"
"13759",0,0,NA,0,-1,"Medium"
"13760",0,0,NA,0,-1,"Low"
"13761",0,0,NA,0,-1,"Medium"
"13762",15254,15255,"Electrical_Conductivity",3.45,1,NA
"13763",0,0,NA,0,-1,"Medium"
"13764",0,0,NA,0,-1,"Medium"
"13765",0,0,NA,0,-1,"Low"
"13766",15256,15257,"Electrical_Conductivity",3.345,1,NA
"13767",15258,15259,"Electrical_Conductivity",0.57,1,NA
"13768",15260,15261,"Organic_Carbon",1.415,1,NA
"13769",15262,15263,"Soil_Moisture",58.405,1,NA
"13770",0,0,NA,0,-1,"Low"
"13771",15264,15265,"Humidity",41.37,1,NA
"13772",0,0,NA,0,-1,"Low"
"13773",15266,15267,"Crop_Type",2,1,NA
"13774",0,0,NA,0,-1,"Medium"
"13775",0,0,NA,0,-1,"Low"
"13776",15268,15269,"Organic_Carbon",0.8,1,NA
"13777",15270,15271,"Wind_Speed_kmh",10.04,1,NA
"13778",0,0,NA,0,-1,"Low"
"13779",15272,15273,"Soil_Moisture",58.13,1,NA
"13780",15274,15275,"Crop_Type",2,1,NA
"13781",0,0,NA,0,-1,"Low"
"13782",0,0,NA,0,-1,"Medium"
"13783",0,0,NA,0,-1,"Low"
"13784",15276,15277,"Crop_Growth_Stage",2,1,NA
"13785",0,0,NA,0,-1,"Low"
"13786",15278,15279,"Previous_Irrigation_mm",81.865,1,NA
"13787",0,0,NA,0,-1,"Low"
"13788",15280,15281,"Temperature_C",30.88,1,NA
"13789",15282,15283,"Irrigation_Type",4,1,NA
"13790",0,0,NA,0,-1,"Low"
"13791",0,0,NA,0,-1,"Medium"
"13792",0,0,NA,0,-1,"Medium"
"13793",0,0,NA,0,-1,"Low"
"13794",15284,15285,"Electrical_Conductivity",0.115,1,NA
"13795",15286,15287,"Humidity",30.68,1,NA
"13796",0,0,NA,0,-1,"Low"
"13797",0,0,NA,0,-1,"Medium"
"13798",15288,15289,"Rainfall_mm",2311.4,1,NA
"13799",0,0,NA,0,-1,"Low"
"13800",15290,15291,"Crop_Type",1,1,NA
"13801",0,0,NA,0,-1,"Low"
"13802",15292,15293,"Wind_Speed_kmh",10.46,1,NA
"13803",15294,15295,"Temperature_C",35.155,1,NA
"13804",15296,15297,"Soil_Moisture",36.5,1,NA
"13805",15298,15299,"Wind_Speed_kmh",14.785,1,NA
"13806",15300,15301,"Season",2,1,NA
"13807",0,0,NA,0,-1,"Low"
"13808",15302,15303,"Field_Area_hectare",14.97,1,NA
"13809",15304,15305,"Region",2,1,NA
"13810",15306,15307,"Soil_Type",2,1,NA
"13811",15308,15309,"Electrical_Conductivity",0.63,1,NA
"13812",0,0,NA,0,-1,"Medium"
"13813",15310,15311,"Wind_Speed_kmh",10.81,1,NA
"13814",0,0,NA,0,-1,"Low"
"13815",15312,15313,"Crop_Type",16,1,NA
"13816",0,0,NA,0,-1,"Medium"
"13817",15314,15315,"Rainfall_mm",2235.095,1,NA
"13818",15316,15317,"Field_Area_hectare",6.28,1,NA
"13819",15318,15319,"Electrical_Conductivity",0.6,1,NA
"13820",0,0,NA,0,-1,"Low"
"13821",15320,15321,"Rainfall_mm",1354.215,1,NA
"13822",15322,15323,"Soil_Moisture",56.71,1,NA
"13823",15324,15325,"Field_Area_hectare",14.175,1,NA
"13824",15326,15327,"Electrical_Conductivity",3.395,1,NA
"13825",15328,15329,"Crop_Type",1,1,NA
"13826",0,0,NA,0,-1,"Low"
"13827",15330,15331,"Rainfall_mm",776.345,1,NA
"13828",0,0,NA,0,-1,"Medium"
"13829",0,0,NA,0,-1,"Low"
"13830",15332,15333,"Soil_Moisture",32.085,1,NA
"13831",15334,15335,"Previous_Irrigation_mm",83.36,1,NA
"13832",15336,15337,"Rainfall_mm",2354.71,1,NA
"13833",0,0,NA,0,-1,"Low"
"13834",0,0,NA,0,-1,"Medium"
"13835",0,0,NA,0,-1,"Low"
"13836",15338,15339,"Organic_Carbon",1.475,1,NA
"13837",0,0,NA,0,-1,"Low"
"13838",0,0,NA,0,-1,"Low"
"13839",0,0,NA,0,-1,"Medium"
"13840",15340,15341,"Soil_pH",7.57,1,NA
"13841",0,0,NA,0,-1,"Low"
"13842",0,0,NA,0,-1,"Medium"
"13843",0,0,NA,0,-1,"Low"
"13844",0,0,NA,0,-1,"Low"
"13845",0,0,NA,0,-1,"Medium"
"13846",0,0,NA,0,-1,"Medium"
"13847",0,0,NA,0,-1,"Low"
"13848",15342,15343,"Temperature_C",12.265,1,NA
"13849",0,0,NA,0,-1,"Low"
"13850",0,0,NA,0,-1,"Low"
"13851",15344,15345,"Water_Source",2,1,NA
"13852",0,0,NA,0,-1,"Low"
"13853",0,0,NA,0,-1,"Low"
"13854",0,0,NA,0,-1,"Low"
"13855",15346,15347,"Soil_Moisture",26.59,1,NA
"13856",0,0,NA,0,-1,"Low"
"13857",15348,15349,"Crop_Type",2,1,NA
"13858",0,0,NA,0,-1,"Low"
"13859",15350,15351,"Wind_Speed_kmh",7.685,1,NA
"13860",15352,15353,"Field_Area_hectare",13.69,1,NA
"13861",15354,15355,"Humidity",57.125,1,NA
"13862",15356,15357,"Field_Area_hectare",4.13,1,NA
"13863",0,0,NA,0,-1,"Low"
"13864",0,0,NA,0,-1,"Medium"
"13865",0,0,NA,0,-1,"Low"
"13866",0,0,NA,0,-1,"Medium"
"13867",15358,15359,"Soil_pH",5.425,1,NA
"13868",0,0,NA,0,-1,"Low"
"13869",15360,15361,"Soil_Type",5,1,NA
"13870",15362,15363,"Water_Source",4,1,NA
"13871",0,0,NA,0,-1,"Low"
"13872",0,0,NA,0,-1,"Medium"
"13873",15364,15365,"Sunlight_Hours",9.35,1,NA
"13874",15366,15367,"Humidity",75.595,1,NA
"13875",15368,15369,"Crop_Type",16,1,NA
"13876",15370,15371,"Rainfall_mm",1314.84,1,NA
"13877",0,0,NA,0,-1,"Low"
"13878",0,0,NA,0,-1,"Low"
"13879",0,0,NA,0,-1,"Medium"
"13880",15372,15373,"Rainfall_mm",1350.18,1,NA
"13881",0,0,NA,0,-1,"Low"
"13882",15374,15375,"Crop_Type",9,1,NA
"13883",0,0,NA,0,-1,"Low"
"13884",0,0,NA,0,-1,"Medium"
"13885",0,0,NA,0,-1,"Low"
"13886",15376,15377,"Humidity",40.48,1,NA
"13887",0,0,NA,0,-1,"Low"
"13888",15378,15379,"Soil_Moisture",45.52,1,NA
"13889",0,0,NA,0,-1,"Low"
"13890",15380,15381,"Soil_Type",2,1,NA
"13891",0,0,NA,0,-1,"Low"
"13892",0,0,NA,0,-1,"Low"
"13893",15382,15383,"Rainfall_mm",974.01,1,NA
"13894",0,0,NA,0,-1,"Low"
"13895",15384,15385,"Sunlight_Hours",7.315,1,NA
"13896",0,0,NA,0,-1,"Medium"
"13897",0,0,NA,0,-1,"Low"
"13898",15386,15387,"Humidity",42.325,1,NA
"13899",15388,15389,"Soil_pH",5.32,1,NA
"13900",0,0,NA,0,-1,"Medium"
"13901",15390,15391,"Humidity",43.06,1,NA
"13902",15392,15393,"Humidity",90.275,1,NA
"13903",15394,15395,"Region",8,1,NA
"13904",15396,15397,"Crop_Growth_Stage",1,1,NA
"13905",15398,15399,"Temperature_C",23.805,1,NA
"13906",15400,15401,"Humidity",87.87,1,NA
"13907",15402,15403,"Humidity",55.495,1,NA
"13908",0,0,NA,0,-1,"Medium"
"13909",0,0,NA,0,-1,"Low"
"13910",0,0,NA,0,-1,"Medium"
"13911",15404,15405,"Rainfall_mm",1188.115,1,NA
"13912",15406,15407,"Season",2,1,NA
"13913",0,0,NA,0,-1,"Low"
"13914",15408,15409,"Humidity",86.89,1,NA
"13915",15410,15411,"Soil_pH",7.48,1,NA
"13916",15412,15413,"Temperature_C",29.3,1,NA
"13917",0,0,NA,0,-1,"Low"
"13918",0,0,NA,0,-1,"Medium"
"13919",0,0,NA,0,-1,"Low"
"13920",15414,15415,"Field_Area_hectare",3.92,1,NA
"13921",15416,15417,"Organic_Carbon",1.445,1,NA
"13922",15418,15419,"Crop_Type",24,1,NA
"13923",15420,15421,"Electrical_Conductivity",2.78,1,NA
"13924",0,0,NA,0,-1,"Low"
"13925",0,0,NA,0,-1,"Medium"
"13926",0,0,NA,0,-1,"Low"
"13927",0,0,NA,0,-1,"Medium"
"13928",15422,15423,"Temperature_C",18.92,1,NA
"13929",0,0,NA,0,-1,"Low"
"13930",15424,15425,"Humidity",76.345,1,NA
"13931",15426,15427,"Sunlight_Hours",8.15,1,NA
"13932",15428,15429,"Rainfall_mm",2028.625,1,NA
"13933",15430,15431,"Soil_Moisture",31.585,1,NA
"13934",15432,15433,"Soil_Type",1,1,NA
"13935",15434,15435,"Region",1,1,NA
"13936",15436,15437,"Region",1,1,NA
"13937",15438,15439,"Electrical_Conductivity",0.125,1,NA
"13938",0,0,NA,0,-1,"Medium"
"13939",0,0,NA,0,-1,"Low"
"13940",15440,15441,"Soil_pH",7.9,1,NA
"13941",15442,15443,"Rainfall_mm",837.57,1,NA
"13942",15444,15445,"Field_Area_hectare",11.75,1,NA
"13943",15446,15447,"Crop_Type",5,1,NA
"13944",15448,15449,"Sunlight_Hours",10.78,1,NA
"13945",0,0,NA,0,-1,"Low"
"13946",0,0,NA,0,-1,"Low"
"13947",0,0,NA,0,-1,"Medium"
"13948",0,0,NA,0,-1,"Low"
"13949",15450,15451,"Irrigation_Type",4,1,NA
"13950",0,0,NA,0,-1,"Low"
"13951",0,0,NA,0,-1,"Medium"
"13952",15452,15453,"Rainfall_mm",758.155,1,NA
"13953",0,0,NA,0,-1,"Low"
"13954",15454,15455,"Rainfall_mm",1267.47,1,NA
"13955",15456,15457,"Electrical_Conductivity",2.395,1,NA
"13956",15458,15459,"Soil_pH",7.085,1,NA
"13957",15460,15461,"Humidity",63.69,1,NA
"13958",15462,15463,"Soil_pH",6.535,1,NA
"13959",0,0,NA,0,-1,"Medium"
"13960",0,0,NA,0,-1,"Low"
"13961",0,0,NA,0,-1,"Medium"
"13962",0,0,NA,0,-1,"Low"
"13963",15464,15465,"Soil_Moisture",31.67,1,NA
"13964",15466,15467,"Electrical_Conductivity",0.23,1,NA
"13965",15468,15469,"Organic_Carbon",1.575,1,NA
"13966",0,0,NA,0,-1,"Low"
"13967",15470,15471,"Rainfall_mm",1794.785,1,NA
"13968",15472,15473,"Previous_Irrigation_mm",111.35,1,NA
"13969",15474,15475,"Temperature_C",19.885,1,NA
"13970",0,0,NA,0,-1,"Medium"
"13971",0,0,NA,0,-1,"Low"
"13972",15476,15477,"Sunlight_Hours",7.365,1,NA
"13973",15478,15479,"Irrigation_Type",1,1,NA
"13974",15480,15481,"Rainfall_mm",1491.895,1,NA
"13975",15482,15483,"Soil_Type",5,1,NA
"13976",0,0,NA,0,-1,"Low"
"13977",0,0,NA,0,-1,"Medium"
"13978",0,0,NA,0,-1,"Medium"
"13979",0,0,NA,0,-1,"Low"
"13980",0,0,NA,0,-1,"Medium"
"13981",15484,15485,"Electrical_Conductivity",3.335,1,NA
"13982",15486,15487,"Soil_pH",6.275,1,NA
"13983",15488,15489,"Crop_Type",15,1,NA
"13984",0,0,NA,0,-1,"Medium"
"13985",0,0,NA,0,-1,"Low"
"13986",0,0,NA,0,-1,"Medium"
"13987",0,0,NA,0,-1,"Low"
"13988",0,0,NA,0,-1,"Low"
"13989",15490,15491,"Rainfall_mm",1070.515,1,NA
"13990",15492,15493,"Previous_Irrigation_mm",11.585,1,NA
"13991",0,0,NA,0,-1,"Medium"
"13992",0,0,NA,0,-1,"Medium"
"13993",15494,15495,"Crop_Growth_Stage",1,1,NA
"13994",0,0,NA,0,-1,"Medium"
"13995",0,0,NA,0,-1,"Low"
"13996",15496,15497,"Temperature_C",21.305,1,NA
"13997",0,0,NA,0,-1,"Low"
"13998",0,0,NA,0,-1,"Medium"
"13999",0,0,NA,0,-1,"Low"
"14000",0,0,NA,0,-1,"Low"
"14001",0,0,NA,0,-1,"Medium"
"14002",15498,15499,"Rainfall_mm",1556.835,1,NA
"14003",15500,15501,"Soil_Type",5,1,NA
"14004",0,0,NA,0,-1,"Medium"
"14005",15502,15503,"Field_Area_hectare",14.985,1,NA
"14006",0,0,NA,0,-1,"Low"
"14007",15504,15505,"Crop_Type",21,1,NA
"14008",15506,15507,"Field_Area_hectare",11.645,1,NA
"14009",15508,15509,"Organic_Carbon",0.86,1,NA
"14010",15510,15511,"Sunlight_Hours",5.95,1,NA
"14011",15512,15513,"Temperature_C",23.98,1,NA
"14012",0,0,NA,0,-1,"Low"
"14013",15514,15515,"Region",8,1,NA
"14014",15516,15517,"Humidity",88.13,1,NA
"14015",15518,15519,"Wind_Speed_kmh",7.5,1,NA
"14016",15520,15521,"Water_Source",3,1,NA
"14017",15522,15523,"Soil_Moisture",56.08,1,NA
"14018",15524,15525,"Rainfall_mm",1772.875,1,NA
"14019",0,0,NA,0,-1,"Low"
"14020",15526,15527,"Previous_Irrigation_mm",85.755,1,NA
"14021",15528,15529,"Humidity",81.49,1,NA
"14022",0,0,NA,0,-1,"Low"
"14023",15530,15531,"Season",2,1,NA
"14024",15532,15533,"Electrical_Conductivity",1.765,1,NA
"14025",15534,15535,"Previous_Irrigation_mm",31.565,1,NA
"14026",0,0,NA,0,-1,"Low"
"14027",0,0,NA,0,-1,"Medium"
"14028",0,0,NA,0,-1,"Medium"
"14029",15536,15537,"Temperature_C",17.155,1,NA
"14030",0,0,NA,0,-1,"Medium"
"14031",0,0,NA,0,-1,"Low"
"14032",15538,15539,"Field_Area_hectare",6.44,1,NA
"14033",0,0,NA,0,-1,"Medium"
"14034",15540,15541,"Temperature_C",18.935,1,NA
"14035",0,0,NA,0,-1,"Medium"
"14036",15542,15543,"Sunlight_Hours",9.5,1,NA
"14037",0,0,NA,0,-1,"Medium"
"14038",15544,15545,"Season",3,1,NA
"14039",0,0,NA,0,-1,"Low"
"14040",15546,15547,"Sunlight_Hours",5.35,1,NA
"14041",15548,15549,"Temperature_C",19.82,1,NA
"14042",0,0,NA,0,-1,"Low"
"14043",15550,15551,"Organic_Carbon",0.595,1,NA
"14044",0,0,NA,0,-1,"Medium"
"14045",0,0,NA,0,-1,"Low"
"14046",15552,15553,"Wind_Speed_kmh",9.88,1,NA
"14047",0,0,NA,0,-1,"Low"
"14048",0,0,NA,0,-1,"Medium"
"14049",0,0,NA,0,-1,"High"
"14050",0,0,NA,0,-1,"High"
"14051",0,0,NA,0,-1,"Medium"
"14052",15554,15555,"Wind_Speed_kmh",11.61,1,NA
"14053",0,0,NA,0,-1,"Medium"
"14054",0,0,NA,0,-1,"Medium"
"14055",0,0,NA,0,-1,"High"
"14056",15556,15557,"Soil_Moisture",20.69,1,NA
"14057",15558,15559,"Temperature_C",14.125,1,NA
"14058",15560,15561,"Temperature_C",12.415,1,NA
"14059",0,0,NA,0,-1,"Medium"
"14060",15562,15563,"Soil_Moisture",24.655,1,NA
"14061",15564,15565,"Wind_Speed_kmh",14.01,1,NA
"14062",15566,15567,"Rainfall_mm",2457.835,1,NA
"14063",15568,15569,"Crop_Type",16,1,NA
"14064",15570,15571,"Humidity",57.08,1,NA
"14065",15572,15573,"Soil_Moisture",21.47,1,NA
"14066",15574,15575,"Soil_Moisture",10.395,1,NA
"14067",15576,15577,"Humidity",82.15,1,NA
"14068",0,0,NA,0,-1,"Medium"
"14069",15578,15579,"Electrical_Conductivity",2.65,1,NA
"14070",15580,15581,"Temperature_C",26.13,1,NA
"14071",0,0,NA,0,-1,"Medium"
"14072",15582,15583,"Water_Source",1,1,NA
"14073",0,0,NA,0,-1,"Medium"
"14074",0,0,NA,0,-1,"Medium"
"14075",15584,15585,"Crop_Growth_Stage",1,1,NA
"14076",0,0,NA,0,-1,"Medium"
"14077",15586,15587,"Soil_Type",1,1,NA
"14078",15588,15589,"Previous_Irrigation_mm",93.775,1,NA
"14079",0,0,NA,0,-1,"High"
"14080",0,0,NA,0,-1,"Medium"
"14081",15590,15591,"Crop_Growth_Stage",1,1,NA
"14082",15592,15593,"Region",4,1,NA
"14083",0,0,NA,0,-1,"Medium"
"14084",0,0,NA,0,-1,"Medium"
"14085",15594,15595,"Organic_Carbon",0.75,1,NA
"14086",0,0,NA,0,-1,"Low"
"14087",0,0,NA,0,-1,"Medium"
"14088",0,0,NA,0,-1,"Medium"
"14089",0,0,NA,0,-1,"High"
"14090",0,0,NA,0,-1,"Medium"
"14091",0,0,NA,0,-1,"High"
"14092",15596,15597,"Sunlight_Hours",5.37,1,NA
"14093",0,0,NA,0,-1,"Medium"
"14094",15598,15599,"Soil_Moisture",16.755,1,NA
"14095",15600,15601,"Sunlight_Hours",5.685,1,NA
"14096",15602,15603,"Crop_Type",1,1,NA
"14097",0,0,NA,0,-1,"Medium"
"14098",0,0,NA,0,-1,"High"
"14099",15604,15605,"Crop_Type",4,1,NA
"14100",0,0,NA,0,-1,"Medium"
"14101",0,0,NA,0,-1,"High"
"14102",15606,15607,"Soil_pH",6.54,1,NA
"14103",0,0,NA,0,-1,"Medium"
"14104",0,0,NA,0,-1,"High"
"14105",0,0,NA,0,-1,"Medium"
"14106",0,0,NA,0,-1,"High"
"14107",0,0,NA,0,-1,"Medium"
"14108",0,0,NA,0,-1,"Medium"
"14109",15608,15609,"Sunlight_Hours",9.495,1,NA
"14110",15610,15611,"Region",4,1,NA
"14111",0,0,NA,0,-1,"Medium"
"14112",0,0,NA,0,-1,"Medium"
"14113",0,0,NA,0,-1,"High"
"14114",15612,15613,"Season",2,1,NA
"14115",0,0,NA,0,-1,"Low"
"14116",0,0,NA,0,-1,"Medium"
"14117",15614,15615,"Crop_Type",4,1,NA
"14118",0,0,NA,0,-1,"Medium"
"14119",15616,15617,"Previous_Irrigation_mm",62.135,1,NA
"14120",15618,15619,"Soil_Moisture",11.015,1,NA
"14121",15620,15621,"Humidity",68.975,1,NA
"14122",0,0,NA,0,-1,"Medium"
"14123",15622,15623,"Previous_Irrigation_mm",6.285,1,NA
"14124",15624,15625,"Crop_Type",16,1,NA
"14125",0,0,NA,0,-1,"Medium"
"14126",0,0,NA,0,-1,"High"
"14127",0,0,NA,0,-1,"Medium"
"14128",0,0,NA,0,-1,"Medium"
"14129",0,0,NA,0,-1,"Low"
"14130",0,0,NA,0,-1,"High"
"14131",0,0,NA,0,-1,"Medium"
"14132",0,0,NA,0,-1,"Medium"
"14133",15626,15627,"Region",4,1,NA
"14134",15628,15629,"Field_Area_hectare",7.06,1,NA
"14135",0,0,NA,0,-1,"Medium"
"14136",0,0,NA,0,-1,"Medium"
"14137",0,0,NA,0,-1,"High"
"14138",0,0,NA,0,-1,"High"
"14139",0,0,NA,0,-1,"Medium"
"14140",0,0,NA,0,-1,"Medium"
"14141",15630,15631,"Previous_Irrigation_mm",64.66,1,NA
"14142",0,0,NA,0,-1,"Medium"
"14143",15632,15633,"Rainfall_mm",2179.905,1,NA
"14144",15634,15635,"Humidity",61.725,1,NA
"14145",0,0,NA,0,-1,"Medium"
"14146",15636,15637,"Temperature_C",38.835,1,NA
"14147",15638,15639,"Previous_Irrigation_mm",67.625,1,NA
"14148",0,0,NA,0,-1,"High"
"14149",0,0,NA,0,-1,"Medium"
"14150",0,0,NA,0,-1,"High"
"14151",0,0,NA,0,-1,"Medium"
"14152",0,0,NA,0,-1,"Medium"
"14153",15640,15641,"Previous_Irrigation_mm",23.005,1,NA
"14154",0,0,NA,0,-1,"Medium"
"14155",15642,15643,"Soil_Type",3,1,NA
"14156",15644,15645,"Organic_Carbon",0.93,1,NA
"14157",0,0,NA,0,-1,"High"
"14158",0,0,NA,0,-1,"Medium"
"14159",15646,15647,"Soil_pH",6.405,1,NA
"14160",15648,15649,"Wind_Speed_kmh",5.545,1,NA
"14161",15650,15651,"Organic_Carbon",0.425,1,NA
"14162",0,0,NA,0,-1,"Medium"
"14163",15652,15653,"Sunlight_Hours",5.65,1,NA
"14164",15654,15655,"Electrical_Conductivity",2.66,1,NA
"14165",0,0,NA,0,-1,"Low"
"14166",15656,15657,"Rainfall_mm",1674.47,1,NA
"14167",15658,15659,"Rainfall_mm",1990.54,1,NA
"14168",0,0,NA,0,-1,"Medium"
"14169",15660,15661,"Crop_Growth_Stage",1,1,NA
"14170",15662,15663,"Field_Area_hectare",0.915,1,NA
"14171",15664,15665,"Region",1,1,NA
"14172",0,0,NA,0,-1,"High"
"14173",15666,15667,"Humidity",90.325,1,NA
"14174",0,0,NA,0,-1,"High"
"14175",0,0,NA,0,-1,"Medium"
"14176",0,0,NA,0,-1,"Medium"
"14177",0,0,NA,0,-1,"High"
"14178",15668,15669,"Electrical_Conductivity",0.41,1,NA
"14179",0,0,NA,0,-1,"Medium"
"14180",0,0,NA,0,-1,"Low"
"14181",0,0,NA,0,-1,"Medium"
"14182",0,0,NA,0,-1,"High"
"14183",15670,15671,"Temperature_C",35.22,1,NA
"14184",0,0,NA,0,-1,"High"
"14185",0,0,NA,0,-1,"Medium"
"14186",0,0,NA,0,-1,"Medium"
"14187",15672,15673,"Field_Area_hectare",8.995,1,NA
"14188",15674,15675,"Water_Source",2,1,NA
"14189",0,0,NA,0,-1,"Medium"
"14190",0,0,NA,0,-1,"Medium"
"14191",0,0,NA,0,-1,"High"
"14192",0,0,NA,0,-1,"Medium"
"14193",15676,15677,"Rainfall_mm",1568.44,1,NA
"14194",15678,15679,"Field_Area_hectare",4.65,1,NA
"14195",0,0,NA,0,-1,"Medium"
"14196",15680,15681,"Water_Source",5,1,NA
"14197",15682,15683,"Previous_Irrigation_mm",38.145,1,NA
"14198",0,0,NA,0,-1,"High"
"14199",15684,15685,"Field_Area_hectare",9.365,1,NA
"14200",0,0,NA,0,-1,"High"
"14201",15686,15687,"Soil_pH",6.3,1,NA
"14202",15688,15689,"Previous_Irrigation_mm",58.365,1,NA
"14203",0,0,NA,0,-1,"High"
"14204",0,0,NA,0,-1,"High"
"14205",0,0,NA,0,-1,"Medium"
"14206",0,0,NA,0,-1,"Medium"
"14207",0,0,NA,0,-1,"High"
"14208",15690,15691,"Organic_Carbon",0.4,1,NA
"14209",0,0,NA,0,-1,"High"
"14210",15692,15693,"Crop_Type",1,1,NA
"14211",0,0,NA,0,-1,"High"
"14212",0,0,NA,0,-1,"Medium"
"14213",0,0,NA,0,-1,"High"
"14214",15694,15695,"Field_Area_hectare",9.605,1,NA
"14215",15696,15697,"Electrical_Conductivity",0.415,1,NA
"14216",0,0,NA,0,-1,"Medium"
"14217",0,0,NA,0,-1,"High"
"14218",15698,15699,"Soil_Moisture",23.1,1,NA
"14219",0,0,NA,0,-1,"High"
"14220",15700,15701,"Organic_Carbon",0.755,1,NA
"14221",0,0,NA,0,-1,"High"
"14222",0,0,NA,0,-1,"High"
"14223",0,0,NA,0,-1,"Medium"
"14224",15702,15703,"Rainfall_mm",1690.005,1,NA
"14225",15704,15705,"Soil_pH",6.145,1,NA
"14226",15706,15707,"Soil_pH",5.505,1,NA
"14227",0,0,NA,0,-1,"High"
"14228",15708,15709,"Previous_Irrigation_mm",111.73,1,NA
"14229",0,0,NA,0,-1,"High"
"14230",15710,15711,"Water_Source",1,1,NA
"14231",15712,15713,"Organic_Carbon",1.41,1,NA
"14232",0,0,NA,0,-1,"Medium"
"14233",0,0,NA,0,-1,"High"
"14234",0,0,NA,0,-1,"Medium"
"14235",15714,15715,"Sunlight_Hours",6.445,1,NA
"14236",0,0,NA,0,-1,"Medium"
"14237",0,0,NA,0,-1,"High"
"14238",15716,15717,"Electrical_Conductivity",0.705,1,NA
"14239",15718,15719,"Temperature_C",36.755,1,NA
"14240",0,0,NA,0,-1,"High"
"14241",15720,15721,"Crop_Growth_Stage",1,1,NA
"14242",15722,15723,"Region",12,1,NA
"14243",15724,15725,"Sunlight_Hours",6.465,1,NA
"14244",15726,15727,"Irrigation_Type",7,1,NA
"14245",15728,15729,"Soil_pH",7.115,1,NA
"14246",15730,15731,"Humidity",61.755,1,NA
"14247",0,0,NA,0,-1,"High"
"14248",15732,15733,"Region",13,1,NA
"14249",0,0,NA,0,-1,"High"
"14250",15734,15735,"Field_Area_hectare",7.315,1,NA
"14251",0,0,NA,0,-1,"High"
"14252",0,0,NA,0,-1,"High"
"14253",0,0,NA,0,-1,"Medium"
"14254",0,0,NA,0,-1,"Medium"
"14255",0,0,NA,0,-1,"Low"
"14256",0,0,NA,0,-1,"Medium"
"14257",0,0,NA,0,-1,"High"
"14258",0,0,NA,0,-1,"Medium"
"14259",15736,15737,"Field_Area_hectare",9.42,1,NA
"14260",0,0,NA,0,-1,"High"
"14261",0,0,NA,0,-1,"Medium"
"14262",0,0,NA,0,-1,"High"
"14263",0,0,NA,0,-1,"Medium"
"14264",0,0,NA,0,-1,"High"
"14265",0,0,NA,0,-1,"Medium"
"14266",0,0,NA,0,-1,"Low"
"14267",0,0,NA,0,-1,"Medium"
"14268",15738,15739,"Water_Source",3,1,NA
"14269",15740,15741,"Previous_Irrigation_mm",1.985,1,NA
"14270",0,0,NA,0,-1,"Low"
"14271",15742,15743,"Previous_Irrigation_mm",9.89,1,NA
"14272",0,0,NA,0,-1,"Medium"
"14273",0,0,NA,0,-1,"Low"
"14274",0,0,NA,0,-1,"Medium"
"14275",15744,15745,"Water_Source",2,1,NA
"14276",0,0,NA,0,-1,"High"
"14277",15746,15747,"Organic_Carbon",1.095,1,NA
"14278",0,0,NA,0,-1,"Medium"
"14279",15748,15749,"Field_Area_hectare",3.36,1,NA
"14280",0,0,NA,0,-1,"Medium"
"14281",0,0,NA,0,-1,"Low"
"14282",0,0,NA,0,-1,"Low"
"14283",0,0,NA,0,-1,"Medium"
"14284",0,0,NA,0,-1,"Low"
"14285",0,0,NA,0,-1,"Medium"
"14286",0,0,NA,0,-1,"Medium"
"14287",0,0,NA,0,-1,"Low"
"14288",0,0,NA,0,-1,"Medium"
"14289",0,0,NA,0,-1,"Low"
"14290",0,0,NA,0,-1,"Low"
"14291",15750,15751,"Temperature_C",16.01,1,NA
"14292",15752,15753,"Crop_Type",2,1,NA
"14293",15754,15755,"Organic_Carbon",1.215,1,NA
"14294",15756,15757,"Temperature_C",18.73,1,NA
"14295",15758,15759,"Electrical_Conductivity",3.035,1,NA
"14296",0,0,NA,0,-1,"Medium"
"14297",0,0,NA,0,-1,"Low"
"14298",15760,15761,"Previous_Irrigation_mm",112.615,1,NA
"14299",15762,15763,"Rainfall_mm",1826.655,1,NA
"14300",0,0,NA,0,-1,"Medium"
"14301",0,0,NA,0,-1,"Low"
"14302",0,0,NA,0,-1,"Medium"
"14303",0,0,NA,0,-1,"Low"
"14304",0,0,NA,0,-1,"Low"
"14305",15764,15765,"Organic_Carbon",1.36,1,NA
"14306",15766,15767,"Temperature_C",20.65,1,NA
"14307",15768,15769,"Previous_Irrigation_mm",118.055,1,NA
"14308",0,0,NA,0,-1,"Low"
"14309",15770,15771,"Region",1,1,NA
"14310",15772,15773,"Temperature_C",25.895,1,NA
"14311",15774,15775,"Sunlight_Hours",10.595,1,NA
"14312",15776,15777,"Soil_Moisture",21.69,1,NA
"14313",0,0,NA,0,-1,"Medium"
"14314",0,0,NA,0,-1,"Low"
"14315",15778,15779,"Previous_Irrigation_mm",90.355,1,NA
"14316",0,0,NA,0,-1,"Low"
"14317",15780,15781,"Wind_Speed_kmh",1.915,1,NA
"14318",0,0,NA,0,-1,"Medium"
"14319",15782,15783,"Humidity",63.3,1,NA
"14320",15784,15785,"Field_Area_hectare",10.78,1,NA
"14321",0,0,NA,0,-1,"Low"
"14322",0,0,NA,0,-1,"Low"
"14323",15786,15787,"Temperature_C",29.72,1,NA
"14324",0,0,NA,0,-1,"Medium"
"14325",0,0,NA,0,-1,"Low"
"14326",15788,15789,"Sunlight_Hours",9.64,1,NA
"14327",15790,15791,"Soil_Moisture",24.47,1,NA
"14328",0,0,NA,0,-1,"Medium"
"14329",0,0,NA,0,-1,"Low"
"14330",0,0,NA,0,-1,"Medium"
"14331",15792,15793,"Water_Source",3,1,NA
"14332",0,0,NA,0,-1,"Low"
"14333",0,0,NA,0,-1,"Medium"
"14334",0,0,NA,0,-1,"Low"
"14335",15794,15795,"Organic_Carbon",1.14,1,NA
"14336",15796,15797,"Soil_pH",6.05,1,NA
"14337",0,0,NA,0,-1,"Low"
"14338",15798,15799,"Humidity",76.355,1,NA
"14339",0,0,NA,0,-1,"Low"
"14340",0,0,NA,0,-1,"Low"
"14341",0,0,NA,0,-1,"Medium"
"14342",0,0,NA,0,-1,"High"
"14343",0,0,NA,0,-1,"Medium"
"14344",0,0,NA,0,-1,"Medium"
"14345",0,0,NA,0,-1,"Low"
"14346",0,0,NA,0,-1,"Medium"
"14347",0,0,NA,0,-1,"Low"
"14348",0,0,NA,0,-1,"Low"
"14349",15800,15801,"Electrical_Conductivity",2.595,1,NA
"14350",15802,15803,"Soil_Moisture",27.685,1,NA
"14351",15804,15805,"Temperature_C",31.39,1,NA
"14352",0,0,NA,0,-1,"Low"
"14353",0,0,NA,0,-1,"Medium"
"14354",0,0,NA,0,-1,"Low"
"14355",0,0,NA,0,-1,"Medium"
"14356",0,0,NA,0,-1,"Low"
"14357",15806,15807,"Season",1,1,NA
"14358",0,0,NA,0,-1,"Medium"
"14359",0,0,NA,0,-1,"Low"
"14360",15808,15809,"Soil_Moisture",61.55,1,NA
"14361",15810,15811,"Electrical_Conductivity",1.67,1,NA
"14362",0,0,NA,0,-1,"Low"
"14363",0,0,NA,0,-1,"Medium"
"14364",0,0,NA,0,-1,"Low"
"14365",0,0,NA,0,-1,"Medium"
"14366",15812,15813,"Rainfall_mm",1204.9,1,NA
"14367",15814,15815,"Soil_pH",8.08,1,NA
"14368",15816,15817,"Rainfall_mm",1006.605,1,NA
"14369",0,0,NA,0,-1,"Low"
"14370",0,0,NA,0,-1,"Medium"
"14371",0,0,NA,0,-1,"Low"
"14372",15818,15819,"Temperature_C",36.55,1,NA
"14373",15820,15821,"Crop_Type",4,1,NA
"14374",15822,15823,"Sunlight_Hours",10.82,1,NA
"14375",0,0,NA,0,-1,"Low"
"14376",15824,15825,"Wind_Speed_kmh",4.42,1,NA
"14377",15826,15827,"Previous_Irrigation_mm",111.445,1,NA
"14378",15828,15829,"Previous_Irrigation_mm",117.635,1,NA
"14379",15830,15831,"Irrigation_Type",2,1,NA
"14380",15832,15833,"Humidity",44.9,1,NA
"14381",15834,15835,"Organic_Carbon",1.31,1,NA
"14382",15836,15837,"Crop_Growth_Stage",1,1,NA
"14383",0,0,NA,0,-1,"Low"
"14384",0,0,NA,0,-1,"Low"
"14385",0,0,NA,0,-1,"Medium"
"14386",0,0,NA,0,-1,"Low"
"14387",15838,15839,"Soil_pH",6.65,1,NA
"14388",15840,15841,"Soil_Type",2,1,NA
"14389",15842,15843,"Region",10,1,NA
"14390",15844,15845,"Region",15,1,NA
"14391",0,0,NA,0,-1,"Low"
"14392",15846,15847,"Soil_Moisture",40.04,1,NA
"14393",15848,15849,"Organic_Carbon",1.405,1,NA
"14394",0,0,NA,0,-1,"Low"
"14395",0,0,NA,0,-1,"Medium"
"14396",15850,15851,"Organic_Carbon",0.695,1,NA
"14397",15852,15853,"Field_Area_hectare",2.21,1,NA
"14398",0,0,NA,0,-1,"Medium"
"14399",15854,15855,"Humidity",82.44,1,NA
"14400",0,0,NA,0,-1,"Low"
"14401",0,0,NA,0,-1,"Medium"
"14402",15856,15857,"Field_Area_hectare",3.425,1,NA
"14403",15858,15859,"Rainfall_mm",2187.86,1,NA
"14404",0,0,NA,0,-1,"Low"
"14405",15860,15861,"Electrical_Conductivity",2.845,1,NA
"14406",15862,15863,"Wind_Speed_kmh",1.095,1,NA
"14407",15864,15865,"Temperature_C",33.005,1,NA
"14408",15866,15867,"Wind_Speed_kmh",5.125,1,NA
"14409",15868,15869,"Soil_pH",7.535,1,NA
"14410",15870,15871,"Region",7,1,NA
"14411",15872,15873,"Soil_Moisture",26.27,1,NA
"14412",0,0,NA,0,-1,"Low"
"14413",15874,15875,"Field_Area_hectare",9.585,1,NA
"14414",15876,15877,"Crop_Type",18,1,NA
"14415",15878,15879,"Crop_Type",18,1,NA
"14416",15880,15881,"Field_Area_hectare",14.1,1,NA
"14417",15882,15883,"Humidity",82.645,1,NA
"14418",15884,15885,"Rainfall_mm",1968.235,1,NA
"14419",0,0,NA,0,-1,"Low"
"14420",15886,15887,"Wind_Speed_kmh",7.2,1,NA
"14421",15888,15889,"Rainfall_mm",1642.74,1,NA
"14422",15890,15891,"Water_Source",4,1,NA
"14423",15892,15893,"Region",6,1,NA
"14424",15894,15895,"Organic_Carbon",0.615,1,NA
"14425",15896,15897,"Previous_Irrigation_mm",33.705,1,NA
"14426",15898,15899,"Rainfall_mm",2303.645,1,NA
"14427",0,0,NA,0,-1,"Medium"
"14428",15900,15901,"Soil_Moisture",49.37,1,NA
"14429",15902,15903,"Soil_Moisture",48.99,1,NA
"14430",0,0,NA,0,-1,"Low"
"14431",0,0,NA,0,-1,"Medium"
"14432",0,0,NA,0,-1,"Medium"
"14433",15904,15905,"Soil_Moisture",37.25,1,NA
"14434",0,0,NA,0,-1,"Medium"
"14435",0,0,NA,0,-1,"Low"
"14436",0,0,NA,0,-1,"Low"
"14437",0,0,NA,0,-1,"Medium"
"14438",15906,15907,"Sunlight_Hours",10.01,1,NA
"14439",0,0,NA,0,-1,"Low"
"14440",0,0,NA,0,-1,"Low"
"14441",0,0,NA,0,-1,"Medium"
"14442",15908,15909,"Sunlight_Hours",7.945,1,NA
"14443",15910,15911,"Temperature_C",40.61,1,NA
"14444",15912,15913,"Rainfall_mm",535.01,1,NA
"14445",15914,15915,"Temperature_C",38.22,1,NA
"14446",15916,15917,"Rainfall_mm",1502.305,1,NA
"14447",15918,15919,"Wind_Speed_kmh",7.605,1,NA
"14448",15920,15921,"Soil_Type",6,1,NA
"14449",15922,15923,"Soil_Moisture",63.14,1,NA
"14450",15924,15925,"Irrigation_Type",2,1,NA
"14451",15926,15927,"Wind_Speed_kmh",2.885,1,NA
"14452",0,0,NA,0,-1,"Low"
"14453",15928,15929,"Sunlight_Hours",5.195,1,NA
"14454",15930,15931,"Electrical_Conductivity",3.445,1,NA
"14455",0,0,NA,0,-1,"Medium"
"14456",0,0,NA,0,-1,"Medium"
"14457",15932,15933,"Soil_Type",2,1,NA
"14458",15934,15935,"Water_Source",2,1,NA
"14459",0,0,NA,0,-1,"Medium"
"14460",0,0,NA,0,-1,"Medium"
"14461",0,0,NA,0,-1,"High"
"14462",15936,15937,"Region",4,1,NA
"14463",15938,15939,"Previous_Irrigation_mm",71.785,1,NA
"14464",15940,15941,"Rainfall_mm",168.9,1,NA
"14465",0,0,NA,0,-1,"High"
"14466",0,0,NA,0,-1,"Medium"
"14467",0,0,NA,0,-1,"High"
"14468",0,0,NA,0,-1,"Low"
"14469",0,0,NA,0,-1,"Medium"
"14470",0,0,NA,0,-1,"Medium"
"14471",15942,15943,"Wind_Speed_kmh",13.96,1,NA
"14472",0,0,NA,0,-1,"Medium"
"14473",0,0,NA,0,-1,"Low"
"14474",0,0,NA,0,-1,"Low"
"14475",15944,15945,"Field_Area_hectare",2.39,1,NA
"14476",15946,15947,"Wind_Speed_kmh",10.775,1,NA
"14477",15948,15949,"Sunlight_Hours",8.215,1,NA
"14478",15950,15951,"Season",2,1,NA
"14479",15952,15953,"Soil_Moisture",54.96,1,NA
"14480",0,0,NA,0,-1,"Low"
"14481",0,0,NA,0,-1,"Medium"
"14482",15954,15955,"Previous_Irrigation_mm",78.15,1,NA
"14483",0,0,NA,0,-1,"Low"
"14484",0,0,NA,0,-1,"Low"
"14485",15956,15957,"Soil_pH",5.02,1,NA
"14486",0,0,NA,0,-1,"Medium"
"14487",15958,15959,"Soil_pH",6.255,1,NA
"14488",15960,15961,"Field_Area_hectare",1.115,1,NA
"14489",0,0,NA,0,-1,"Medium"
"14490",0,0,NA,0,-1,"Medium"
"14491",0,0,NA,0,-1,"Low"
"14492",15962,15963,"Electrical_Conductivity",1.18,1,NA
"14493",15964,15965,"Electrical_Conductivity",1.275,1,NA
"14494",0,0,NA,0,-1,"Medium"
"14495",0,0,NA,0,-1,"High"
"14496",0,0,NA,0,-1,"Medium"
"14497",0,0,NA,0,-1,"Low"
"14498",15966,15967,"Field_Area_hectare",9.71,1,NA
"14499",15968,15969,"Irrigation_Type",2,1,NA
"14500",15970,15971,"Soil_Moisture",24.88,1,NA
"14501",15972,15973,"Temperature_C",29.96,1,NA
"14502",15974,15975,"Wind_Speed_kmh",14.22,1,NA
"14503",15976,15977,"Wind_Speed_kmh",17.705,1,NA
"14504",15978,15979,"Soil_Moisture",24.675,1,NA
"14505",15980,15981,"Sunlight_Hours",8.67,1,NA
"14506",0,0,NA,0,-1,"Low"
"14507",15982,15983,"Rainfall_mm",770.99,1,NA
"14508",15984,15985,"Electrical_Conductivity",2.27,1,NA
"14509",0,0,NA,0,-1,"Low"
"14510",15986,15987,"Soil_Moisture",35.435,1,NA
"14511",0,0,NA,0,-1,"Low"
"14512",15988,15989,"Sunlight_Hours",9.575,1,NA
"14513",15990,15991,"Crop_Type",15,1,NA
"14514",15992,15993,"Soil_Moisture",36.065,1,NA
"14515",15994,15995,"Soil_pH",5.115,1,NA
"14516",0,0,NA,0,-1,"Low"
"14517",15996,15997,"Sunlight_Hours",9.81,1,NA
"14518",15998,15999,"Soil_pH",6.04,1,NA
"14519",16000,16001,"Previous_Irrigation_mm",85.545,1,NA
"14520",16002,16003,"Field_Area_hectare",14.225,1,NA
"14521",0,0,NA,0,-1,"Low"
"14522",0,0,NA,0,-1,"Low"
"14523",16004,16005,"Season",2,1,NA
"14524",0,0,NA,0,-1,"Medium"
"14525",0,0,NA,0,-1,"Low"
"14526",0,0,NA,0,-1,"Medium"
"14527",16006,16007,"Rainfall_mm",731.625,1,NA
"14528",16008,16009,"Temperature_C",16.535,1,NA
"14529",0,0,NA,0,-1,"Low"
"14530",0,0,NA,0,-1,"Low"
"14531",16010,16011,"Region",4,1,NA
"14532",0,0,NA,0,-1,"Low"
"14533",0,0,NA,0,-1,"Medium"
"14534",0,0,NA,0,-1,"Medium"
"14535",0,0,NA,0,-1,"Low"
"14536",0,0,NA,0,-1,"Medium"
"14537",0,0,NA,0,-1,"Low"
"14538",16012,16013,"Soil_Moisture",21.03,1,NA
"14539",16014,16015,"Sunlight_Hours",9.69,1,NA
"14540",16016,16017,"Wind_Speed_kmh",18.91,1,NA
"14541",16018,16019,"Soil_Moisture",25.35,1,NA
"14542",0,0,NA,0,-1,"Medium"
"14543",16020,16021,"Organic_Carbon",1.28,1,NA
"14544",16022,16023,"Soil_Type",1,1,NA
"14545",16024,16025,"Region",13,1,NA
"14546",16026,16027,"Humidity",51.945,1,NA
"14547",0,0,NA,0,-1,"Low"
"14548",0,0,NA,0,-1,"Medium"
"14549",0,0,NA,0,-1,"Low"
"14550",0,0,NA,0,-1,"Low"
"14551",0,0,NA,0,-1,"Medium"
"14552",16028,16029,"Wind_Speed_kmh",14.535,1,NA
"14553",16030,16031,"Irrigation_Type",1,1,NA
"14554",16032,16033,"Field_Area_hectare",1.02,1,NA
"14555",16034,16035,"Season",3,1,NA
"14556",16036,16037,"Irrigation_Type",1,1,NA
"14557",16038,16039,"Temperature_C",15.205,1,NA
"14558",16040,16041,"Previous_Irrigation_mm",119.23,1,NA
"14559",16042,16043,"Rainfall_mm",2195.27,1,NA
"14560",16044,16045,"Region",2,1,NA
"14561",16046,16047,"Organic_Carbon",1.555,1,NA
"14562",16048,16049,"Previous_Irrigation_mm",116.77,1,NA
"14563",16050,16051,"Previous_Irrigation_mm",13.625,1,NA
"14564",0,0,NA,0,-1,"Low"
"14565",16052,16053,"Rainfall_mm",2106.475,1,NA
"14566",0,0,NA,0,-1,"Low"
"14567",16054,16055,"Wind_Speed_kmh",10.825,1,NA
"14568",16056,16057,"Electrical_Conductivity",0.755,1,NA
"14569",16058,16059,"Soil_Type",4,1,NA
"14570",16060,16061,"Field_Area_hectare",14.875,1,NA
"14571",16062,16063,"Temperature_C",27.525,1,NA
"14572",0,0,NA,0,-1,"Low"
"14573",0,0,NA,0,-1,"Medium"
"14574",16064,16065,"Soil_Moisture",26.51,1,NA
"14575",16066,16067,"Irrigation_Type",1,1,NA
"14576",16068,16069,"Soil_Moisture",33.5,1,NA
"14577",0,0,NA,0,-1,"Low"
"14578",0,0,NA,0,-1,"Low"
"14579",0,0,NA,0,-1,"Medium"
"14580",0,0,NA,0,-1,"Low"
"14581",0,0,NA,0,-1,"Medium"
"14582",16070,16071,"Organic_Carbon",0.635,1,NA
"14583",16072,16073,"Organic_Carbon",0.555,1,NA
"14584",16074,16075,"Temperature_C",24.6,1,NA
"14585",16076,16077,"Previous_Irrigation_mm",116.085,1,NA
"14586",0,0,NA,0,-1,"Low"
"14587",0,0,NA,0,-1,"Medium"
"14588",16078,16079,"Temperature_C",29.92,1,NA
"14589",0,0,NA,0,-1,"Low"
"14590",0,0,NA,0,-1,"Low"
"14591",0,0,NA,0,-1,"Medium"
"14592",0,0,NA,0,-1,"Low"
"14593",0,0,NA,0,-1,"Medium"
"14594",0,0,NA,0,-1,"Medium"
"14595",0,0,NA,0,-1,"High"
"14596",0,0,NA,0,-1,"Medium"
"14597",0,0,NA,0,-1,"High"
"14598",0,0,NA,0,-1,"High"
"14599",0,0,NA,0,-1,"Medium"
"14600",0,0,NA,0,-1,"Medium"
"14601",16080,16081,"Soil_Moisture",10.305,1,NA
"14602",0,0,NA,0,-1,"High"
"14603",0,0,NA,0,-1,"Medium"
"14604",16082,16083,"Season",1,1,NA
"14605",0,0,NA,0,-1,"Medium"
"14606",16084,16085,"Region",3,1,NA
"14607",16086,16087,"Soil_Moisture",10.395,1,NA
"14608",0,0,NA,0,-1,"Medium"
"14609",0,0,NA,0,-1,"High"
"14610",16088,16089,"Irrigation_Type",4,1,NA
"14611",16090,16091,"Rainfall_mm",2251.445,1,NA
"14612",16092,16093,"Field_Area_hectare",6.94,1,NA
"14613",0,0,NA,0,-1,"Medium"
"14614",16094,16095,"Region",7,1,NA
"14615",0,0,NA,0,-1,"High"
"14616",0,0,NA,0,-1,"Medium"
"14617",16096,16097,"Crop_Growth_Stage",1,1,NA
"14618",0,0,NA,0,-1,"High"
"14619",0,0,NA,0,-1,"Medium"
"14620",16098,16099,"Crop_Type",2,1,NA
"14621",16100,16101,"Irrigation_Type",1,1,NA
"14622",16102,16103,"Humidity",66.385,1,NA
"14623",0,0,NA,0,-1,"High"
"14624",16104,16105,"Soil_pH",5.075,1,NA
"14625",16106,16107,"Temperature_C",34.76,1,NA
"14626",0,0,NA,0,-1,"Medium"
"14627",0,0,NA,0,-1,"High"
"14628",16108,16109,"Field_Area_hectare",6.555,1,NA
"14629",16110,16111,"Soil_Type",4,1,NA
"14630",16112,16113,"Wind_Speed_kmh",19.71,1,NA
"14631",0,0,NA,0,-1,"Medium"
"14632",16114,16115,"Soil_Type",7,1,NA
"14633",0,0,NA,0,-1,"High"
"14634",0,0,NA,0,-1,"Medium"
"14635",0,0,NA,0,-1,"High"
"14636",0,0,NA,0,-1,"Medium"
"14637",16116,16117,"Temperature_C",30.775,1,NA
"14638",0,0,NA,0,-1,"Medium"
"14639",16118,16119,"Wind_Speed_kmh",11.905,1,NA
"14640",0,0,NA,0,-1,"Medium"
"14641",0,0,NA,0,-1,"High"
"14642",0,0,NA,0,-1,"Medium"
"14643",0,0,NA,0,-1,"High"
"14644",16120,16121,"Previous_Irrigation_mm",36.245,1,NA
"14645",16122,16123,"Wind_Speed_kmh",18.76,1,NA
"14646",0,0,NA,0,-1,"Medium"
"14647",16124,16125,"Previous_Irrigation_mm",7.92,1,NA
"14648",16126,16127,"Soil_pH",7.365,1,NA
"14649",16128,16129,"Field_Area_hectare",5.03,1,NA
"14650",0,0,NA,0,-1,"High"
"14651",0,0,NA,0,-1,"Medium"
"14652",0,0,NA,0,-1,"Medium"
"14653",0,0,NA,0,-1,"Low"
"14654",16130,16131,"Wind_Speed_kmh",16.305,1,NA
"14655",16132,16133,"Water_Source",7,1,NA
"14656",0,0,NA,0,-1,"Medium"
"14657",0,0,NA,0,-1,"Low"
"14658",16134,16135,"Field_Area_hectare",1.075,1,NA
"14659",16136,16137,"Electrical_Conductivity",0.21,1,NA
"14660",0,0,NA,0,-1,"Low"
"14661",0,0,NA,0,-1,"Medium"
"14662",0,0,NA,0,-1,"Medium"
"14663",16138,16139,"Soil_pH",5.875,1,NA
"14664",16140,16141,"Soil_pH",5.29,1,NA
"14665",0,0,NA,0,-1,"Medium"
"14666",16142,16143,"Sunlight_Hours",6.465,1,NA
"14667",16144,16145,"Sunlight_Hours",8.28,1,NA
"14668",16146,16147,"Soil_pH",5.42,1,NA
"14669",16148,16149,"Region",2,1,NA
"14670",16150,16151,"Sunlight_Hours",6.56,1,NA
"14671",0,0,NA,0,-1,"Medium"
"14672",16152,16153,"Wind_Speed_kmh",10.095,1,NA
"14673",0,0,NA,0,-1,"Medium"
"14674",0,0,NA,0,-1,"Medium"
"14675",0,0,NA,0,-1,"Low"
"14676",16154,16155,"Temperature_C",38.535,1,NA
"14677",16156,16157,"Previous_Irrigation_mm",109.18,1,NA
"14678",16158,16159,"Electrical_Conductivity",2.415,1,NA
"14679",16160,16161,"Electrical_Conductivity",2.815,1,NA
"14680",0,0,NA,0,-1,"Medium"
"14681",16162,16163,"Rainfall_mm",1552.715,1,NA
"14682",16164,16165,"Crop_Type",1,1,NA
"14683",0,0,NA,0,-1,"Medium"
"14684",16166,16167,"Humidity",62.97,1,NA
"14685",16168,16169,"Region",12,1,NA
"14686",0,0,NA,0,-1,"Medium"
"14687",16170,16171,"Field_Area_hectare",13.905,1,NA
"14688",0,0,NA,0,-1,"Medium"
"14689",16172,16173,"Crop_Type",14,1,NA
"14690",16174,16175,"Field_Area_hectare",3.895,1,NA
"14691",16176,16177,"Temperature_C",35.87,1,NA
"14692",0,0,NA,0,-1,"Medium"
"14693",0,0,NA,0,-1,"Low"
"14694",0,0,NA,0,-1,"Low"
"14695",16178,16179,"Soil_pH",5.2,1,NA
"14696",0,0,NA,0,-1,"Medium"
"14697",0,0,NA,0,-1,"Low"
"14698",16180,16181,"Crop_Growth_Stage",1,1,NA
"14699",16182,16183,"Electrical_Conductivity",3.465,1,NA
"14700",16184,16185,"Humidity",48.54,1,NA
"14701",16186,16187,"Region",11,1,NA
"14702",0,0,NA,0,-1,"Medium"
"14703",16188,16189,"Previous_Irrigation_mm",107.15,1,NA
"14704",16190,16191,"Soil_pH",5.96,1,NA
"14705",16192,16193,"Electrical_Conductivity",3.13,1,NA
"14706",16194,16195,"Crop_Type",2,1,NA
"14707",16196,16197,"Humidity",43.025,1,NA
"14708",16198,16199,"Sunlight_Hours",10.92,1,NA
"14709",16200,16201,"Organic_Carbon",1.435,1,NA
"14710",16202,16203,"Soil_Type",2,1,NA
"14711",16204,16205,"Sunlight_Hours",9.245,1,NA
"14712",16206,16207,"Humidity",91.46,1,NA
"14713",0,0,NA,0,-1,"Low"
"14714",0,0,NA,0,-1,"Low"
"14715",16208,16209,"Soil_Type",4,1,NA
"14716",0,0,NA,0,-1,"Medium"
"14717",0,0,NA,0,-1,"Low"
"14718",0,0,NA,0,-1,"Low"
"14719",16210,16211,"Soil_Moisture",8.125,1,NA
"14720",16212,16213,"Soil_Moisture",9.605,1,NA
"14721",0,0,NA,0,-1,"Medium"
"14722",0,0,NA,0,-1,"Medium"
"14723",16214,16215,"Soil_Moisture",9.77,1,NA
"14724",0,0,NA,0,-1,"Medium"
"14725",0,0,NA,0,-1,"Low"
"14726",0,0,NA,0,-1,"Medium"
"14727",0,0,NA,0,-1,"Low"
"14728",0,0,NA,0,-1,"Low"
"14729",16216,16217,"Temperature_C",23.795,1,NA
"14730",0,0,NA,0,-1,"Low"
"14731",16218,16219,"Field_Area_hectare",6.85,1,NA
"14732",0,0,NA,0,-1,"Medium"
"14733",0,0,NA,0,-1,"Low"
"14734",0,0,NA,0,-1,"Low"
"14735",16220,16221,"Soil_pH",7.48,1,NA
"14736",0,0,NA,0,-1,"Low"
"14737",0,0,NA,0,-1,"Medium"
"14738",0,0,NA,0,-1,"Medium"
"14739",0,0,NA,0,-1,"Low"
"14740",16222,16223,"Season",2,1,NA
"14741",0,0,NA,0,-1,"Low"
"14742",0,0,NA,0,-1,"Low"
"14743",0,0,NA,0,-1,"Medium"
"14744",0,0,NA,0,-1,"Low"
"14745",0,0,NA,0,-1,"Medium"
"14746",0,0,NA,0,-1,"Low"
"14747",0,0,NA,0,-1,"Medium"
"14748",0,0,NA,0,-1,"Medium"
"14749",0,0,NA,0,-1,"Low"
"14750",16224,16225,"Crop_Type",4,1,NA
"14751",0,0,NA,0,-1,"Low"
"14752",0,0,NA,0,-1,"Low"
"14753",0,0,NA,0,-1,"Medium"
"14754",16226,16227,"Crop_Type",10,1,NA
"14755",16228,16229,"Soil_Type",1,1,NA
"14756",16230,16231,"Organic_Carbon",1.025,1,NA
"14757",0,0,NA,0,-1,"Low"
"14758",16232,16233,"Sunlight_Hours",10.785,1,NA
"14759",0,0,NA,0,-1,"Medium"
"14760",16234,16235,"Sunlight_Hours",7.425,1,NA
"14761",16236,16237,"Electrical_Conductivity",1,1,NA
"14762",0,0,NA,0,-1,"Medium"
"14763",16238,16239,"Region",6,1,NA
"14764",16240,16241,"Rainfall_mm",661.905,1,NA
"14765",16242,16243,"Soil_pH",7.52,1,NA
"14766",16244,16245,"Rainfall_mm",1386.695,1,NA
"14767",0,0,NA,0,-1,"Low"
"14768",0,0,NA,0,-1,"Medium"
"14769",16246,16247,"Rainfall_mm",1581.835,1,NA
"14770",16248,16249,"Previous_Irrigation_mm",42.53,1,NA
"14771",16250,16251,"Wind_Speed_kmh",1.095,1,NA
"14772",0,0,NA,0,-1,"Medium"
"14773",0,0,NA,0,-1,"Low"
"14774",0,0,NA,0,-1,"Low"
"14775",16252,16253,"Electrical_Conductivity",0.26,1,NA
"14776",0,0,NA,0,-1,"Medium"
"14777",16254,16255,"Soil_pH",5.425,1,NA
"14778",16256,16257,"Temperature_C",12.565,1,NA
"14779",16258,16259,"Organic_Carbon",1.58,1,NA
"14780",16260,16261,"Soil_pH",7.695,1,NA
"14781",16262,16263,"Sunlight_Hours",7.58,1,NA
"14782",16264,16265,"Humidity",51.7,1,NA
"14783",0,0,NA,0,-1,"Low"
"14784",0,0,NA,0,-1,"Medium"
"14785",0,0,NA,0,-1,"Low"
"14786",16266,16267,"Humidity",31.38,1,NA
"14787",16268,16269,"Region",1,1,NA
"14788",0,0,NA,0,-1,"Low"
"14789",16270,16271,"Region",2,1,NA
"14790",0,0,NA,0,-1,"Low"
"14791",16272,16273,"Organic_Carbon",0.585,1,NA
"14792",0,0,NA,0,-1,"Low"
"14793",16274,16275,"Irrigation_Type",4,1,NA
"14794",16276,16277,"Humidity",49.33,1,NA
"14795",0,0,NA,0,-1,"Medium"
"14796",0,0,NA,0,-1,"Medium"
"14797",16278,16279,"Crop_Type",24,1,NA
"14798",16280,16281,"Soil_Moisture",14.39,1,NA
"14799",16282,16283,"Wind_Speed_kmh",7.53,1,NA
"14800",0,0,NA,0,-1,"Low"
"14801",0,0,NA,0,-1,"Medium"
"14802",16284,16285,"Temperature_C",32.64,1,NA
"14803",0,0,NA,0,-1,"Medium"
"14804",0,0,NA,0,-1,"Medium"
"14805",0,0,NA,0,-1,"Low"
"14806",0,0,NA,0,-1,"Medium"
"14807",0,0,NA,0,-1,"Low"
"14808",16286,16287,"Rainfall_mm",542.885,1,NA
"14809",0,0,NA,0,-1,"Low"
"14810",16288,16289,"Soil_Moisture",17.695,1,NA
"14811",16290,16291,"Rainfall_mm",479.805,1,NA
"14812",16292,16293,"Crop_Type",8,1,NA
"14813",0,0,NA,0,-1,"Medium"
"14814",0,0,NA,0,-1,"Medium"
"14815",16294,16295,"Soil_pH",7.35,1,NA
"14816",0,0,NA,0,-1,"Low"
"14817",0,0,NA,0,-1,"Medium"
"14818",0,0,NA,0,-1,"Medium"
"14819",16296,16297,"Soil_pH",6.835,1,NA
"14820",0,0,NA,0,-1,"Low"
"14821",0,0,NA,0,-1,"Medium"
"14822",0,0,NA,0,-1,"Low"
"14823",16298,16299,"Temperature_C",31.9,1,NA
"14824",0,0,NA,0,-1,"Low"
"14825",16300,16301,"Crop_Type",12,1,NA
"14826",0,0,NA,0,-1,"Medium"
"14827",0,0,NA,0,-1,"Low"
"14828",16302,16303,"Irrigation_Type",4,1,NA
"14829",16304,16305,"Previous_Irrigation_mm",106.32,1,NA
"14830",0,0,NA,0,-1,"Low"
"14831",16306,16307,"Soil_Type",2,1,NA
"14832",16308,16309,"Electrical_Conductivity",1.78,1,NA
"14833",16310,16311,"Organic_Carbon",1.115,1,NA
"14834",0,0,NA,0,-1,"Low"
"14835",16312,16313,"Season",3,1,NA
"14836",16314,16315,"Crop_Type",7,1,NA
"14837",0,0,NA,0,-1,"Low"
"14838",16316,16317,"Soil_Moisture",8.245,1,NA
"14839",16318,16319,"Region",10,1,NA
"14840",16320,16321,"Water_Source",1,1,NA
"14841",0,0,NA,0,-1,"Low"
"14842",16322,16323,"Previous_Irrigation_mm",105.815,1,NA
"14843",16324,16325,"Field_Area_hectare",8.615,1,NA
"14844",16326,16327,"Organic_Carbon",1.435,1,NA
"14845",0,0,NA,0,-1,"Low"
"14846",0,0,NA,0,-1,"Medium"
"14847",0,0,NA,0,-1,"Low"
"14848",0,0,NA,0,-1,"Medium"
"14849",0,0,NA,0,-1,"Low"
"14850",16328,16329,"Soil_Moisture",18.03,1,NA
"14851",16330,16331,"Temperature_C",38.62,1,NA
"14852",0,0,NA,0,-1,"Medium"
"14853",0,0,NA,0,-1,"Low"
"14854",0,0,NA,0,-1,"Low"
"14855",0,0,NA,0,-1,"Medium"
"14856",16332,16333,"Irrigation_Type",1,1,NA
"14857",16334,16335,"Soil_Moisture",8.38,1,NA
"14858",16336,16337,"Rainfall_mm",531.88,1,NA
"14859",16338,16339,"Organic_Carbon",0.425,1,NA
"14860",0,0,NA,0,-1,"Low"
"14861",16340,16341,"Wind_Speed_kmh",4.945,1,NA
"14862",16342,16343,"Field_Area_hectare",12.68,1,NA
"14863",0,0,NA,0,-1,"Low"
"14864",0,0,NA,0,-1,"Low"
"14865",16344,16345,"Soil_pH",6.385,1,NA
"14866",16346,16347,"Field_Area_hectare",13.545,1,NA
"14867",16348,16349,"Field_Area_hectare",12.625,1,NA
"14868",0,0,NA,0,-1,"Low"
"14869",0,0,NA,0,-1,"Medium"
"14870",16350,16351,"Field_Area_hectare",4.28,1,NA
"14871",16352,16353,"Wind_Speed_kmh",6.96,1,NA
"14872",0,0,NA,0,-1,"Low"
"14873",16354,16355,"Temperature_C",41.01,1,NA
"14874",0,0,NA,0,-1,"Low"
"14875",16356,16357,"Humidity",87.565,1,NA
"14876",16358,16359,"Rainfall_mm",774.05,1,NA
"14877",0,0,NA,0,-1,"Low"
"14878",0,0,NA,0,-1,"Low"
"14879",16360,16361,"Wind_Speed_kmh",1.48,1,NA
"14880",16362,16363,"Field_Area_hectare",0.985,1,NA
"14881",0,0,NA,0,-1,"Low"
"14882",16364,16365,"Wind_Speed_kmh",2.615,1,NA
"14883",0,0,NA,0,-1,"Low"
"14884",16366,16367,"Temperature_C",33.915,1,NA
"14885",16368,16369,"Temperature_C",40.885,1,NA
"14886",0,0,NA,0,-1,"Medium"
"14887",0,0,NA,0,-1,"Low"
"14888",16370,16371,"Rainfall_mm",351.58,1,NA
"14889",0,0,NA,0,-1,"Low"
"14890",16372,16373,"Soil_pH",7.53,1,NA
"14891",0,0,NA,0,-1,"Low"
"14892",16374,16375,"Soil_pH",5.165,1,NA
"14893",16376,16377,"Sunlight_Hours",10.085,1,NA
"14894",16378,16379,"Temperature_C",33.02,1,NA
"14895",0,0,NA,0,-1,"Low"
"14896",16380,16381,"Field_Area_hectare",3.145,1,NA
"14897",0,0,NA,0,-1,"Low"
"14898",0,0,NA,0,-1,"Medium"
"14899",0,0,NA,0,-1,"Low"
"14900",16382,16383,"Wind_Speed_kmh",5.645,1,NA
"14901",0,0,NA,0,-1,"Medium"
"14902",0,0,NA,0,-1,"Low"
"14903",0,0,NA,0,-1,"Medium"
"14904",0,0,NA,0,-1,"Low"
"14905",0,0,NA,0,-1,"Medium"
"14906",16384,16385,"Soil_pH",5.24,1,NA
"14907",16386,16387,"Electrical_Conductivity",3.12,1,NA
"14908",0,0,NA,0,-1,"Low"
"14909",0,0,NA,0,-1,"Medium"
"14910",0,0,NA,0,-1,"Low"
"14911",16388,16389,"Field_Area_hectare",10.525,1,NA
"14912",0,0,NA,0,-1,"Medium"
"14913",16390,16391,"Previous_Irrigation_mm",19.675,1,NA
"14914",0,0,NA,0,-1,"Medium"
"14915",0,0,NA,0,-1,"Low"
"14916",0,0,NA,0,-1,"Medium"
"14917",0,0,NA,0,-1,"Low"
"14918",0,0,NA,0,-1,"Low"
"14919",0,0,NA,0,-1,"Medium"
"14920",16392,16393,"Soil_Moisture",23.87,1,NA
"14921",0,0,NA,0,-1,"Low"
"14922",16394,16395,"Soil_Moisture",43.43,1,NA
"14923",0,0,NA,0,-1,"Low"
"14924",0,0,NA,0,-1,"Medium"
"14925",0,0,NA,0,-1,"Low"
"14926",16396,16397,"Field_Area_hectare",6.8,1,NA
"14927",0,0,NA,0,-1,"Low"
"14928",16398,16399,"Soil_pH",7.5,1,NA
"14929",16400,16401,"Sunlight_Hours",5.755,1,NA
"14930",16402,16403,"Wind_Speed_kmh",16.155,1,NA
"14931",0,0,NA,0,-1,"Low"
"14932",0,0,NA,0,-1,"Medium"
"14933",0,0,NA,0,-1,"Low"
"14934",0,0,NA,0,-1,"Medium"
"14935",0,0,NA,0,-1,"Low"
"14936",0,0,NA,0,-1,"Medium"
"14937",16404,16405,"Temperature_C",14.62,1,NA
"14938",0,0,NA,0,-1,"Medium"
"14939",0,0,NA,0,-1,"Low"
"14940",16406,16407,"Organic_Carbon",0.795,1,NA
"14941",0,0,NA,0,-1,"Medium"
"14942",0,0,NA,0,-1,"Medium"
"14943",0,0,NA,0,-1,"Low"
"14944",16408,16409,"Sunlight_Hours",5.535,1,NA
"14945",0,0,NA,0,-1,"Low"
"14946",0,0,NA,0,-1,"Medium"
"14947",0,0,NA,0,-1,"Low"
"14948",0,0,NA,0,-1,"Medium"
"14949",16410,16411,"Field_Area_hectare",9.81,1,NA
"14950",16412,16413,"Region",10,1,NA
"14951",16414,16415,"Season",1,1,NA
"14952",0,0,NA,0,-1,"Medium"
"14953",16416,16417,"Soil_Moisture",33.935,1,NA
"14954",16418,16419,"Previous_Irrigation_mm",44.135,1,NA
"14955",0,0,NA,0,-1,"Low"
"14956",0,0,NA,0,-1,"Medium"
"14957",0,0,NA,0,-1,"Low"
"14958",16420,16421,"Previous_Irrigation_mm",75.17,1,NA
"14959",0,0,NA,0,-1,"Medium"
"14960",16422,16423,"Rainfall_mm",757.66,1,NA
"14961",16424,16425,"Temperature_C",29.89,1,NA
"14962",0,0,NA,0,-1,"Medium"
"14963",0,0,NA,0,-1,"Low"
"14964",16426,16427,"Sunlight_Hours",7.705,1,NA
"14965",16428,16429,"Sunlight_Hours",4.355,1,NA
"14966",16430,16431,"Crop_Type",16,1,NA
"14967",16432,16433,"Region",2,1,NA
"14968",0,0,NA,0,-1,"Medium"
"14969",16434,16435,"Crop_Type",26,1,NA
"14970",16436,16437,"Season",2,1,NA
"14971",16438,16439,"Organic_Carbon",1.285,1,NA
"14972",0,0,NA,0,-1,"Low"
"14973",0,0,NA,0,-1,"Medium"
"14974",0,0,NA,0,-1,"Low"
"14975",16440,16441,"Sunlight_Hours",7.6,1,NA
"14976",0,0,NA,0,-1,"Low"
"14977",16442,16443,"Soil_Moisture",43.13,1,NA
"14978",0,0,NA,0,-1,"Medium"
"14979",0,0,NA,0,-1,"Low"
"14980",0,0,NA,0,-1,"Low"
"14981",0,0,NA,0,-1,"Medium"
"14982",0,0,NA,0,-1,"Low"
"14983",16444,16445,"Humidity",47.33,1,NA
"14984",16446,16447,"Season",3,1,NA
"14985",0,0,NA,0,-1,"Low"
"14986",16448,16449,"Wind_Speed_kmh",15.895,1,NA
"14987",0,0,NA,0,-1,"Low"
"14988",0,0,NA,0,-1,"Medium"
"14989",0,0,NA,0,-1,"Low"
"14990",0,0,NA,0,-1,"Low"
"14991",16450,16451,"Wind_Speed_kmh",11.635,1,NA
"14992",16452,16453,"Field_Area_hectare",2.265,1,NA
"14993",0,0,NA,0,-1,"Medium"
"14994",0,0,NA,0,-1,"Low"
"14995",0,0,NA,0,-1,"Medium"
"14996",0,0,NA,0,-1,"Low"
"14997",0,0,NA,0,-1,"Medium"
"14998",0,0,NA,0,-1,"Low"
"14999",16454,16455,"Region",15,1,NA
"15000",0,0,NA,0,-1,"Medium"
"15001",0,0,NA,0,-1,"Low"
"15002",16456,16457,"Crop_Type",5,1,NA
"15003",0,0,NA,0,-1,"Low"
"15004",16458,16459,"Rainfall_mm",526.115,1,NA
"15005",0,0,NA,0,-1,"Medium"
"15006",0,0,NA,0,-1,"Low"
"15007",16460,16461,"Crop_Type",1,1,NA
"15008",16462,16463,"Wind_Speed_kmh",17.285,1,NA
"15009",16464,16465,"Temperature_C",27.545,1,NA
"15010",0,0,NA,0,-1,"Low"
"15011",0,0,NA,0,-1,"Medium"
"15012",0,0,NA,0,-1,"Low"
"15013",0,0,NA,0,-1,"Medium"
"15014",16466,16467,"Soil_pH",5.565,1,NA
"15015",0,0,NA,0,-1,"Low"
"15016",16468,16469,"Temperature_C",19.245,1,NA
"15017",16470,16471,"Soil_pH",7.255,1,NA
"15018",0,0,NA,0,-1,"Medium"
"15019",16472,16473,"Sunlight_Hours",4.5,1,NA
"15020",0,0,NA,0,-1,"Low"
"15021",0,0,NA,0,-1,"Medium"
"15022",16474,16475,"Rainfall_mm",647.375,1,NA
"15023",16476,16477,"Sunlight_Hours",8.79,1,NA
"15024",16478,16479,"Organic_Carbon",0.985,1,NA
"15025",16480,16481,"Electrical_Conductivity",1.82,1,NA
"15026",16482,16483,"Water_Source",4,1,NA
"15027",16484,16485,"Soil_pH",6.33,1,NA
"15028",0,0,NA,0,-1,"Medium"
"15029",16486,16487,"Soil_Type",1,1,NA
"15030",0,0,NA,0,-1,"Low"
"15031",0,0,NA,0,-1,"Medium"
"15032",0,0,NA,0,-1,"Low"
"15033",16488,16489,"Sunlight_Hours",6.075,1,NA
"15034",0,0,NA,0,-1,"Medium"
"15035",0,0,NA,0,-1,"Low"
"15036",16490,16491,"Humidity",70.04,1,NA
"15037",0,0,NA,0,-1,"Medium"
"15038",0,0,NA,0,-1,"Medium"
"15039",0,0,NA,0,-1,"Low"
"15040",16492,16493,"Region",3,1,NA
"15041",16494,16495,"Organic_Carbon",1.255,1,NA
"15042",0,0,NA,0,-1,"Low"
"15043",0,0,NA,0,-1,"Medium"
"15044",16496,16497,"Season",1,1,NA
"15045",0,0,NA,0,-1,"Medium"
"15046",16498,16499,"Wind_Speed_kmh",12.535,1,NA
"15047",16500,16501,"Temperature_C",38.995,1,NA
"15048",16502,16503,"Soil_Moisture",19.045,1,NA
"15049",16504,16505,"Soil_Type",3,1,NA
"15050",16506,16507,"Sunlight_Hours",8.72,1,NA
"15051",16508,16509,"Previous_Irrigation_mm",117.13,1,NA
"15052",16510,16511,"Electrical_Conductivity",0.67,1,NA
"15053",16512,16513,"Rainfall_mm",450.81,1,NA
"15054",16514,16515,"Previous_Irrigation_mm",105.98,1,NA
"15055",0,0,NA,0,-1,"Low"
"15056",0,0,NA,0,-1,"Medium"
"15057",16516,16517,"Rainfall_mm",636.06,1,NA
"15058",16518,16519,"Humidity",60.445,1,NA
"15059",16520,16521,"Temperature_C",34.415,1,NA
"15060",0,0,NA,0,-1,"Low"
"15061",0,0,NA,0,-1,"Medium"
"15062",16522,16523,"Organic_Carbon",0.885,1,NA
"15063",0,0,NA,0,-1,"Medium"
"15064",0,0,NA,0,-1,"Low"
"15065",0,0,NA,0,-1,"Medium"
"15066",0,0,NA,0,-1,"Low"
"15067",0,0,NA,0,-1,"Medium"
"15068",0,0,NA,0,-1,"Low"
"15069",16524,16525,"Soil_Moisture",17.865,1,NA
"15070",0,0,NA,0,-1,"Medium"
"15071",0,0,NA,0,-1,"Low"
"15072",16526,16527,"Humidity",44.495,1,NA
"15073",16528,16529,"Humidity",40.895,1,NA
"15074",0,0,NA,0,-1,"Medium"
"15075",16530,16531,"Electrical_Conductivity",2.67,1,NA
"15076",0,0,NA,0,-1,"Low"
"15077",0,0,NA,0,-1,"Medium"
"15078",0,0,NA,0,-1,"Low"
"15079",0,0,NA,0,-1,"Medium"
"15080",0,0,NA,0,-1,"High"
"15081",0,0,NA,0,-1,"Medium"
"15082",16532,16533,"Soil_pH",6.16,1,NA
"15083",0,0,NA,0,-1,"High"
"15084",0,0,NA,0,-1,"Medium"
"15085",0,0,NA,0,-1,"Low"
"15086",16534,16535,"Mulching_Used",1,1,NA
"15087",0,0,NA,0,-1,"Medium"
"15088",16536,16537,"Electrical_Conductivity",0.96,1,NA
"15089",16538,16539,"Soil_pH",5.71,1,NA
"15090",0,0,NA,0,-1,"Medium"
"15091",0,0,NA,0,-1,"Low"
"15092",16540,16541,"Field_Area_hectare",2.8,1,NA
"15093",0,0,NA,0,-1,"Medium"
"15094",0,0,NA,0,-1,"Medium"
"15095",16542,16543,"Humidity",50.86,1,NA
"15096",0,0,NA,0,-1,"Low"
"15097",16544,16545,"Rainfall_mm",2265.44,1,NA
"15098",0,0,NA,0,-1,"Medium"
"15099",16546,16547,"Crop_Type",4,1,NA
"15100",16548,16549,"Soil_pH",5.47,1,NA
"15101",16550,16551,"Organic_Carbon",0.37,1,NA
"15102",0,0,NA,0,-1,"Medium"
"15103",16552,16553,"Soil_Moisture",14.525,1,NA
"15104",16554,16555,"Wind_Speed_kmh",13.605,1,NA
"15105",0,0,NA,0,-1,"Medium"
"15106",0,0,NA,0,-1,"Medium"
"15107",0,0,NA,0,-1,"Low"
"15108",0,0,NA,0,-1,"Low"
"15109",0,0,NA,0,-1,"Medium"
"15110",0,0,NA,0,-1,"Medium"
"15111",16556,16557,"Field_Area_hectare",4.1,1,NA
"15112",16558,16559,"Rainfall_mm",516.21,1,NA
"15113",0,0,NA,0,-1,"Medium"
"15114",16560,16561,"Region",8,1,NA
"15115",0,0,NA,0,-1,"Low"
"15116",0,0,NA,0,-1,"Medium"
"15117",0,0,NA,0,-1,"Low"
"15118",16562,16563,"Soil_pH",5.8,1,NA
"15119",0,0,NA,0,-1,"Low"
"15120",0,0,NA,0,-1,"Low"
"15121",0,0,NA,0,-1,"Medium"
"15122",0,0,NA,0,-1,"Medium"
"15123",16564,16565,"Sunlight_Hours",6.92,1,NA
"15124",16566,16567,"Water_Source",4,1,NA
"15125",16568,16569,"Electrical_Conductivity",2.965,1,NA
"15126",16570,16571,"Previous_Irrigation_mm",63.585,1,NA
"15127",16572,16573,"Sunlight_Hours",4.435,1,NA
"15128",0,0,NA,0,-1,"Medium"
"15129",0,0,NA,0,-1,"Low"
"15130",16574,16575,"Sunlight_Hours",6.775,1,NA
"15131",0,0,NA,0,-1,"Low"
"15132",16576,16577,"Organic_Carbon",0.95,1,NA
"15133",0,0,NA,0,-1,"Medium"
"15134",0,0,NA,0,-1,"Low"
"15135",0,0,NA,0,-1,"Medium"
"15136",0,0,NA,0,-1,"Medium"
"15137",16578,16579,"Wind_Speed_kmh",19.645,1,NA
"15138",0,0,NA,0,-1,"Low"
"15139",0,0,NA,0,-1,"Medium"
"15140",0,0,NA,0,-1,"Medium"
"15141",16580,16581,"Electrical_Conductivity",1.845,1,NA
"15142",0,0,NA,0,-1,"Medium"
"15143",16582,16583,"Previous_Irrigation_mm",11.725,1,NA
"15144",16584,16585,"Soil_pH",7.655,1,NA
"15145",0,0,NA,0,-1,"Low"
"15146",0,0,NA,0,-1,"Low"
"15147",16586,16587,"Field_Area_hectare",9.105,1,NA
"15148",16588,16589,"Humidity",31.145,1,NA
"15149",0,0,NA,0,-1,"Low"
"15150",0,0,NA,0,-1,"Medium"
"15151",0,0,NA,0,-1,"Low"
"15152",0,0,NA,0,-1,"Medium"
"15153",0,0,NA,0,-1,"Low"
"15154",0,0,NA,0,-1,"Low"
"15155",0,0,NA,0,-1,"Medium"
"15156",0,0,NA,0,-1,"Low"
"15157",0,0,NA,0,-1,"Medium"
"15158",16590,16591,"Temperature_C",40.78,1,NA
"15159",16592,16593,"Temperature_C",36.99,1,NA
"15160",0,0,NA,0,-1,"Medium"
"15161",0,0,NA,0,-1,"Low"
"15162",16594,16595,"Wind_Speed_kmh",10.84,1,NA
"15163",0,0,NA,0,-1,"Medium"
"15164",16596,16597,"Soil_Type",4,1,NA
"15165",16598,16599,"Sunlight_Hours",10.28,1,NA
"15166",16600,16601,"Electrical_Conductivity",1.28,1,NA
"15167",0,0,NA,0,-1,"Low"
"15168",0,0,NA,0,-1,"Low"
"15169",16602,16603,"Temperature_C",14.035,1,NA
"15170",16604,16605,"Humidity",79.485,1,NA
"15171",16606,16607,"Season",3,1,NA
"15172",0,0,NA,0,-1,"Medium"
"15173",16608,16609,"Humidity",80.54,1,NA
"15174",0,0,NA,0,-1,"Medium"
"15175",0,0,NA,0,-1,"Low"
"15176",16610,16611,"Electrical_Conductivity",1.055,1,NA
"15177",16612,16613,"Sunlight_Hours",8.385,1,NA
"15178",16614,16615,"Sunlight_Hours",4.97,1,NA
"15179",16616,16617,"Crop_Type",5,1,NA
"15180",16618,16619,"Organic_Carbon",1.435,1,NA
"15181",0,0,NA,0,-1,"Low"
"15182",0,0,NA,0,-1,"Low"
"15183",0,0,NA,0,-1,"Medium"
"15184",0,0,NA,0,-1,"Low"
"15185",16620,16621,"Mulching_Used",1,1,NA
"15186",0,0,NA,0,-1,"Medium"
"15187",0,0,NA,0,-1,"Low"
"15188",16622,16623,"Rainfall_mm",504.845,1,NA
"15189",0,0,NA,0,-1,"Low"
"15190",16624,16625,"Rainfall_mm",2143.04,1,NA
"15191",16626,16627,"Season",2,1,NA
"15192",0,0,NA,0,-1,"Medium"
"15193",0,0,NA,0,-1,"Low"
"15194",0,0,NA,0,-1,"Low"
"15195",16628,16629,"Crop_Type",4,1,NA
"15196",0,0,NA,0,-1,"Low"
"15197",16630,16631,"Sunlight_Hours",8.045,1,NA
"15198",0,0,NA,0,-1,"Medium"
"15199",0,0,NA,0,-1,"Low"
"15200",16632,16633,"Mulching_Used",1,1,NA
"15201",0,0,NA,0,-1,"Medium"
"15202",0,0,NA,0,-1,"Medium"
"15203",16634,16635,"Mulching_Used",1,1,NA
"15204",16636,16637,"Season",2,1,NA
"15205",16638,16639,"Soil_Moisture",23.97,1,NA
"15206",16640,16641,"Rainfall_mm",955.06,1,NA
"15207",16642,16643,"Mulching_Used",1,1,NA
"15208",0,0,NA,0,-1,"Medium"
"15209",0,0,NA,0,-1,"Low"
"15210",16644,16645,"Field_Area_hectare",13.555,1,NA
"15211",16646,16647,"Soil_Moisture",22.775,1,NA
"15212",16648,16649,"Field_Area_hectare",12.845,1,NA
"15213",0,0,NA,0,-1,"Medium"
"15214",16650,16651,"Temperature_C",40.155,1,NA
"15215",16652,16653,"Soil_pH",5.92,1,NA
"15216",16654,16655,"Soil_pH",7.625,1,NA
"15217",0,0,NA,0,-1,"Low"
"15218",0,0,NA,0,-1,"Low"
"15219",0,0,NA,0,-1,"Medium"
"15220",16656,16657,"Soil_pH",7.46,1,NA
"15221",0,0,NA,0,-1,"Medium"
"15222",16658,16659,"Wind_Speed_kmh",11.985,1,NA
"15223",0,0,NA,0,-1,"Medium"
"15224",0,0,NA,0,-1,"Medium"
"15225",0,0,NA,0,-1,"Low"
"15226",16660,16661,"Field_Area_hectare",6.63,1,NA
"15227",0,0,NA,0,-1,"Low"
"15228",0,0,NA,0,-1,"Medium"
"15229",0,0,NA,0,-1,"Low"
"15230",16662,16663,"Sunlight_Hours",4.075,1,NA
"15231",16664,16665,"Wind_Speed_kmh",18.995,1,NA
"15232",0,0,NA,0,-1,"Medium"
"15233",0,0,NA,0,-1,"Low"
"15234",0,0,NA,0,-1,"Medium"
"15235",0,0,NA,0,-1,"Low"
"15236",0,0,NA,0,-1,"Medium"
"15237",0,0,NA,0,-1,"Low"
"15238",0,0,NA,0,-1,"Low"
"15239",0,0,NA,0,-1,"Medium"
"15240",16666,16667,"Irrigation_Type",6,1,NA
"15241",0,0,NA,0,-1,"Low"
"15242",16668,16669,"Sunlight_Hours",8.235,1,NA
"15243",0,0,NA,0,-1,"Low"
"15244",0,0,NA,0,-1,"Low"
"15245",0,0,NA,0,-1,"Medium"
"15246",0,0,NA,0,-1,"Low"
"15247",16670,16671,"Electrical_Conductivity",1.8,1,NA
"15248",0,0,NA,0,-1,"Low"
"15249",16672,16673,"Region",4,1,NA
"15250",0,0,NA,0,-1,"Medium"
"15251",0,0,NA,0,-1,"Low"
"15252",0,0,NA,0,-1,"Medium"
"15253",0,0,NA,0,-1,"Low"
"15254",16674,16675,"Sunlight_Hours",6.145,1,NA
"15255",16676,16677,"Sunlight_Hours",5.23,1,NA
"15256",16678,16679,"Soil_Moisture",58.155,1,NA
"15257",16680,16681,"Rainfall_mm",1290.655,1,NA
"15258",16682,16683,"Rainfall_mm",2021.595,1,NA
"15259",0,0,NA,0,-1,"Low"
"15260",0,0,NA,0,-1,"Low"
"15261",16684,16685,"Crop_Type",25,1,NA
"15262",0,0,NA,0,-1,"Low"
"15263",16686,16687,"Crop_Type",6,1,NA
"15264",0,0,NA,0,-1,"Medium"
"15265",0,0,NA,0,-1,"Low"
"15266",0,0,NA,0,-1,"Medium"
"15267",0,0,NA,0,-1,"Low"
"15268",16688,16689,"Soil_Type",3,1,NA
"15269",0,0,NA,0,-1,"Low"
"15270",0,0,NA,0,-1,"Medium"
"15271",0,0,NA,0,-1,"Low"
"15272",0,0,NA,0,-1,"Low"
"15273",16690,16691,"Rainfall_mm",600.55,1,NA
"15274",16692,16693,"Water_Source",3,1,NA
"15275",0,0,NA,0,-1,"Low"
"15276",16694,16695,"Temperature_C",40.25,1,NA
"15277",0,0,NA,0,-1,"Low"
"15278",0,0,NA,0,-1,"Low"
"15279",16696,16697,"Humidity",29.435,1,NA
"15280",0,0,NA,0,-1,"Low"
"15281",16698,16699,"Organic_Carbon",0.94,1,NA
"15282",0,0,NA,0,-1,"Medium"
"15283",0,0,NA,0,-1,"Low"
"15284",16700,16701,"Soil_Moisture",54.325,1,NA
"15285",16702,16703,"Organic_Carbon",0.595,1,NA
"15286",16704,16705,"Temperature_C",40.34,1,NA
"15287",16706,16707,"Soil_pH",7.815,1,NA
"15288",16708,16709,"Wind_Speed_kmh",15.98,1,NA
"15289",0,0,NA,0,-1,"Low"
"15290",0,0,NA,0,-1,"Low"
"15291",0,0,NA,0,-1,"Medium"
"15292",0,0,NA,0,-1,"Medium"
"15293",16710,16711,"Season",1,1,NA
"15294",0,0,NA,0,-1,"Low"
"15295",16712,16713,"Organic_Carbon",0.33,1,NA
"15296",0,0,NA,0,-1,"Low"
"15297",16714,16715,"Soil_Moisture",36.53,1,NA
"15298",0,0,NA,0,-1,"Low"
"15299",0,0,NA,0,-1,"Medium"
"15300",16716,16717,"Previous_Irrigation_mm",70.2,1,NA
"15301",0,0,NA,0,-1,"Low"
"15302",16718,16719,"Temperature_C",30.04,1,NA
"15303",16720,16721,"Sunlight_Hours",6.5,1,NA
"15304",16722,16723,"Sunlight_Hours",10.02,1,NA
"15305",16724,16725,"Soil_Type",4,1,NA
"15306",16726,16727,"Rainfall_mm",1722.7,1,NA
"15307",0,0,NA,0,-1,"Low"
"15308",0,0,NA,0,-1,"Medium"
"15309",16728,16729,"Previous_Irrigation_mm",97.39,1,NA
"15310",16730,16731,"Field_Area_hectare",5.56,1,NA
"15311",0,0,NA,0,-1,"Low"
"15312",16732,16733,"Wind_Speed_kmh",17.175,1,NA
"15313",16734,16735,"Water_Source",3,1,NA
"15314",0,0,NA,0,-1,"Low"
"15315",0,0,NA,0,-1,"Medium"
"15316",0,0,NA,0,-1,"Medium"
"15317",16736,16737,"Temperature_C",28.77,1,NA
"15318",16738,16739,"Temperature_C",26.515,1,NA
"15319",0,0,NA,0,-1,"Low"
"15320",0,0,NA,0,-1,"Medium"
"15321",0,0,NA,0,-1,"Low"
"15322",0,0,NA,0,-1,"Low"
"15323",16740,16741,"Electrical_Conductivity",0.995,1,NA
"15324",0,0,NA,0,-1,"Medium"
"15325",0,0,NA,0,-1,"Low"
"15326",16742,16743,"Soil_Moisture",45.585,1,NA
"15327",16744,16745,"Humidity",78.92,1,NA
"15328",16746,16747,"Field_Area_hectare",13.9,1,NA
"15329",0,0,NA,0,-1,"Low"
"15330",16748,16749,"Soil_Type",2,1,NA
"15331",0,0,NA,0,-1,"Low"
"15332",16750,16751,"Organic_Carbon",1.27,1,NA
"15333",0,0,NA,0,-1,"Low"
"15334",0,0,NA,0,-1,"Medium"
"15335",0,0,NA,0,-1,"Low"
"15336",0,0,NA,0,-1,"Low"
"15337",0,0,NA,0,-1,"Medium"
"15338",0,0,NA,0,-1,"Low"
"15339",16752,16753,"Season",3,1,NA
"15340",0,0,NA,0,-1,"Low"
"15341",0,0,NA,0,-1,"Medium"
"15342",0,0,NA,0,-1,"Low"
"15343",16754,16755,"Rainfall_mm",2197.33,1,NA
"15344",0,0,NA,0,-1,"Low"
"15345",0,0,NA,0,-1,"Medium"
"15346",0,0,NA,0,-1,"Medium"
"15347",16756,16757,"Field_Area_hectare",11.95,1,NA
"15348",0,0,NA,0,-1,"Medium"
"15349",16758,16759,"Field_Area_hectare",4.715,1,NA
"15350",16760,16761,"Water_Source",4,1,NA
"15351",0,0,NA,0,-1,"Medium"
"15352",16762,16763,"Electrical_Conductivity",1.085,1,NA
"15353",0,0,NA,0,-1,"Medium"
"15354",0,0,NA,0,-1,"Low"
"15355",0,0,NA,0,-1,"Medium"
"15356",16764,16765,"Temperature_C",14.73,1,NA
"15357",0,0,NA,0,-1,"Low"
"15358",0,0,NA,0,-1,"Low"
"15359",16766,16767,"Season",1,1,NA
"15360",0,0,NA,0,-1,"Low"
"15361",16768,16769,"Temperature_C",12.225,1,NA
"15362",16770,16771,"Organic_Carbon",1.255,1,NA
"15363",0,0,NA,0,-1,"Low"
"15364",0,0,NA,0,-1,"Low"
"15365",16772,16773,"Humidity",56.465,1,NA
"15366",0,0,NA,0,-1,"Low"
"15367",16774,16775,"Field_Area_hectare",7.86,1,NA
"15368",0,0,NA,0,-1,"Medium"
"15369",16776,16777,"Temperature_C",12.835,1,NA
"15370",0,0,NA,0,-1,"Low"
"15371",0,0,NA,0,-1,"Medium"
"15372",0,0,NA,0,-1,"Low"
"15373",0,0,NA,0,-1,"Medium"
"15374",0,0,NA,0,-1,"Low"
"15375",0,0,NA,0,-1,"Medium"
"15376",0,0,NA,0,-1,"Medium"
"15377",0,0,NA,0,-1,"Low"
"15378",0,0,NA,0,-1,"Low"
"15379",0,0,NA,0,-1,"Medium"
"15380",16778,16779,"Previous_Irrigation_mm",33.52,1,NA
"15381",0,0,NA,0,-1,"Low"
"15382",0,0,NA,0,-1,"Medium"
"15383",0,0,NA,0,-1,"Low"
"15384",0,0,NA,0,-1,"Medium"
"15385",0,0,NA,0,-1,"Low"
"15386",0,0,NA,0,-1,"Low"
"15387",0,0,NA,0,-1,"Medium"
"15388",16780,16781,"Season",2,1,NA
"15389",0,0,NA,0,-1,"Low"
"15390",16782,16783,"Soil_pH",7.815,1,NA
"15391",16784,16785,"Electrical_Conductivity",2.665,1,NA
"15392",0,0,NA,0,-1,"Medium"
"15393",16786,16787,"Organic_Carbon",1.425,1,NA
"15394",0,0,NA,0,-1,"High"
"15395",0,0,NA,0,-1,"Medium"
"15396",0,0,NA,0,-1,"Low"
"15397",0,0,NA,0,-1,"Medium"
"15398",16788,16789,"Sunlight_Hours",4.375,1,NA
"15399",16790,16791,"Previous_Irrigation_mm",91.73,1,NA
"15400",0,0,NA,0,-1,"Low"
"15401",0,0,NA,0,-1,"Medium"
"15402",16792,16793,"Region",13,1,NA
"15403",16794,16795,"Field_Area_hectare",12.145,1,NA
"15404",0,0,NA,0,-1,"Medium"
"15405",0,0,NA,0,-1,"Low"
"15406",0,0,NA,0,-1,"Low"
"15407",0,0,NA,0,-1,"Medium"
"15408",0,0,NA,0,-1,"Medium"
"15409",0,0,NA,0,-1,"Low"
"15410",0,0,NA,0,-1,"Medium"
"15411",0,0,NA,0,-1,"Low"
"15412",0,0,NA,0,-1,"Medium"
"15413",0,0,NA,0,-1,"Low"
"15414",0,0,NA,0,-1,"Low"
"15415",16796,16797,"Temperature_C",20.035,1,NA
"15416",0,0,NA,0,-1,"Medium"
"15417",0,0,NA,0,-1,"Low"
"15418",16798,16799,"Electrical_Conductivity",1.775,1,NA
"15419",16800,16801,"Electrical_Conductivity",1.75,1,NA
"15420",16802,16803,"Crop_Type",1,1,NA
"15421",0,0,NA,0,-1,"Medium"
"15422",0,0,NA,0,-1,"Medium"
"15423",16804,16805,"Temperature_C",28.07,1,NA
"15424",0,0,NA,0,-1,"Low"
"15425",0,0,NA,0,-1,"Medium"
"15426",0,0,NA,0,-1,"Low"
"15427",16806,16807,"Rainfall_mm",903.715,1,NA
"15428",0,0,NA,0,-1,"Medium"
"15429",16808,16809,"Crop_Type",22,1,NA
"15430",16810,16811,"Electrical_Conductivity",1.6,1,NA
"15431",0,0,NA,0,-1,"Low"
"15432",0,0,NA,0,-1,"Low"
"15433",0,0,NA,0,-1,"Medium"
"15434",16812,16813,"Organic_Carbon",0.645,1,NA
"15435",0,0,NA,0,-1,"Low"
"15436",16814,16815,"Soil_Type",1,1,NA
"15437",0,0,NA,0,-1,"Low"
"15438",0,0,NA,0,-1,"Medium"
"15439",0,0,NA,0,-1,"Low"
"15440",0,0,NA,0,-1,"Low"
"15441",0,0,NA,0,-1,"Medium"
"15442",16816,16817,"Organic_Carbon",0.42,1,NA
"15443",0,0,NA,0,-1,"Low"
"15444",0,0,NA,0,-1,"Medium"
"15445",0,0,NA,0,-1,"Low"
"15446",0,0,NA,0,-1,"Low"
"15447",0,0,NA,0,-1,"Medium"
"15448",0,0,NA,0,-1,"Low"
"15449",0,0,NA,0,-1,"Medium"
"15450",0,0,NA,0,-1,"Medium"
"15451",16818,16819,"Sunlight_Hours",9.21,1,NA
"15452",0,0,NA,0,-1,"Medium"
"15453",0,0,NA,0,-1,"Low"
"15454",0,0,NA,0,-1,"Medium"
"15455",0,0,NA,0,-1,"Low"
"15456",0,0,NA,0,-1,"Medium"
"15457",16820,16821,"Irrigation_Type",1,1,NA
"15458",0,0,NA,0,-1,"Low"
"15459",16822,16823,"Electrical_Conductivity",1.68,1,NA
"15460",0,0,NA,0,-1,"Medium"
"15461",0,0,NA,0,-1,"Low"
"15462",0,0,NA,0,-1,"Medium"
"15463",0,0,NA,0,-1,"Low"
"15464",0,0,NA,0,-1,"Medium"
"15465",0,0,NA,0,-1,"Low"
"15466",16824,16825,"Soil_Moisture",39.27,1,NA
"15467",16826,16827,"Irrigation_Type",4,1,NA
"15468",16828,16829,"Rainfall_mm",2166.25,1,NA
"15469",16830,16831,"Wind_Speed_kmh",1.23,1,NA
"15470",0,0,NA,0,-1,"Low"
"15471",0,0,NA,0,-1,"Medium"
"15472",0,0,NA,0,-1,"Low"
"15473",16832,16833,"Region",8,1,NA
"15474",16834,16835,"Irrigation_Type",5,1,NA
"15475",16836,16837,"Soil_Moisture",59.405,1,NA
"15476",16838,16839,"Field_Area_hectare",8.79,1,NA
"15477",0,0,NA,0,-1,"Low"
"15478",16840,16841,"Organic_Carbon",0.585,1,NA
"15479",0,0,NA,0,-1,"Low"
"15480",16842,16843,"Crop_Type",12,1,NA
"15481",0,0,NA,0,-1,"Low"
"15482",0,0,NA,0,-1,"Medium"
"15483",0,0,NA,0,-1,"Low"
"15484",16844,16845,"Wind_Speed_kmh",5.86,1,NA
"15485",0,0,NA,0,-1,"Medium"
"15486",16846,16847,"Crop_Type",7,1,NA
"15487",16848,16849,"Humidity",32.95,1,NA
"15488",0,0,NA,0,-1,"Low"
"15489",16850,16851,"Temperature_C",22.82,1,NA
"15490",0,0,NA,0,-1,"Medium"
"15491",16852,16853,"Temperature_C",21.525,1,NA
"15492",16854,16855,"Electrical_Conductivity",1.29,1,NA
"15493",16856,16857,"Soil_pH",5.25,1,NA
"15494",0,0,NA,0,-1,"Low"
"15495",0,0,NA,0,-1,"Medium"
"15496",16858,16859,"Field_Area_hectare",5.3,1,NA
"15497",0,0,NA,0,-1,"Medium"
"15498",0,0,NA,0,-1,"Low"
"15499",0,0,NA,0,-1,"Medium"
"15500",0,0,NA,0,-1,"Low"
"15501",16860,16861,"Wind_Speed_kmh",9.245,1,NA
"15502",0,0,NA,0,-1,"Low"
"15503",0,0,NA,0,-1,"Medium"
"15504",0,0,NA,0,-1,"Low"
"15505",16862,16863,"Soil_pH",6.115,1,NA
"15506",16864,16865,"Previous_Irrigation_mm",101.255,1,NA
"15507",0,0,NA,0,-1,"Low"
"15508",16866,16867,"Organic_Carbon",0.76,1,NA
"15509",0,0,NA,0,-1,"Low"
"15510",16868,16869,"Wind_Speed_kmh",8.095,1,NA
"15511",16870,16871,"Previous_Irrigation_mm",13.12,1,NA
"15512",16872,16873,"Temperature_C",23.935,1,NA
"15513",16874,16875,"Soil_Moisture",26.53,1,NA
"15514",16876,16877,"Soil_Moisture",47.89,1,NA
"15515",0,0,NA,0,-1,"Low"
"15516",16878,16879,"Field_Area_hectare",1.985,1,NA
"15517",0,0,NA,0,-1,"Low"
"15518",16880,16881,"Soil_Moisture",26.695,1,NA
"15519",16882,16883,"Irrigation_Type",5,1,NA
"15520",0,0,NA,0,-1,"Low"
"15521",0,0,NA,0,-1,"Medium"
"15522",16884,16885,"Electrical_Conductivity",3.475,1,NA
"15523",16886,16887,"Soil_Type",5,1,NA
"15524",16888,16889,"Soil_Moisture",58.685,1,NA
"15525",0,0,NA,0,-1,"Medium"
"15526",0,0,NA,0,-1,"Medium"
"15527",16890,16891,"Humidity",85.675,1,NA
"15528",16892,16893,"Soil_pH",6.4,1,NA
"15529",16894,16895,"Crop_Type",2,1,NA
"15530",0,0,NA,0,-1,"Low"
"15531",0,0,NA,0,-1,"Medium"
"15532",0,0,NA,0,-1,"Low"
"15533",16896,16897,"Field_Area_hectare",14.915,1,NA
"15534",16898,16899,"Field_Area_hectare",13.035,1,NA
"15535",0,0,NA,0,-1,"Low"
"15536",0,0,NA,0,-1,"Medium"
"15537",0,0,NA,0,-1,"Low"
"15538",0,0,NA,0,-1,"Medium"
"15539",0,0,NA,0,-1,"Low"
"15540",0,0,NA,0,-1,"Medium"
"15541",16900,16901,"Sunlight_Hours",5.86,1,NA
"15542",0,0,NA,0,-1,"Low"
"15543",16902,16903,"Sunlight_Hours",9.745,1,NA
"15544",0,0,NA,0,-1,"Low"
"15545",0,0,NA,0,-1,"Medium"
"15546",16904,16905,"Field_Area_hectare",6.99,1,NA
"15547",0,0,NA,0,-1,"Low"
"15548",0,0,NA,0,-1,"Medium"
"15549",0,0,NA,0,-1,"Low"
"15550",16906,16907,"Temperature_C",19.57,1,NA
"15551",16908,16909,"Soil_Type",1,1,NA
"15552",16910,16911,"Rainfall_mm",1763.48,1,NA
"15553",16912,16913,"Rainfall_mm",2173.085,1,NA
"15554",0,0,NA,0,-1,"High"
"15555",0,0,NA,0,-1,"Medium"
"15556",0,0,NA,0,-1,"High"
"15557",0,0,NA,0,-1,"Medium"
"15558",16914,16915,"Electrical_Conductivity",2.34,1,NA
"15559",0,0,NA,0,-1,"Medium"
"15560",16916,16917,"Soil_Moisture",8.39,1,NA
"15561",0,0,NA,0,-1,"High"
"15562",16918,16919,"Electrical_Conductivity",2.645,1,NA
"15563",16920,16921,"Wind_Speed_kmh",13.64,1,NA
"15564",16922,16923,"Region",4,1,NA
"15565",16924,16925,"Organic_Carbon",1.575,1,NA
"15566",16926,16927,"Electrical_Conductivity",0.395,1,NA
"15567",16928,16929,"Soil_Type",1,1,NA
"15568",16930,16931,"Region",4,1,NA
"15569",0,0,NA,0,-1,"Medium"
"15570",0,0,NA,0,-1,"High"
"15571",16932,16933,"Humidity",57.765,1,NA
"15572",16934,16935,"Region",2,1,NA
"15573",16936,16937,"Temperature_C",16.365,1,NA
"15574",0,0,NA,0,-1,"High"
"15575",0,0,NA,0,-1,"Medium"
"15576",16938,16939,"Humidity",82.085,1,NA
"15577",0,0,NA,0,-1,"Medium"
"15578",0,0,NA,0,-1,"High"
"15579",0,0,NA,0,-1,"Medium"
"15580",0,0,NA,0,-1,"High"
"15581",0,0,NA,0,-1,"Medium"
"15582",0,0,NA,0,-1,"Medium"
"15583",0,0,NA,0,-1,"High"
"15584",0,0,NA,0,-1,"High"
"15585",0,0,NA,0,-1,"Medium"
"15586",16940,16941,"Previous_Irrigation_mm",54.855,1,NA
"15587",0,0,NA,0,-1,"Medium"
"15588",0,0,NA,0,-1,"Medium"
"15589",16942,16943,"Field_Area_hectare",14.285,1,NA
"15590",0,0,NA,0,-1,"Medium"
"15591",0,0,NA,0,-1,"Low"
"15592",16944,16945,"Electrical_Conductivity",0.765,1,NA
"15593",0,0,NA,0,-1,"Medium"
"15594",0,0,NA,0,-1,"Low"
"15595",0,0,NA,0,-1,"Medium"
"15596",16946,16947,"Soil_Moisture",9.17,1,NA
"15597",16948,16949,"Soil_Moisture",10.225,1,NA
"15598",16950,16951,"Field_Area_hectare",1.06,1,NA
"15599",16952,16953,"Field_Area_hectare",2.265,1,NA
"15600",16954,16955,"Electrical_Conductivity",0.49,1,NA
"15601",0,0,NA,0,-1,"High"
"15602",16956,16957,"Region",15,1,NA
"15603",0,0,NA,0,-1,"Medium"
"15604",16958,16959,"Previous_Irrigation_mm",91.895,1,NA
"15605",16960,16961,"Field_Area_hectare",0.68,1,NA
"15606",0,0,NA,0,-1,"Medium"
"15607",0,0,NA,0,-1,"High"
"15608",0,0,NA,0,-1,"High"
"15609",0,0,NA,0,-1,"Medium"
"15610",0,0,NA,0,-1,"High"
"15611",0,0,NA,0,-1,"Medium"
"15612",16962,16963,"Sunlight_Hours",9.36,1,NA
"15613",0,0,NA,0,-1,"Medium"
"15614",16964,16965,"Season",3,1,NA
"15615",0,0,NA,0,-1,"Medium"
"15616",16966,16967,"Region",2,1,NA
"15617",16968,16969,"Crop_Growth_Stage",1,1,NA
"15618",16970,16971,"Temperature_C",24.045,1,NA
"15619",16972,16973,"Soil_pH",5.18,1,NA
"15620",16974,16975,"Soil_Moisture",17.515,1,NA
"15621",0,0,NA,0,-1,"High"
"15622",16976,16977,"Previous_Irrigation_mm",6.2,1,NA
"15623",16978,16979,"Humidity",63.375,1,NA
"15624",0,0,NA,0,-1,"High"
"15625",0,0,NA,0,-1,"Medium"
"15626",16980,16981,"Rainfall_mm",1577.435,1,NA
"15627",0,0,NA,0,-1,"Medium"
"15628",0,0,NA,0,-1,"Medium"
"15629",16982,16983,"Previous_Irrigation_mm",82.46,1,NA
"15630",16984,16985,"Previous_Irrigation_mm",20.34,1,NA
"15631",0,0,NA,0,-1,"Medium"
"15632",0,0,NA,0,-1,"High"
"15633",0,0,NA,0,-1,"Medium"
"15634",0,0,NA,0,-1,"Medium"
"15635",16986,16987,"Field_Area_hectare",14.83,1,NA
"15636",0,0,NA,0,-1,"Medium"
"15637",16988,16989,"Crop_Growth_Stage",1,1,NA
"15638",0,0,NA,0,-1,"High"
"15639",0,0,NA,0,-1,"Medium"
"15640",16990,16991,"Wind_Speed_kmh",4.765,1,NA
"15641",16992,16993,"Electrical_Conductivity",3.345,1,NA
"15642",0,0,NA,0,-1,"Medium"
"15643",16994,16995,"Temperature_C",34.725,1,NA
"15644",0,0,NA,0,-1,"High"
"15645",0,0,NA,0,-1,"Medium"
"15646",0,0,NA,0,-1,"Medium"
"15647",0,0,NA,0,-1,"High"
"15648",16996,16997,"Region",2,1,NA
"15649",0,0,NA,0,-1,"Medium"
"15650",16998,16999,"Water_Source",1,1,NA
"15651",17000,17001,"Soil_Moisture",23.735,1,NA
"15652",0,0,NA,0,-1,"Medium"
"15653",17002,17003,"Rainfall_mm",2347.54,1,NA
"15654",0,0,NA,0,-1,"Medium"
"15655",17004,17005,"Electrical_Conductivity",2.845,1,NA
"15656",0,0,NA,0,-1,"Medium"
"15657",0,0,NA,0,-1,"High"
"15658",0,0,NA,0,-1,"Medium"
"15659",17006,17007,"Soil_Moisture",14.3,1,NA
"15660",17008,17009,"Electrical_Conductivity",2.575,1,NA
"15661",17010,17011,"Soil_Moisture",11.94,1,NA
"15662",0,0,NA,0,-1,"Medium"
"15663",0,0,NA,0,-1,"High"
"15664",17012,17013,"Soil_pH",5.505,1,NA
"15665",17014,17015,"Soil_Moisture",24.425,1,NA
"15666",0,0,NA,0,-1,"Medium"
"15667",17016,17017,"Organic_Carbon",0.575,1,NA
"15668",0,0,NA,0,-1,"Low"
"15669",0,0,NA,0,-1,"Medium"
"15670",0,0,NA,0,-1,"Medium"
"15671",17018,17019,"Organic_Carbon",0.535,1,NA
"15672",0,0,NA,0,-1,"High"
"15673",0,0,NA,0,-1,"Medium"
"15674",0,0,NA,0,-1,"High"
"15675",0,0,NA,0,-1,"Medium"
"15676",0,0,NA,0,-1,"Low"
"15677",0,0,NA,0,-1,"Medium"
"15678",0,0,NA,0,-1,"Medium"
"15679",0,0,NA,0,-1,"Low"
"15680",0,0,NA,0,-1,"High"
"15681",17020,17021,"Temperature_C",30.265,1,NA
"15682",17022,17023,"Water_Source",5,1,NA
"15683",17024,17025,"Wind_Speed_kmh",10.725,1,NA
"15684",0,0,NA,0,-1,"Medium"
"15685",0,0,NA,0,-1,"High"
"15686",0,0,NA,0,-1,"High"
"15687",0,0,NA,0,-1,"Medium"
"15688",0,0,NA,0,-1,"Medium"
"15689",17026,17027,"Previous_Irrigation_mm",70.8,1,NA
"15690",0,0,NA,0,-1,"Medium"
"15691",0,0,NA,0,-1,"High"
"15692",0,0,NA,0,-1,"High"
"15693",0,0,NA,0,-1,"Medium"
"15694",0,0,NA,0,-1,"High"
"15695",17028,17029,"Wind_Speed_kmh",16.965,1,NA
"15696",17030,17031,"Previous_Irrigation_mm",101.51,1,NA
"15697",0,0,NA,0,-1,"High"
"15698",0,0,NA,0,-1,"Medium"
"15699",0,0,NA,0,-1,"High"
"15700",0,0,NA,0,-1,"High"
"15701",17032,17033,"Organic_Carbon",0.94,1,NA
"15702",0,0,NA,0,-1,"Medium"
"15703",17034,17035,"Sunlight_Hours",10.62,1,NA
"15704",0,0,NA,0,-1,"High"
"15705",0,0,NA,0,-1,"Medium"
"15706",0,0,NA,0,-1,"High"
"15707",0,0,NA,0,-1,"Medium"
"15708",0,0,NA,0,-1,"Medium"
"15709",0,0,NA,0,-1,"High"
"15710",0,0,NA,0,-1,"High"
"15711",0,0,NA,0,-1,"Medium"
"15712",0,0,NA,0,-1,"Medium"
"15713",17036,17037,"Organic_Carbon",1.425,1,NA
"15714",0,0,NA,0,-1,"High"
"15715",0,0,NA,0,-1,"Medium"
"15716",17038,17039,"Crop_Type",4,1,NA
"15717",0,0,NA,0,-1,"Medium"
"15718",17040,17041,"Organic_Carbon",1.3,1,NA
"15719",0,0,NA,0,-1,"High"
"15720",17042,17043,"Soil_Moisture",13.915,1,NA
"15721",0,0,NA,0,-1,"Medium"
"15722",17044,17045,"Soil_Moisture",19.79,1,NA
"15723",0,0,NA,0,-1,"Medium"
"15724",0,0,NA,0,-1,"High"
"15725",17046,17047,"Irrigation_Type",1,1,NA
"15726",0,0,NA,0,-1,"Medium"
"15727",17048,17049,"Field_Area_hectare",5.945,1,NA
"15728",17050,17051,"Sunlight_Hours",8.28,1,NA
"15729",17052,17053,"Irrigation_Type",7,1,NA
"15730",0,0,NA,0,-1,"Medium"
"15731",0,0,NA,0,-1,"High"
"15732",0,0,NA,0,-1,"High"
"15733",17054,17055,"Water_Source",2,1,NA
"15734",0,0,NA,0,-1,"Medium"
"15735",0,0,NA,0,-1,"High"
"15736",0,0,NA,0,-1,"Medium"
"15737",17056,17057,"Humidity",63.685,1,NA
"15738",0,0,NA,0,-1,"Medium"
"15739",0,0,NA,0,-1,"Low"
"15740",0,0,NA,0,-1,"Medium"
"15741",0,0,NA,0,-1,"Low"
"15742",0,0,NA,0,-1,"Medium"
"15743",17058,17059,"Temperature_C",38.76,1,NA
"15744",17060,17061,"Humidity",89.26,1,NA
"15745",17062,17063,"Irrigation_Type",4,1,NA
"15746",0,0,NA,0,-1,"Medium"
"15747",17064,17065,"Organic_Carbon",1.17,1,NA
"15748",0,0,NA,0,-1,"Medium"
"15749",0,0,NA,0,-1,"Low"
"15750",17066,17067,"Previous_Irrigation_mm",22.62,1,NA
"15751",17068,17069,"Irrigation_Type",1,1,NA
"15752",17070,17071,"Soil_pH",5.52,1,NA
"15753",17072,17073,"Soil_pH",6.39,1,NA
"15754",17074,17075,"Sunlight_Hours",6.525,1,NA
"15755",17076,17077,"Soil_Type",1,1,NA
"15756",17078,17079,"Soil_Moisture",26.76,1,NA
"15757",17080,17081,"Soil_Moisture",29.475,1,NA
"15758",0,0,NA,0,-1,"Low"
"15759",17082,17083,"Previous_Irrigation_mm",61.295,1,NA
"15760",17084,17085,"Sunlight_Hours",10.88,1,NA
"15761",17086,17087,"Previous_Irrigation_mm",115.49,1,NA
"15762",0,0,NA,0,-1,"Medium"
"15763",0,0,NA,0,-1,"Low"
"15764",17088,17089,"Soil_Moisture",24.39,1,NA
"15765",0,0,NA,0,-1,"Low"
"15766",0,0,NA,0,-1,"Medium"
"15767",0,0,NA,0,-1,"Low"
"15768",17090,17091,"Crop_Type",31,1,NA
"15769",17092,17093,"Organic_Carbon",1.125,1,NA
"15770",0,0,NA,0,-1,"Medium"
"15771",0,0,NA,0,-1,"Low"
"15772",0,0,NA,0,-1,"Low"
"15773",17094,17095,"Wind_Speed_kmh",2.245,1,NA
"15774",17096,17097,"Previous_Irrigation_mm",112.51,1,NA
"15775",17098,17099,"Crop_Type",1,1,NA
"15776",0,0,NA,0,-1,"Medium"
"15777",17100,17101,"Temperature_C",17.795,1,NA
"15778",0,0,NA,0,-1,"Low"
"15779",17102,17103,"Previous_Irrigation_mm",97.5,1,NA
"15780",17104,17105,"Wind_Speed_kmh",1.9,1,NA
"15781",0,0,NA,0,-1,"Low"
"15782",0,0,NA,0,-1,"Medium"
"15783",17106,17107,"Organic_Carbon",1.14,1,NA
"15784",17108,17109,"Temperature_C",27.695,1,NA
"15785",0,0,NA,0,-1,"Medium"
"15786",17110,17111,"Region",2,1,NA
"15787",0,0,NA,0,-1,"Low"
"15788",0,0,NA,0,-1,"Low"
"15789",17112,17113,"Irrigation_Type",1,1,NA
"15790",0,0,NA,0,-1,"Medium"
"15791",17114,17115,"Region",8,1,NA
"15792",0,0,NA,0,-1,"Low"
"15793",17116,17117,"Irrigation_Type",4,1,NA
"15794",0,0,NA,0,-1,"Low"
"15795",0,0,NA,0,-1,"Medium"
"15796",17118,17119,"Soil_Moisture",45.935,1,NA
"15797",0,0,NA,0,-1,"Low"
"15798",0,0,NA,0,-1,"Medium"
"15799",0,0,NA,0,-1,"Low"
"15800",17120,17121,"Water_Source",2,1,NA
"15801",0,0,NA,0,-1,"Low"
"15802",0,0,NA,0,-1,"Medium"
"15803",0,0,NA,0,-1,"Low"
"15804",0,0,NA,0,-1,"Medium"
"15805",17122,17123,"Organic_Carbon",0.345,1,NA
"15806",0,0,NA,0,-1,"Medium"
"15807",0,0,NA,0,-1,"Low"
"15808",17124,17125,"Sunlight_Hours",10.085,1,NA
"15809",17126,17127,"Electrical_Conductivity",0.45,1,NA
"15810",0,0,NA,0,-1,"Low"
"15811",0,0,NA,0,-1,"Medium"
"15812",17128,17129,"Crop_Type",18,1,NA
"15813",17130,17131,"Electrical_Conductivity",0.455,1,NA
"15814",17132,17133,"Soil_Moisture",25.3,1,NA
"15815",17134,17135,"Previous_Irrigation_mm",67.81,1,NA
"15816",0,0,NA,0,-1,"Low"
"15817",0,0,NA,0,-1,"Medium"
"15818",0,0,NA,0,-1,"Medium"
"15819",0,0,NA,0,-1,"Low"
"15820",17136,17137,"Water_Source",1,1,NA
"15821",0,0,NA,0,-1,"Low"
"15822",17138,17139,"Previous_Irrigation_mm",41.38,1,NA
"15823",0,0,NA,0,-1,"Medium"
"15824",0,0,NA,0,-1,"Medium"
"15825",0,0,NA,0,-1,"Low"
"15826",17140,17141,"Field_Area_hectare",8.38,1,NA
"15827",0,0,NA,0,-1,"Medium"
"15828",17142,17143,"Crop_Type",2,1,NA
"15829",0,0,NA,0,-1,"Medium"
"15830",17144,17145,"Rainfall_mm",1752.005,1,NA
"15831",0,0,NA,0,-1,"Low"
"15832",0,0,NA,0,-1,"Low"
"15833",0,0,NA,0,-1,"Medium"
"15834",0,0,NA,0,-1,"Low"
"15835",17146,17147,"Rainfall_mm",774.66,1,NA
"15836",0,0,NA,0,-1,"Low"
"15837",17148,17149,"Soil_pH",6.9,1,NA
"15838",17150,17151,"Temperature_C",31.265,1,NA
"15839",0,0,NA,0,-1,"Low"
"15840",0,0,NA,0,-1,"Medium"
"15841",0,0,NA,0,-1,"Low"
"15842",17152,17153,"Electrical_Conductivity",2.94,1,NA
"15843",0,0,NA,0,-1,"Low"
"15844",0,0,NA,0,-1,"Low"
"15845",17154,17155,"Organic_Carbon",0.955,1,NA
"15846",0,0,NA,0,-1,"Low"
"15847",17156,17157,"Electrical_Conductivity",2.68,1,NA
"15848",17158,17159,"Wind_Speed_kmh",8.72,1,NA
"15849",17160,17161,"Field_Area_hectare",3.13,1,NA
"15850",17162,17163,"Electrical_Conductivity",1.87,1,NA
"15851",17164,17165,"Electrical_Conductivity",0.57,1,NA
"15852",0,0,NA,0,-1,"Medium"
"15853",17166,17167,"Organic_Carbon",1.08,1,NA
"15854",0,0,NA,0,-1,"Medium"
"15855",17168,17169,"Organic_Carbon",1.425,1,NA
"15856",0,0,NA,0,-1,"Low"
"15857",0,0,NA,0,-1,"Medium"
"15858",17170,17171,"Organic_Carbon",0.83,1,NA
"15859",0,0,NA,0,-1,"Medium"
"15860",0,0,NA,0,-1,"Low"
"15861",0,0,NA,0,-1,"Medium"
"15862",17172,17173,"Soil_Type",1,1,NA
"15863",0,0,NA,0,-1,"Low"
"15864",17174,17175,"Rainfall_mm",2143.485,1,NA
"15865",17176,17177,"Crop_Growth_Stage",1,1,NA
"15866",0,0,NA,0,-1,"Low"
"15867",17178,17179,"Organic_Carbon",1.205,1,NA
"15868",0,0,NA,0,-1,"Low"
"15869",17180,17181,"Soil_pH",7.595,1,NA
"15870",17182,17183,"Humidity",64.22,1,NA
"15871",17184,17185,"Previous_Irrigation_mm",77.91,1,NA
"15872",0,0,NA,0,-1,"Medium"
"15873",17186,17187,"Region",3,1,NA
"15874",0,0,NA,0,-1,"Low"
"15875",17188,17189,"Soil_pH",5.685,1,NA
"15876",17190,17191,"Water_Source",1,1,NA
"15877",0,0,NA,0,-1,"Low"
"15878",17192,17193,"Electrical_Conductivity",1.11,1,NA
"15879",17194,17195,"Organic_Carbon",0.795,1,NA
"15880",17196,17197,"Crop_Type",8,1,NA
"15881",0,0,NA,0,-1,"Medium"
"15882",0,0,NA,0,-1,"Low"
"15883",17198,17199,"Humidity",82.835,1,NA
"15884",0,0,NA,0,-1,"Medium"
"15885",0,0,NA,0,-1,"Low"
"15886",0,0,NA,0,-1,"Low"
"15887",17200,17201,"Crop_Type",7,1,NA
"15888",0,0,NA,0,-1,"Medium"
"15889",0,0,NA,0,-1,"Low"
"15890",17202,17203,"Crop_Type",12,1,NA
"15891",0,0,NA,0,-1,"Low"
"15892",17204,17205,"Water_Source",5,1,NA
"15893",0,0,NA,0,-1,"Low"
"15894",17206,17207,"Previous_Irrigation_mm",93.81,1,NA
"15895",17208,17209,"Previous_Irrigation_mm",42.295,1,NA
"15896",17210,17211,"Water_Source",2,1,NA
"15897",17212,17213,"Crop_Type",20,1,NA
"15898",17214,17215,"Previous_Irrigation_mm",46.65,1,NA
"15899",17216,17217,"Soil_pH",5.985,1,NA
"15900",0,0,NA,0,-1,"Low"
"15901",0,0,NA,0,-1,"Medium"
"15902",17218,17219,"Organic_Carbon",1.36,1,NA
"15903",17220,17221,"Humidity",45.52,1,NA
"15904",17222,17223,"Humidity",72.01,1,NA
"15905",0,0,NA,0,-1,"Low"
"15906",0,0,NA,0,-1,"Medium"
"15907",0,0,NA,0,-1,"Low"
"15908",0,0,NA,0,-1,"Low"
"15909",0,0,NA,0,-1,"Medium"
"15910",17224,17225,"Humidity",53.49,1,NA
"15911",17226,17227,"Field_Area_hectare",12.91,1,NA
"15912",17228,17229,"Crop_Type",4,1,NA
"15913",17230,17231,"Temperature_C",40.035,1,NA
"15914",0,0,NA,0,-1,"Low"
"15915",17232,17233,"Soil_pH",7.43,1,NA
"15916",17234,17235,"Organic_Carbon",1.135,1,NA
"15917",17236,17237,"Water_Source",1,1,NA
"15918",0,0,NA,0,-1,"Medium"
"15919",0,0,NA,0,-1,"Low"
"15920",0,0,NA,0,-1,"Low"
"15921",17238,17239,"Crop_Type",28,1,NA
"15922",0,0,NA,0,-1,"Medium"
"15923",0,0,NA,0,-1,"Low"
"15924",17240,17241,"Region",6,1,NA
"15925",0,0,NA,0,-1,"Low"
"15926",0,0,NA,0,-1,"Low"
"15927",0,0,NA,0,-1,"Medium"
"15928",0,0,NA,0,-1,"Low"
"15929",0,0,NA,0,-1,"Medium"
"15930",17242,17243,"Soil_pH",7.065,1,NA
"15931",0,0,NA,0,-1,"Medium"
"15932",17244,17245,"Crop_Type",9,1,NA
"15933",0,0,NA,0,-1,"Low"
"15934",0,0,NA,0,-1,"Medium"
"15935",0,0,NA,0,-1,"Low"
"15936",17246,17247,"Rainfall_mm",287.355,1,NA
"15937",0,0,NA,0,-1,"Medium"
"15938",0,0,NA,0,-1,"High"
"15939",0,0,NA,0,-1,"Medium"
"15940",0,0,NA,0,-1,"Medium"
"15941",17248,17249,"Sunlight_Hours",5.57,1,NA
"15942",17250,17251,"Wind_Speed_kmh",11.44,1,NA
"15943",0,0,NA,0,-1,"Low"
"15944",17252,17253,"Soil_pH",6.475,1,NA
"15945",0,0,NA,0,-1,"Low"
"15946",0,0,NA,0,-1,"Medium"
"15947",0,0,NA,0,-1,"Low"
"15948",17254,17255,"Sunlight_Hours",6.19,1,NA
"15949",0,0,NA,0,-1,"Low"
"15950",0,0,NA,0,-1,"Low"
"15951",0,0,NA,0,-1,"Medium"
"15952",0,0,NA,0,-1,"Medium"
"15953",0,0,NA,0,-1,"Low"
"15954",17256,17257,"Soil_Moisture",26.6,1,NA
"15955",0,0,NA,0,-1,"Medium"
"15956",0,0,NA,0,-1,"Low"
"15957",0,0,NA,0,-1,"Medium"
"15958",17258,17259,"Rainfall_mm",1063.03,1,NA
"15959",0,0,NA,0,-1,"Medium"
"15960",0,0,NA,0,-1,"Medium"
"15961",0,0,NA,0,-1,"Low"
"15962",0,0,NA,0,-1,"Low"
"15963",0,0,NA,0,-1,"Medium"
"15964",17260,17261,"Temperature_C",27.255,1,NA
"15965",0,0,NA,0,-1,"Low"
"15966",17262,17263,"Humidity",29.175,1,NA
"15967",0,0,NA,0,-1,"Medium"
"15968",0,0,NA,0,-1,"Low"
"15969",17264,17265,"Field_Area_hectare",14.23,1,NA
"15970",0,0,NA,0,-1,"Medium"
"15971",0,0,NA,0,-1,"Low"
"15972",0,0,NA,0,-1,"Medium"
"15973",0,0,NA,0,-1,"Low"
"15974",17266,17267,"Humidity",40.925,1,NA
"15975",17268,17269,"Humidity",33.395,1,NA
"15976",17270,17271,"Wind_Speed_kmh",14.905,1,NA
"15977",17272,17273,"Electrical_Conductivity",3.155,1,NA
"15978",0,0,NA,0,-1,"Medium"
"15979",0,0,NA,0,-1,"Low"
"15980",17274,17275,"Wind_Speed_kmh",19.5,1,NA
"15981",0,0,NA,0,-1,"Medium"
"15982",0,0,NA,0,-1,"Low"
"15983",0,0,NA,0,-1,"Medium"
"15984",0,0,NA,0,-1,"Medium"
"15985",0,0,NA,0,-1,"Low"
"15986",17276,17277,"Humidity",50.425,1,NA
"15987",0,0,NA,0,-1,"Low"
"15988",17278,17279,"Wind_Speed_kmh",12.225,1,NA
"15989",17280,17281,"Rainfall_mm",579.595,1,NA
"15990",0,0,NA,0,-1,"Low"
"15991",17282,17283,"Soil_Moisture",55.905,1,NA
"15992",17284,17285,"Crop_Growth_Stage",1,1,NA
"15993",17286,17287,"Rainfall_mm",1038.56,1,NA
"15994",17288,17289,"Season",3,1,NA
"15995",17290,17291,"Humidity",45.945,1,NA
"15996",0,0,NA,0,-1,"Low"
"15997",17292,17293,"Wind_Speed_kmh",16.815,1,NA
"15998",0,0,NA,0,-1,"Low"
"15999",0,0,NA,0,-1,"Medium"
"16000",17294,17295,"Soil_Moisture",28.235,1,NA
"16001",0,0,NA,0,-1,"Low"
"16002",0,0,NA,0,-1,"Medium"
"16003",0,0,NA,0,-1,"Low"
"16004",17296,17297,"Field_Area_hectare",1.89,1,NA
"16005",0,0,NA,0,-1,"Low"
"16006",17298,17299,"Sunlight_Hours",4.315,1,NA
"16007",17300,17301,"Season",1,1,NA
"16008",0,0,NA,0,-1,"Medium"
"16009",0,0,NA,0,-1,"Low"
"16010",17302,17303,"Organic_Carbon",0.84,1,NA
"16011",0,0,NA,0,-1,"Low"
"16012",0,0,NA,0,-1,"Medium"
"16013",0,0,NA,0,-1,"Low"
"16014",0,0,NA,0,-1,"Medium"
"16015",0,0,NA,0,-1,"Low"
"16016",17304,17305,"Sunlight_Hours",9.345,1,NA
"16017",0,0,NA,0,-1,"Medium"
"16018",0,0,NA,0,-1,"Medium"
"16019",0,0,NA,0,-1,"Low"
"16020",0,0,NA,0,-1,"Low"
"16021",17306,17307,"Previous_Irrigation_mm",93.555,1,NA
"16022",17308,17309,"Humidity",86.995,1,NA
"16023",17310,17311,"Electrical_Conductivity",2.88,1,NA
"16024",17312,17313,"Soil_Moisture",20.105,1,NA
"16025",17314,17315,"Crop_Type",2,1,NA
"16026",0,0,NA,0,-1,"Low"
"16027",0,0,NA,0,-1,"Medium"
"16028",17316,17317,"Wind_Speed_kmh",14.485,1,NA
"16029",17318,17319,"Wind_Speed_kmh",19.515,1,NA
"16030",0,0,NA,0,-1,"Low"
"16031",0,0,NA,0,-1,"Medium"
"16032",17320,17321,"Humidity",45.52,1,NA
"16033",0,0,NA,0,-1,"Low"
"16034",17322,17323,"Soil_pH",5.375,1,NA
"16035",0,0,NA,0,-1,"Medium"
"16036",0,0,NA,0,-1,"Medium"
"16037",0,0,NA,0,-1,"Low"
"16038",17324,17325,"Soil_Moisture",54.305,1,NA
"16039",0,0,NA,0,-1,"Low"
"16040",17326,17327,"Sunlight_Hours",4.075,1,NA
"16041",0,0,NA,0,-1,"Medium"
"16042",17328,17329,"Soil_pH",5.955,1,NA
"16043",17330,17331,"Rainfall_mm",2218.235,1,NA
"16044",0,0,NA,0,-1,"Low"
"16045",17332,17333,"Organic_Carbon",1.175,1,NA
"16046",17334,17335,"Humidity",86.29,1,NA
"16047",0,0,NA,0,-1,"Medium"
"16048",17336,17337,"Organic_Carbon",0.445,1,NA
"16049",0,0,NA,0,-1,"Medium"
"16050",17338,17339,"Humidity",84.285,1,NA
"16051",17340,17341,"Season",3,1,NA
"16052",0,0,NA,0,-1,"Medium"
"16053",0,0,NA,0,-1,"Low"
"16054",0,0,NA,0,-1,"Medium"
"16055",0,0,NA,0,-1,"Low"
"16056",0,0,NA,0,-1,"Low"
"16057",17342,17343,"Field_Area_hectare",5.615,1,NA
"16058",17344,17345,"Humidity",30.935,1,NA
"16059",0,0,NA,0,-1,"Low"
"16060",17346,17347,"Soil_Moisture",59.78,1,NA
"16061",17348,17349,"Season",1,1,NA
"16062",17350,17351,"Previous_Irrigation_mm",35.21,1,NA
"16063",17352,17353,"Temperature_C",27.545,1,NA
"16064",17354,17355,"Soil_Moisture",25.96,1,NA
"16065",17356,17357,"Organic_Carbon",1.565,1,NA
"16066",17358,17359,"Temperature_C",28.36,1,NA
"16067",17360,17361,"Water_Source",1,1,NA
"16068",17362,17363,"Rainfall_mm",2439,1,NA
"16069",0,0,NA,0,-1,"Medium"
"16070",0,0,NA,0,-1,"Low"
"16071",17364,17365,"Temperature_C",15.52,1,NA
"16072",17366,17367,"Temperature_C",18.305,1,NA
"16073",17368,17369,"Previous_Irrigation_mm",108.09,1,NA
"16074",17370,17371,"Soil_Type",7,1,NA
"16075",17372,17373,"Electrical_Conductivity",3.155,1,NA
"16076",0,0,NA,0,-1,"Medium"
"16077",17374,17375,"Sunlight_Hours",9.95,1,NA
"16078",0,0,NA,0,-1,"Medium"
"16079",0,0,NA,0,-1,"Low"
"16080",0,0,NA,0,-1,"Medium"
"16081",0,0,NA,0,-1,"High"
"16082",0,0,NA,0,-1,"High"
"16083",0,0,NA,0,-1,"Medium"
"16084",0,0,NA,0,-1,"Medium"
"16085",17376,17377,"Wind_Speed_kmh",13.605,1,NA
"16086",17378,17379,"Soil_Moisture",9.335,1,NA
"16087",0,0,NA,0,-1,"Medium"
"16088",17380,17381,"Soil_pH",5.535,1,NA
"16089",0,0,NA,0,-1,"Medium"
"16090",17382,17383,"Sunlight_Hours",6.635,1,NA
"16091",0,0,NA,0,-1,"High"
"16092",0,0,NA,0,-1,"Medium"
"16093",0,0,NA,0,-1,"High"
"16094",0,0,NA,0,-1,"Medium"
"16095",17384,17385,"Previous_Irrigation_mm",16.46,1,NA
"16096",0,0,NA,0,-1,"Medium"
"16097",0,0,NA,0,-1,"High"
"16098",17386,17387,"Irrigation_Type",5,1,NA
"16099",17388,17389,"Rainfall_mm",965.03,1,NA
"16100",17390,17391,"Temperature_C",37.93,1,NA
"16101",0,0,NA,0,-1,"Medium"
"16102",17392,17393,"Region",4,1,NA
"16103",0,0,NA,0,-1,"Medium"
"16104",17394,17395,"Region",13,1,NA
"16105",17396,17397,"Sunlight_Hours",10.685,1,NA
"16106",0,0,NA,0,-1,"High"
"16107",0,0,NA,0,-1,"Medium"
"16108",17398,17399,"Rainfall_mm",627.335,1,NA
"16109",0,0,NA,0,-1,"High"
"16110",17400,17401,"Season",2,1,NA
"16111",0,0,NA,0,-1,"Medium"
"16112",17402,17403,"Electrical_Conductivity",2.005,1,NA
"16113",0,0,NA,0,-1,"Medium"
"16114",0,0,NA,0,-1,"Medium"
"16115",17404,17405,"Soil_pH",5.4,1,NA
"16116",0,0,NA,0,-1,"High"
"16117",17406,17407,"Sunlight_Hours",9.955,1,NA
"16118",0,0,NA,0,-1,"High"
"16119",0,0,NA,0,-1,"Medium"
"16120",17408,17409,"Region",5,1,NA
"16121",0,0,NA,0,-1,"Medium"
"16122",0,0,NA,0,-1,"Medium"
"16123",0,0,NA,0,-1,"High"
"16124",0,0,NA,0,-1,"High"
"16125",17410,17411,"Region",4,1,NA
"16126",0,0,NA,0,-1,"Medium"
"16127",17412,17413,"Soil_pH",7.38,1,NA
"16128",0,0,NA,0,-1,"Medium"
"16129",17414,17415,"Electrical_Conductivity",2.655,1,NA
"16130",0,0,NA,0,-1,"Medium"
"16131",17416,17417,"Soil_Type",7,1,NA
"16132",0,0,NA,0,-1,"Medium"
"16133",17418,17419,"Organic_Carbon",0.32,1,NA
"16134",17420,17421,"Organic_Carbon",0.72,1,NA
"16135",17422,17423,"Previous_Irrigation_mm",95.975,1,NA
"16136",17424,17425,"Previous_Irrigation_mm",108.97,1,NA
"16137",17426,17427,"Soil_pH",7.045,1,NA
"16138",0,0,NA,0,-1,"Medium"
"16139",0,0,NA,0,-1,"Low"
"16140",0,0,NA,0,-1,"Low"
"16141",0,0,NA,0,-1,"Medium"
"16142",17428,17429,"Soil_pH",5.485,1,NA
"16143",0,0,NA,0,-1,"Medium"
"16144",0,0,NA,0,-1,"Medium"
"16145",0,0,NA,0,-1,"Low"
"16146",17430,17431,"Sunlight_Hours",7.555,1,NA
"16147",0,0,NA,0,-1,"Medium"
"16148",0,0,NA,0,-1,"Low"
"16149",0,0,NA,0,-1,"Medium"
"16150",17432,17433,"Previous_Irrigation_mm",53.08,1,NA
"16151",0,0,NA,0,-1,"Medium"
"16152",17434,17435,"Temperature_C",36.555,1,NA
"16153",0,0,NA,0,-1,"Medium"
"16154",17436,17437,"Wind_Speed_kmh",19.365,1,NA
"16155",17438,17439,"Sunlight_Hours",7.885,1,NA
"16156",17440,17441,"Soil_pH",5.955,1,NA
"16157",17442,17443,"Rainfall_mm",1264.955,1,NA
"16158",17444,17445,"Region",1,1,NA
"16159",17446,17447,"Temperature_C",35.865,1,NA
"16160",17448,17449,"Organic_Carbon",1.37,1,NA
"16161",0,0,NA,0,-1,"Medium"
"16162",17450,17451,"Humidity",89.265,1,NA
"16163",0,0,NA,0,-1,"Medium"
"16164",17452,17453,"Sunlight_Hours",6.985,1,NA
"16165",0,0,NA,0,-1,"Medium"
"16166",0,0,NA,0,-1,"Medium"
"16167",17454,17455,"Region",3,1,NA
"16168",17456,17457,"Crop_Type",16,1,NA
"16169",17458,17459,"Electrical_Conductivity",1.41,1,NA
"16170",0,0,NA,0,-1,"Low"
"16171",0,0,NA,0,-1,"Medium"
"16172",0,0,NA,0,-1,"Medium"
"16173",17460,17461,"Temperature_C",32.225,1,NA
"16174",17462,17463,"Field_Area_hectare",3.845,1,NA
"16175",17464,17465,"Humidity",54.55,1,NA
"16176",0,0,NA,0,-1,"Low"
"16177",17466,17467,"Region",15,1,NA
"16178",17468,17469,"Humidity",67.195,1,NA
"16179",0,0,NA,0,-1,"Medium"
"16180",0,0,NA,0,-1,"Medium"
"16181",17470,17471,"Irrigation_Type",4,1,NA
"16182",17472,17473,"Organic_Carbon",0.335,1,NA
"16183",17474,17475,"Rainfall_mm",1442.07,1,NA
"16184",17476,17477,"Electrical_Conductivity",0.405,1,NA
"16185",0,0,NA,0,-1,"Medium"
"16186",17478,17479,"Humidity",59.12,1,NA
"16187",17480,17481,"Soil_Moisture",50.47,1,NA
"16188",0,0,NA,0,-1,"Medium"
"16189",17482,17483,"Humidity",50.485,1,NA
"16190",0,0,NA,0,-1,"Low"
"16191",0,0,NA,0,-1,"Medium"
"16192",0,0,NA,0,-1,"Medium"
"16193",17484,17485,"Electrical_Conductivity",3.175,1,NA
"16194",17486,17487,"Soil_Type",4,1,NA
"16195",0,0,NA,0,-1,"Medium"
"16196",17488,17489,"Previous_Irrigation_mm",99.155,1,NA
"16197",17490,17491,"Rainfall_mm",1478.01,1,NA
"16198",17492,17493,"Season",2,1,NA
"16199",17494,17495,"Soil_Type",2,1,NA
"16200",17496,17497,"Soil_Moisture",60.11,1,NA
"16201",17498,17499,"Soil_pH",7.71,1,NA
"16202",0,0,NA,0,-1,"Low"
"16203",0,0,NA,0,-1,"Medium"
"16204",17500,17501,"Rainfall_mm",679.295,1,NA
"16205",17502,17503,"Humidity",69.95,1,NA
"16206",0,0,NA,0,-1,"Medium"
"16207",0,0,NA,0,-1,"Low"
"16208",17504,17505,"Previous_Irrigation_mm",83.87,1,NA
"16209",0,0,NA,0,-1,"Low"
"16210",0,0,NA,0,-1,"Low"
"16211",0,0,NA,0,-1,"Medium"
"16212",17506,17507,"Sunlight_Hours",9.48,1,NA
"16213",17508,17509,"Field_Area_hectare",5.575,1,NA
"16214",0,0,NA,0,-1,"Low"
"16215",0,0,NA,0,-1,"Medium"
"16216",0,0,NA,0,-1,"Low"
"16217",0,0,NA,0,-1,"Medium"
"16218",0,0,NA,0,-1,"Low"
"16219",0,0,NA,0,-1,"Medium"
"16220",0,0,NA,0,-1,"Medium"
"16221",0,0,NA,0,-1,"Low"
"16222",0,0,NA,0,-1,"Low"
"16223",0,0,NA,0,-1,"Medium"
"16224",0,0,NA,0,-1,"Low"
"16225",17510,17511,"Sunlight_Hours",8.545,1,NA
"16226",17512,17513,"Field_Area_hectare",1.955,1,NA
"16227",17514,17515,"Rainfall_mm",567.17,1,NA
"16228",0,0,NA,0,-1,"Medium"
"16229",0,0,NA,0,-1,"Low"
"16230",17516,17517,"Soil_pH",6.605,1,NA
"16231",0,0,NA,0,-1,"Medium"
"16232",17518,17519,"Organic_Carbon",1.56,1,NA
"16233",0,0,NA,0,-1,"Medium"
"16234",17520,17521,"Soil_Moisture",16.105,1,NA
"16235",17522,17523,"Temperature_C",20.03,1,NA
"16236",0,0,NA,0,-1,"Low"
"16237",0,0,NA,0,-1,"Medium"
"16238",17524,17525,"Temperature_C",22.445,1,NA
"16239",17526,17527,"Water_Source",1,1,NA
"16240",17528,17529,"Crop_Type",13,1,NA
"16241",0,0,NA,0,-1,"Low"
"16242",0,0,NA,0,-1,"Low"
"16243",0,0,NA,0,-1,"Medium"
"16244",0,0,NA,0,-1,"Medium"
"16245",0,0,NA,0,-1,"Low"
"16246",17530,17531,"Field_Area_hectare",6.24,1,NA
"16247",0,0,NA,0,-1,"Medium"
"16248",0,0,NA,0,-1,"Low"
"16249",17532,17533,"Irrigation_Type",7,1,NA
"16250",17534,17535,"Humidity",79.32,1,NA
"16251",17536,17537,"Organic_Carbon",0.65,1,NA
"16252",0,0,NA,0,-1,"Medium"
"16253",17538,17539,"Field_Area_hectare",12.37,1,NA
"16254",17540,17541,"Soil_Moisture",16.005,1,NA
"16255",0,0,NA,0,-1,"Low"
"16256",0,0,NA,0,-1,"Low"
"16257",0,0,NA,0,-1,"Medium"
"16258",17542,17543,"Humidity",74.505,1,NA
"16259",0,0,NA,0,-1,"Medium"
"16260",17544,17545,"Soil_pH",5.245,1,NA
"16261",17546,17547,"Soil_pH",7.725,1,NA
"16262",17548,17549,"Organic_Carbon",0.535,1,NA
"16263",0,0,NA,0,-1,"Low"
"16264",0,0,NA,0,-1,"Medium"
"16265",17550,17551,"Soil_pH",6.515,1,NA
"16266",17552,17553,"Humidity",30.695,1,NA
"16267",0,0,NA,0,-1,"Low"
"16268",17554,17555,"Soil_Moisture",16.455,1,NA
"16269",0,0,NA,0,-1,"Low"
"16270",0,0,NA,0,-1,"Medium"
"16271",0,0,NA,0,-1,"Low"
"16272",17556,17557,"Previous_Irrigation_mm",72.635,1,NA
"16273",0,0,NA,0,-1,"Low"
"16274",0,0,NA,0,-1,"Medium"
"16275",17558,17559,"Rainfall_mm",2342.6,1,NA
"16276",0,0,NA,0,-1,"Medium"
"16277",0,0,NA,0,-1,"Low"
"16278",0,0,NA,0,-1,"Low"
"16279",0,0,NA,0,-1,"Medium"
"16280",0,0,NA,0,-1,"Medium"
"16281",17560,17561,"Soil_Type",7,1,NA
"16282",17562,17563,"Humidity",94.43,1,NA
"16283",0,0,NA,0,-1,"Low"
"16284",17564,17565,"Region",2,1,NA
"16285",17566,17567,"Previous_Irrigation_mm",33.72,1,NA
"16286",17568,17569,"Irrigation_Type",2,1,NA
"16287",17570,17571,"Temperature_C",34.14,1,NA
"16288",17572,17573,"Rainfall_mm",599.685,1,NA
"16289",0,0,NA,0,-1,"Medium"
"16290",17574,17575,"Organic_Carbon",0.975,1,NA
"16291",17576,17577,"Wind_Speed_kmh",1.87,1,NA
"16292",17578,17579,"Previous_Irrigation_mm",30.59,1,NA
"16293",0,0,NA,0,-1,"Medium"
"16294",17580,17581,"Soil_Moisture",18.44,1,NA
"16295",17582,17583,"Season",3,1,NA
"16296",0,0,NA,0,-1,"Low"
"16297",0,0,NA,0,-1,"Medium"
"16298",0,0,NA,0,-1,"Low"
"16299",0,0,NA,0,-1,"Medium"
"16300",0,0,NA,0,-1,"Medium"
"16301",0,0,NA,0,-1,"Low"
"16302",17584,17585,"Humidity",81.01,1,NA
"16303",0,0,NA,0,-1,"Low"
"16304",0,0,NA,0,-1,"Low"
"16305",17586,17587,"Sunlight_Hours",10.275,1,NA
"16306",0,0,NA,0,-1,"Low"
"16307",17588,17589,"Soil_pH",5.38,1,NA
"16308",0,0,NA,0,-1,"Low"
"16309",0,0,NA,0,-1,"Medium"
"16310",0,0,NA,0,-1,"Low"
"16311",17590,17591,"Temperature_C",32.64,1,NA
"16312",17592,17593,"Field_Area_hectare",1.085,1,NA
"16313",17594,17595,"Temperature_C",33.975,1,NA
"16314",0,0,NA,0,-1,"Low"
"16315",0,0,NA,0,-1,"Medium"
"16316",0,0,NA,0,-1,"Medium"
"16317",17596,17597,"Soil_pH",6.17,1,NA
"16318",17598,17599,"Sunlight_Hours",8.605,1,NA
"16319",0,0,NA,0,-1,"Low"
"16320",0,0,NA,0,-1,"Low"
"16321",17600,17601,"Soil_pH",7.42,1,NA
"16322",0,0,NA,0,-1,"Low"
"16323",17602,17603,"Wind_Speed_kmh",8.285,1,NA
"16324",0,0,NA,0,-1,"Medium"
"16325",0,0,NA,0,-1,"Low"
"16326",0,0,NA,0,-1,"Low"
"16327",0,0,NA,0,-1,"Medium"
"16328",17604,17605,"Previous_Irrigation_mm",22.62,1,NA
"16329",0,0,NA,0,-1,"Low"
"16330",0,0,NA,0,-1,"Low"
"16331",17606,17607,"Organic_Carbon",1.285,1,NA
"16332",0,0,NA,0,-1,"Medium"
"16333",0,0,NA,0,-1,"Low"
"16334",17608,17609,"Temperature_C",39.9,1,NA
"16335",17610,17611,"Wind_Speed_kmh",9.42,1,NA
"16336",0,0,NA,0,-1,"Medium"
"16337",17612,17613,"Field_Area_hectare",14.575,1,NA
"16338",0,0,NA,0,-1,"Medium"
"16339",17614,17615,"Field_Area_hectare",13.15,1,NA
"16340",0,0,NA,0,-1,"Low"
"16341",0,0,NA,0,-1,"Medium"
"16342",0,0,NA,0,-1,"Low"
"16343",17616,17617,"Humidity",57.245,1,NA
"16344",0,0,NA,0,-1,"Medium"
"16345",0,0,NA,0,-1,"Low"
"16346",17618,17619,"Organic_Carbon",0.665,1,NA
"16347",17620,17621,"Field_Area_hectare",14.345,1,NA
"16348",0,0,NA,0,-1,"Low"
"16349",0,0,NA,0,-1,"Medium"
"16350",0,0,NA,0,-1,"Medium"
"16351",0,0,NA,0,-1,"Low"
"16352",17622,17623,"Season",1,1,NA
"16353",17624,17625,"Soil_Type",1,1,NA
"16354",0,0,NA,0,-1,"Low"
"16355",17626,17627,"Soil_Moisture",58.435,1,NA
"16356",0,0,NA,0,-1,"Low"
"16357",0,0,NA,0,-1,"Medium"
"16358",0,0,NA,0,-1,"Low"
"16359",0,0,NA,0,-1,"Medium"
"16360",0,0,NA,0,-1,"Medium"
"16361",0,0,NA,0,-1,"Low"
"16362",0,0,NA,0,-1,"Low"
"16363",0,0,NA,0,-1,"Medium"
"16364",0,0,NA,0,-1,"Medium"
"16365",0,0,NA,0,-1,"Low"
"16366",0,0,NA,0,-1,"Low"
"16367",0,0,NA,0,-1,"Medium"
"16368",0,0,NA,0,-1,"Low"
"16369",17628,17629,"Previous_Irrigation_mm",75.82,1,NA
"16370",0,0,NA,0,-1,"Medium"
"16371",0,0,NA,0,-1,"Low"
"16372",0,0,NA,0,-1,"Low"
"16373",0,0,NA,0,-1,"Medium"
"16374",0,0,NA,0,-1,"Low"
"16375",17630,17631,"Sunlight_Hours",4.625,1,NA
"16376",0,0,NA,0,-1,"Medium"
"16377",0,0,NA,0,-1,"Low"
"16378",17632,17633,"Soil_pH",5.985,1,NA
"16379",17634,17635,"Wind_Speed_kmh",3.595,1,NA
"16380",0,0,NA,0,-1,"Low"
"16381",0,0,NA,0,-1,"Medium"
"16382",0,0,NA,0,-1,"Medium"
"16383",0,0,NA,0,-1,"Low"
"16384",17636,17637,"Electrical_Conductivity",2.97,1,NA
"16385",0,0,NA,0,-1,"Low"
"16386",17638,17639,"Rainfall_mm",2370.905,1,NA
"16387",17640,17641,"Crop_Growth_Stage",2,1,NA
"16388",0,0,NA,0,-1,"Medium"
"16389",17642,17643,"Electrical_Conductivity",0.72,1,NA
"16390",17644,17645,"Sunlight_Hours",6.46,1,NA
"16391",0,0,NA,0,-1,"Low"
"16392",0,0,NA,0,-1,"Medium"
"16393",0,0,NA,0,-1,"Low"
"16394",0,0,NA,0,-1,"Medium"
"16395",0,0,NA,0,-1,"Low"
"16396",0,0,NA,0,-1,"Medium"
"16397",0,0,NA,0,-1,"Low"
"16398",17646,17647,"Soil_pH",6.9,1,NA
"16399",0,0,NA,0,-1,"Low"
"16400",0,0,NA,0,-1,"Low"
"16401",17648,17649,"Soil_Moisture",24.815,1,NA
"16402",0,0,NA,0,-1,"Medium"
"16403",0,0,NA,0,-1,"Low"
"16404",0,0,NA,0,-1,"Low"
"16405",0,0,NA,0,-1,"Medium"
"16406",0,0,NA,0,-1,"Medium"
"16407",0,0,NA,0,-1,"Low"
"16408",0,0,NA,0,-1,"Low"
"16409",0,0,NA,0,-1,"Medium"
"16410",0,0,NA,0,-1,"Low"
"16411",0,0,NA,0,-1,"Medium"
"16412",0,0,NA,0,-1,"Medium"
"16413",0,0,NA,0,-1,"Low"
"16414",17650,17651,"Wind_Speed_kmh",19.205,1,NA
"16415",17652,17653,"Soil_Moisture",18.55,1,NA
"16416",0,0,NA,0,-1,"Medium"
"16417",0,0,NA,0,-1,"Low"
"16418",0,0,NA,0,-1,"Medium"
"16419",0,0,NA,0,-1,"Low"
"16420",17654,17655,"Soil_Moisture",27.24,1,NA
"16421",17656,17657,"Soil_Type",4,1,NA
"16422",17658,17659,"Soil_pH",5.64,1,NA
"16423",17660,17661,"Sunlight_Hours",8.91,1,NA
"16424",17662,17663,"Soil_Moisture",24.17,1,NA
"16425",0,0,NA,0,-1,"Medium"
"16426",0,0,NA,0,-1,"Medium"
"16427",17664,17665,"Soil_Moisture",16.06,1,NA
"16428",17666,17667,"Crop_Type",26,1,NA
"16429",0,0,NA,0,-1,"Low"
"16430",17668,17669,"Region",14,1,NA
"16431",17670,17671,"Soil_Moisture",24.39,1,NA
"16432",0,0,NA,0,-1,"Low"
"16433",0,0,NA,0,-1,"Medium"
"16434",0,0,NA,0,-1,"Low"
"16435",17672,17673,"Organic_Carbon",1.195,1,NA
"16436",0,0,NA,0,-1,"Low"
"16437",17674,17675,"Temperature_C",30.275,1,NA
"16438",17676,17677,"Soil_pH",6.115,1,NA
"16439",17678,17679,"Water_Source",7,1,NA
"16440",17680,17681,"Humidity",30.63,1,NA
"16441",17682,17683,"Sunlight_Hours",8.1,1,NA
"16442",0,0,NA,0,-1,"Medium"
"16443",0,0,NA,0,-1,"Low"
"16444",0,0,NA,0,-1,"Low"
"16445",0,0,NA,0,-1,"Medium"
"16446",0,0,NA,0,-1,"Low"
"16447",17684,17685,"Humidity",30.825,1,NA
"16448",0,0,NA,0,-1,"Medium"
"16449",0,0,NA,0,-1,"Low"
"16450",17686,17687,"Region",5,1,NA
"16451",0,0,NA,0,-1,"Low"
"16452",17688,17689,"Field_Area_hectare",2.255,1,NA
"16453",17690,17691,"Temperature_C",16.645,1,NA
"16454",17692,17693,"Soil_Moisture",9.96,1,NA
"16455",17694,17695,"Temperature_C",20.41,1,NA
"16456",0,0,NA,0,-1,"Low"
"16457",0,0,NA,0,-1,"Medium"
"16458",0,0,NA,0,-1,"Medium"
"16459",0,0,NA,0,-1,"Low"
"16460",0,0,NA,0,-1,"Low"
"16461",17696,17697,"Wind_Speed_kmh",15.485,1,NA
"16462",0,0,NA,0,-1,"Low"
"16463",17698,17699,"Organic_Carbon",0.66,1,NA
"16464",0,0,NA,0,-1,"Low"
"16465",17700,17701,"Temperature_C",27.615,1,NA
"16466",0,0,NA,0,-1,"Low"
"16467",0,0,NA,0,-1,"Medium"
"16468",0,0,NA,0,-1,"Medium"
"16469",0,0,NA,0,-1,"Low"
"16470",17702,17703,"Electrical_Conductivity",0.61,1,NA
"16471",0,0,NA,0,-1,"Medium"
"16472",0,0,NA,0,-1,"Medium"
"16473",0,0,NA,0,-1,"Low"
"16474",0,0,NA,0,-1,"Medium"
"16475",0,0,NA,0,-1,"Low"
"16476",0,0,NA,0,-1,"Medium"
"16477",17704,17705,"Electrical_Conductivity",2.03,1,NA
"16478",0,0,NA,0,-1,"Low"
"16479",0,0,NA,0,-1,"Medium"
"16480",17706,17707,"Sunlight_Hours",8.24,1,NA
"16481",0,0,NA,0,-1,"Low"
"16482",17708,17709,"Soil_Moisture",29.365,1,NA
"16483",17710,17711,"Crop_Type",4,1,NA
"16484",0,0,NA,0,-1,"Medium"
"16485",17712,17713,"Temperature_C",41.645,1,NA
"16486",17714,17715,"Sunlight_Hours",7.37,1,NA
"16487",17716,17717,"Region",11,1,NA
"16488",0,0,NA,0,-1,"Low"
"16489",0,0,NA,0,-1,"Medium"
"16490",17718,17719,"Electrical_Conductivity",2.42,1,NA
"16491",17720,17721,"Electrical_Conductivity",1.975,1,NA
"16492",0,0,NA,0,-1,"Low"
"16493",17722,17723,"Temperature_C",38.985,1,NA
"16494",17724,17725,"Rainfall_mm",931.47,1,NA
"16495",0,0,NA,0,-1,"Low"
"16496",0,0,NA,0,-1,"Medium"
"16497",0,0,NA,0,-1,"Low"
"16498",0,0,NA,0,-1,"Medium"
"16499",0,0,NA,0,-1,"Low"
"16500",0,0,NA,0,-1,"Low"
"16501",17726,17727,"Region",8,1,NA
"16502",0,0,NA,0,-1,"Medium"
"16503",0,0,NA,0,-1,"Low"
"16504",17728,17729,"Rainfall_mm",2120.77,1,NA
"16505",0,0,NA,0,-1,"Medium"
"16506",17730,17731,"Temperature_C",37.39,1,NA
"16507",17732,17733,"Previous_Irrigation_mm",115.475,1,NA
"16508",17734,17735,"Rainfall_mm",720.075,1,NA
"16509",0,0,NA,0,-1,"Medium"
"16510",17736,17737,"Sunlight_Hours",5.25,1,NA
"16511",0,0,NA,0,-1,"Medium"
"16512",0,0,NA,0,-1,"Medium"
"16513",17738,17739,"Soil_Moisture",28.04,1,NA
"16514",17740,17741,"Electrical_Conductivity",3.03,1,NA
"16515",0,0,NA,0,-1,"Low"
"16516",0,0,NA,0,-1,"Medium"
"16517",0,0,NA,0,-1,"Low"
"16518",0,0,NA,0,-1,"Low"
"16519",17742,17743,"Previous_Irrigation_mm",107.67,1,NA
"16520",17744,17745,"Soil_Moisture",26.96,1,NA
"16521",17746,17747,"Temperature_C",35.565,1,NA
"16522",17748,17749,"Humidity",79.455,1,NA
"16523",0,0,NA,0,-1,"Low"
"16524",17750,17751,"Temperature_C",39.105,1,NA
"16525",17752,17753,"Previous_Irrigation_mm",36.775,1,NA
"16526",0,0,NA,0,-1,"Medium"
"16527",0,0,NA,0,-1,"Low"
"16528",17754,17755,"Crop_Type",4,1,NA
"16529",0,0,NA,0,-1,"Medium"
"16530",0,0,NA,0,-1,"Medium"
"16531",17756,17757,"Soil_Moisture",20.645,1,NA
"16532",0,0,NA,0,-1,"Medium"
"16533",0,0,NA,0,-1,"High"
"16534",0,0,NA,0,-1,"Medium"
"16535",0,0,NA,0,-1,"Low"
"16536",0,0,NA,0,-1,"Low"
"16537",0,0,NA,0,-1,"Medium"
"16538",17758,17759,"Temperature_C",18.25,1,NA
"16539",0,0,NA,0,-1,"Low"
"16540",0,0,NA,0,-1,"Medium"
"16541",0,0,NA,0,-1,"Low"
"16542",0,0,NA,0,-1,"Medium"
"16543",0,0,NA,0,-1,"Low"
"16544",0,0,NA,0,-1,"Medium"
"16545",0,0,NA,0,-1,"Low"
"16546",0,0,NA,0,-1,"Medium"
"16547",17760,17761,"Humidity",55.61,1,NA
"16548",0,0,NA,0,-1,"Medium"
"16549",17762,17763,"Soil_Type",7,1,NA
"16550",0,0,NA,0,-1,"Low"
"16551",0,0,NA,0,-1,"Medium"
"16552",0,0,NA,0,-1,"Low"
"16553",0,0,NA,0,-1,"Medium"
"16554",0,0,NA,0,-1,"Low"
"16555",17764,17765,"Crop_Type",5,1,NA
"16556",0,0,NA,0,-1,"Low"
"16557",0,0,NA,0,-1,"Medium"
"16558",17766,17767,"Crop_Type",1,1,NA
"16559",17768,17769,"Irrigation_Type",2,1,NA
"16560",0,0,NA,0,-1,"Medium"
"16561",0,0,NA,0,-1,"Low"
"16562",0,0,NA,0,-1,"Medium"
"16563",0,0,NA,0,-1,"Low"
"16564",0,0,NA,0,-1,"Low"
"16565",0,0,NA,0,-1,"Medium"
"16566",17770,17771,"Soil_Type",3,1,NA
"16567",17772,17773,"Humidity",46.055,1,NA
"16568",0,0,NA,0,-1,"Low"
"16569",17774,17775,"Sunlight_Hours",8.67,1,NA
"16570",0,0,NA,0,-1,"Low"
"16571",0,0,NA,0,-1,"Medium"
"16572",17776,17777,"Season",3,1,NA
"16573",17778,17779,"Organic_Carbon",0.78,1,NA
"16574",0,0,NA,0,-1,"Medium"
"16575",17780,17781,"Rainfall_mm",2209.65,1,NA
"16576",0,0,NA,0,-1,"Low"
"16577",17782,17783,"Rainfall_mm",2168.235,1,NA
"16578",17784,17785,"Electrical_Conductivity",1.65,1,NA
"16579",17786,17787,"Electrical_Conductivity",2.965,1,NA
"16580",0,0,NA,0,-1,"Medium"
"16581",17788,17789,"Soil_pH",7.38,1,NA
"16582",0,0,NA,0,-1,"Low"
"16583",0,0,NA,0,-1,"Medium"
"16584",17790,17791,"Wind_Speed_kmh",10.175,1,NA
"16585",17792,17793,"Organic_Carbon",0.665,1,NA
"16586",0,0,NA,0,-1,"Medium"
"16587",0,0,NA,0,-1,"Low"
"16588",17794,17795,"Crop_Type",2,1,NA
"16589",0,0,NA,0,-1,"Medium"
"16590",17796,17797,"Wind_Speed_kmh",10.75,1,NA
"16591",0,0,NA,0,-1,"Low"
"16592",0,0,NA,0,-1,"Medium"
"16593",17798,17799,"Water_Source",7,1,NA
"16594",0,0,NA,0,-1,"Low"
"16595",0,0,NA,0,-1,"Medium"
"16596",17800,17801,"Soil_Moisture",18.27,1,NA
"16597",0,0,NA,0,-1,"Medium"
"16598",0,0,NA,0,-1,"Low"
"16599",17802,17803,"Rainfall_mm",1228.805,1,NA
"16600",0,0,NA,0,-1,"Medium"
"16601",0,0,NA,0,-1,"Low"
"16602",17804,17805,"Previous_Irrigation_mm",114.765,1,NA
"16603",0,0,NA,0,-1,"Medium"
"16604",17806,17807,"Mulching_Used",1,1,NA
"16605",17808,17809,"Mulching_Used",1,1,NA
"16606",0,0,NA,0,-1,"Low"
"16607",0,0,NA,0,-1,"Medium"
"16608",0,0,NA,0,-1,"Medium"
"16609",0,0,NA,0,-1,"Low"
"16610",17810,17811,"Mulching_Used",1,1,NA
"16611",17812,17813,"Rainfall_mm",1651.97,1,NA
"16612",17814,17815,"Humidity",65.48,1,NA
"16613",0,0,NA,0,-1,"Low"
"16614",0,0,NA,0,-1,"Low"
"16615",0,0,NA,0,-1,"Medium"
"16616",0,0,NA,0,-1,"Low"
"16617",17816,17817,"Humidity",80.06,1,NA
"16618",0,0,NA,0,-1,"Medium"
"16619",17818,17819,"Previous_Irrigation_mm",22.425,1,NA
"16620",0,0,NA,0,-1,"Medium"
"16621",0,0,NA,0,-1,"Low"
"16622",0,0,NA,0,-1,"Low"
"16623",17820,17821,"Soil_Moisture",23.665,1,NA
"16624",0,0,NA,0,-1,"Low"
"16625",0,0,NA,0,-1,"Medium"
"16626",17822,17823,"Rainfall_mm",874.215,1,NA
"16627",17824,17825,"Organic_Carbon",0.83,1,NA
"16628",17826,17827,"Field_Area_hectare",7.825,1,NA
"16629",0,0,NA,0,-1,"Medium"
"16630",0,0,NA,0,-1,"Medium"
"16631",0,0,NA,0,-1,"Low"
"16632",0,0,NA,0,-1,"Medium"
"16633",0,0,NA,0,-1,"Low"
"16634",0,0,NA,0,-1,"Medium"
"16635",0,0,NA,0,-1,"Low"
"16636",17828,17829,"Crop_Type",1,1,NA
"16637",0,0,NA,0,-1,"Medium"
"16638",17830,17831,"Electrical_Conductivity",1.935,1,NA
"16639",0,0,NA,0,-1,"Medium"
"16640",0,0,NA,0,-1,"Low"
"16641",0,0,NA,0,-1,"Medium"
"16642",0,0,NA,0,-1,"Medium"
"16643",17832,17833,"Humidity",72.32,1,NA
"16644",0,0,NA,0,-1,"Medium"
"16645",17834,17835,"Sunlight_Hours",7.26,1,NA
"16646",17836,17837,"Season",3,1,NA
"16647",17838,17839,"Soil_Moisture",23.13,1,NA
"16648",0,0,NA,0,-1,"Medium"
"16649",0,0,NA,0,-1,"High"
"16650",17840,17841,"Irrigation_Type",4,1,NA
"16651",17842,17843,"Temperature_C",40.205,1,NA
"16652",17844,17845,"Region",11,1,NA
"16653",0,0,NA,0,-1,"Medium"
"16654",0,0,NA,0,-1,"Medium"
"16655",17846,17847,"Water_Source",3,1,NA
"16656",0,0,NA,0,-1,"Medium"
"16657",17848,17849,"Temperature_C",41.3,1,NA
"16658",17850,17851,"Organic_Carbon",1.11,1,NA
"16659",0,0,NA,0,-1,"Low"
"16660",0,0,NA,0,-1,"Medium"
"16661",0,0,NA,0,-1,"Low"
"16662",0,0,NA,0,-1,"Low"
"16663",0,0,NA,0,-1,"Medium"
"16664",0,0,NA,0,-1,"Low"
"16665",17852,17853,"Wind_Speed_kmh",19.055,1,NA
"16666",0,0,NA,0,-1,"Medium"
"16667",0,0,NA,0,-1,"Low"
"16668",0,0,NA,0,-1,"Low"
"16669",0,0,NA,0,-1,"Medium"
"16670",17854,17855,"Soil_Type",2,1,NA
"16671",17856,17857,"Soil_pH",7.06,1,NA
"16672",17858,17859,"Field_Area_hectare",10.55,1,NA
"16673",0,0,NA,0,-1,"Low"
"16674",0,0,NA,0,-1,"Low"
"16675",17860,17861,"Field_Area_hectare",11.87,1,NA
"16676",0,0,NA,0,-1,"Medium"
"16677",0,0,NA,0,-1,"Low"
"16678",17862,17863,"Previous_Irrigation_mm",109.345,1,NA
"16679",0,0,NA,0,-1,"Low"
"16680",0,0,NA,0,-1,"Medium"
"16681",0,0,NA,0,-1,"Low"
"16682",0,0,NA,0,-1,"Low"
"16683",0,0,NA,0,-1,"Medium"
"16684",0,0,NA,0,-1,"Low"
"16685",17864,17865,"Field_Area_hectare",8.775,1,NA
"16686",0,0,NA,0,-1,"Low"
"16687",0,0,NA,0,-1,"Medium"
"16688",17866,17867,"Rainfall_mm",766.91,1,NA
"16689",17868,17869,"Previous_Irrigation_mm",7.54,1,NA
"16690",0,0,NA,0,-1,"Medium"
"16691",0,0,NA,0,-1,"Low"
"16692",0,0,NA,0,-1,"Low"
"16693",17870,17871,"Irrigation_Type",4,1,NA
"16694",17872,17873,"Electrical_Conductivity",2.515,1,NA
"16695",0,0,NA,0,-1,"Medium"
"16696",0,0,NA,0,-1,"Medium"
"16697",17874,17875,"Electrical_Conductivity",3.445,1,NA
"16698",17876,17877,"Soil_Type",4,1,NA
"16699",0,0,NA,0,-1,"Low"
"16700",0,0,NA,0,-1,"Low"
"16701",17878,17879,"Organic_Carbon",0.805,1,NA
"16702",17880,17881,"Season",2,1,NA
"16703",17882,17883,"Crop_Type",4,1,NA
"16704",0,0,NA,0,-1,"Low"
"16705",17884,17885,"Wind_Speed_kmh",15.665,1,NA
"16706",0,0,NA,0,-1,"Low"
"16707",17886,17887,"Organic_Carbon",0.74,1,NA
"16708",0,0,NA,0,-1,"Medium"
"16709",0,0,NA,0,-1,"Low"
"16710",17888,17889,"Humidity",28.565,1,NA
"16711",0,0,NA,0,-1,"Low"
"16712",0,0,NA,0,-1,"Medium"
"16713",0,0,NA,0,-1,"Low"
"16714",0,0,NA,0,-1,"Medium"
"16715",17890,17891,"Electrical_Conductivity",0.265,1,NA
"16716",17892,17893,"Soil_Moisture",26.67,1,NA
"16717",17894,17895,"Soil_Type",4,1,NA
"16718",17896,17897,"Organic_Carbon",1.21,1,NA
"16719",17898,17899,"Field_Area_hectare",0.335,1,NA
"16720",0,0,NA,0,-1,"Low"
"16721",0,0,NA,0,-1,"Medium"
"16722",17900,17901,"Previous_Irrigation_mm",19.19,1,NA
"16723",0,0,NA,0,-1,"Medium"
"16724",17902,17903,"Season",1,1,NA
"16725",0,0,NA,0,-1,"Low"
"16726",0,0,NA,0,-1,"Low"
"16727",0,0,NA,0,-1,"Medium"
"16728",0,0,NA,0,-1,"Medium"
"16729",0,0,NA,0,-1,"Low"
"16730",0,0,NA,0,-1,"Medium"
"16731",0,0,NA,0,-1,"Low"
"16732",0,0,NA,0,-1,"Medium"
"16733",0,0,NA,0,-1,"Low"
"16734",0,0,NA,0,-1,"Low"
"16735",17904,17905,"Region",1,1,NA
"16736",0,0,NA,0,-1,"Low"
"16737",17906,17907,"Soil_pH",5.355,1,NA
"16738",0,0,NA,0,-1,"Low"
"16739",0,0,NA,0,-1,"Medium"
"16740",17908,17909,"Electrical_Conductivity",0.8,1,NA
"16741",0,0,NA,0,-1,"Low"
"16742",0,0,NA,0,-1,"Low"
"16743",0,0,NA,0,-1,"Medium"
"16744",0,0,NA,0,-1,"Low"
"16745",17910,17911,"Organic_Carbon",0.665,1,NA
"16746",0,0,NA,0,-1,"Low"
"16747",0,0,NA,0,-1,"Medium"
"16748",17912,17913,"Temperature_C",27.655,1,NA
"16749",0,0,NA,0,-1,"Low"
"16750",0,0,NA,0,-1,"Low"
"16751",0,0,NA,0,-1,"Medium"
"16752",0,0,NA,0,-1,"Low"
"16753",0,0,NA,0,-1,"Medium"
"16754",17914,17915,"Organic_Carbon",1.05,1,NA
"16755",0,0,NA,0,-1,"Medium"
"16756",0,0,NA,0,-1,"Low"
"16757",17916,17917,"Crop_Type",6,1,NA
"16758",0,0,NA,0,-1,"Low"
"16759",0,0,NA,0,-1,"Medium"
"16760",0,0,NA,0,-1,"Medium"
"16761",0,0,NA,0,-1,"Low"
"16762",17918,17919,"Temperature_C",12.415,1,NA
"16763",0,0,NA,0,-1,"Low"
"16764",0,0,NA,0,-1,"Low"
"16765",0,0,NA,0,-1,"Medium"
"16766",0,0,NA,0,-1,"Medium"
"16767",17920,17921,"Field_Area_hectare",2.375,1,NA
"16768",17922,17923,"Soil_Type",2,1,NA
"16769",17924,17925,"Previous_Irrigation_mm",84.115,1,NA
"16770",0,0,NA,0,-1,"Low"
"16771",17926,17927,"Crop_Type",16,1,NA
"16772",0,0,NA,0,-1,"Medium"
"16773",0,0,NA,0,-1,"Low"
"16774",17928,17929,"Soil_Type",1,1,NA
"16775",0,0,NA,0,-1,"Medium"
"16776",0,0,NA,0,-1,"Medium"
"16777",0,0,NA,0,-1,"Low"
"16778",0,0,NA,0,-1,"Low"
"16779",0,0,NA,0,-1,"Medium"
"16780",17930,17931,"Soil_Moisture",44.58,1,NA
"16781",0,0,NA,0,-1,"Low"
"16782",17932,17933,"Wind_Speed_kmh",1.05,1,NA
"16783",17934,17935,"Irrigation_Type",2,1,NA
"16784",0,0,NA,0,-1,"Low"
"16785",0,0,NA,0,-1,"Medium"
"16786",0,0,NA,0,-1,"Medium"
"16787",0,0,NA,0,-1,"High"
"16788",17936,17937,"Electrical_Conductivity",2.715,1,NA
"16789",17938,17939,"Rainfall_mm",2471.69,1,NA
"16790",17940,17941,"Rainfall_mm",1078.355,1,NA
"16791",0,0,NA,0,-1,"Medium"
"16792",17942,17943,"Previous_Irrigation_mm",32.165,1,NA
"16793",0,0,NA,0,-1,"Low"
"16794",17944,17945,"Soil_pH",6.615,1,NA
"16795",17946,17947,"Rainfall_mm",925.885,1,NA
"16796",0,0,NA,0,-1,"Low"
"16797",0,0,NA,0,-1,"Medium"
"16798",17948,17949,"Temperature_C",26.73,1,NA
"16799",0,0,NA,0,-1,"Medium"
"16800",0,0,NA,0,-1,"Low"
"16801",17950,17951,"Wind_Speed_kmh",2.465,1,NA
"16802",0,0,NA,0,-1,"Medium"
"16803",17952,17953,"Rainfall_mm",2233.075,1,NA
"16804",0,0,NA,0,-1,"Low"
"16805",0,0,NA,0,-1,"Medium"
"16806",17954,17955,"Sunlight_Hours",8.22,1,NA
"16807",0,0,NA,0,-1,"Low"
"16808",17956,17957,"Humidity",61.79,1,NA
"16809",0,0,NA,0,-1,"Low"
"16810",0,0,NA,0,-1,"Medium"
"16811",0,0,NA,0,-1,"Low"
"16812",0,0,NA,0,-1,"Medium"
"16813",0,0,NA,0,-1,"Low"
"16814",0,0,NA,0,-1,"Medium"
"16815",0,0,NA,0,-1,"Low"
"16816",17958,17959,"Previous_Irrigation_mm",85.525,1,NA
"16817",0,0,NA,0,-1,"Low"
"16818",17960,17961,"Wind_Speed_kmh",6.185,1,NA
"16819",0,0,NA,0,-1,"Low"
"16820",17962,17963,"Soil_Moisture",29.09,1,NA
"16821",0,0,NA,0,-1,"Low"
"16822",0,0,NA,0,-1,"Medium"
"16823",0,0,NA,0,-1,"Low"
"16824",0,0,NA,0,-1,"Medium"
"16825",0,0,NA,0,-1,"Low"
"16826",17964,17965,"Electrical_Conductivity",3.325,1,NA
"16827",17966,17967,"Temperature_C",29.425,1,NA
"16828",17968,17969,"Humidity",31.255,1,NA
"16829",17970,17971,"Humidity",39.705,1,NA
"16830",0,0,NA,0,-1,"Low"
"16831",17972,17973,"Field_Area_hectare",11.635,1,NA
"16832",0,0,NA,0,-1,"Low"
"16833",0,0,NA,0,-1,"Medium"
"16834",17974,17975,"Season",3,1,NA
"16835",0,0,NA,0,-1,"Low"
"16836",17976,17977,"Temperature_C",23.725,1,NA
"16837",17978,17979,"Sunlight_Hours",8.765,1,NA
"16838",0,0,NA,0,-1,"Low"
"16839",0,0,NA,0,-1,"Medium"
"16840",17980,17981,"Organic_Carbon",0.535,1,NA
"16841",0,0,NA,0,-1,"Low"
"16842",17982,17983,"Soil_Type",2,1,NA
"16843",0,0,NA,0,-1,"Low"
"16844",17984,17985,"Water_Source",2,1,NA
"16845",17986,17987,"Sunlight_Hours",10.165,1,NA
"16846",0,0,NA,0,-1,"Low"
"16847",17988,17989,"Irrigation_Type",3,1,NA
"16848",17990,17991,"Irrigation_Type",1,1,NA
"16849",0,0,NA,0,-1,"Low"
"16850",17992,17993,"Temperature_C",17.375,1,NA
"16851",0,0,NA,0,-1,"Medium"
"16852",17994,17995,"Sunlight_Hours",10.245,1,NA
"16853",0,0,NA,0,-1,"Low"
"16854",0,0,NA,0,-1,"Medium"
"16855",0,0,NA,0,-1,"Low"
"16856",17996,17997,"Sunlight_Hours",10.015,1,NA
"16857",17998,17999,"Humidity",63.87,1,NA
"16858",0,0,NA,0,-1,"Low"
"16859",0,0,NA,0,-1,"Medium"
"16860",18000,18001,"Region",4,1,NA
"16861",18002,18003,"Field_Area_hectare",5.605,1,NA
"16862",0,0,NA,0,-1,"Medium"
"16863",18004,18005,"Soil_Moisture",32,1,NA
"16864",18006,18007,"Temperature_C",18.715,1,NA
"16865",18008,18009,"Electrical_Conductivity",1.095,1,NA
"16866",0,0,NA,0,-1,"Low"
"16867",0,0,NA,0,-1,"Medium"
"16868",18010,18011,"Field_Area_hectare",0.675,1,NA
"16869",18012,18013,"Soil_pH",6.455,1,NA
"16870",18014,18015,"Crop_Type",4,1,NA
"16871",18016,18017,"Temperature_C",25.07,1,NA
"16872",18018,18019,"Temperature_C",23.74,1,NA
"16873",0,0,NA,0,-1,"Medium"
"16874",18020,18021,"Water_Source",3,1,NA
"16875",18022,18023,"Soil_pH",8.145,1,NA
"16876",0,0,NA,0,-1,"Medium"
"16877",0,0,NA,0,-1,"Low"
"16878",0,0,NA,0,-1,"Low"
"16879",0,0,NA,0,-1,"Medium"
"16880",0,0,NA,0,-1,"Medium"
"16881",18024,18025,"Organic_Carbon",1.155,1,NA
"16882",0,0,NA,0,-1,"Medium"
"16883",0,0,NA,0,-1,"Low"
"16884",18026,18027,"Rainfall_mm",2078.74,1,NA
"16885",18028,18029,"Temperature_C",18.735,1,NA
"16886",18030,18031,"Sunlight_Hours",9.995,1,NA
"16887",18032,18033,"Soil_Moisture",57.155,1,NA
"16888",0,0,NA,0,-1,"Low"
"16889",18034,18035,"Region",1,1,NA
"16890",18036,18037,"Humidity",28.785,1,NA
"16891",0,0,NA,0,-1,"Medium"
"16892",0,0,NA,0,-1,"Low"
"16893",18038,18039,"Soil_Moisture",64.29,1,NA
"16894",0,0,NA,0,-1,"Medium"
"16895",0,0,NA,0,-1,"Low"
"16896",0,0,NA,0,-1,"Low"
"16897",0,0,NA,0,-1,"Medium"
"16898",18040,18041,"Soil_Moisture",59.54,1,NA
"16899",0,0,NA,0,-1,"Low"
"16900",0,0,NA,0,-1,"Medium"
"16901",0,0,NA,0,-1,"Low"
"16902",0,0,NA,0,-1,"Medium"
"16903",0,0,NA,0,-1,"Low"
"16904",0,0,NA,0,-1,"Low"
"16905",0,0,NA,0,-1,"Medium"
"16906",0,0,NA,0,-1,"Medium"
"16907",18042,18043,"Electrical_Conductivity",1.06,1,NA
"16908",18044,18045,"Wind_Speed_kmh",8.795,1,NA
"16909",18046,18047,"Humidity",63.765,1,NA
"16910",18048,18049,"Soil_pH",5.96,1,NA
"16911",0,0,NA,0,-1,"Low"
"16912",0,0,NA,0,-1,"Medium"
"16913",0,0,NA,0,-1,"Low"
"16914",0,0,NA,0,-1,"Medium"
"16915",0,0,NA,0,-1,"High"
"16916",0,0,NA,0,-1,"High"
"16917",0,0,NA,0,-1,"Medium"
"16918",18050,18051,"Electrical_Conductivity",0.425,1,NA
"16919",18052,18053,"Soil_Moisture",11.955,1,NA
"16920",18054,18055,"Humidity",41.345,1,NA
"16921",0,0,NA,0,-1,"Medium"
"16922",18056,18057,"Field_Area_hectare",2.765,1,NA
"16923",0,0,NA,0,-1,"Medium"
"16924",18058,18059,"Previous_Irrigation_mm",6.335,1,NA
"16925",18060,18061,"Temperature_C",23.595,1,NA
"16926",18062,18063,"Humidity",62.69,1,NA
"16927",18064,18065,"Rainfall_mm",593.06,1,NA
"16928",0,0,NA,0,-1,"Medium"
"16929",0,0,NA,0,-1,"High"
"16930",18066,18067,"Field_Area_hectare",11.835,1,NA
"16931",0,0,NA,0,-1,"Medium"
"16932",18068,18069,"Wind_Speed_kmh",10.555,1,NA
"16933",18070,18071,"Soil_Moisture",8.195,1,NA
"16934",18072,18073,"Wind_Speed_kmh",19.78,1,NA
"16935",0,0,NA,0,-1,"Medium"
"16936",18074,18075,"Crop_Growth_Stage",1,1,NA
"16937",0,0,NA,0,-1,"Medium"
"16938",18076,18077,"Humidity",77.01,1,NA
"16939",0,0,NA,0,-1,"High"
"16940",0,0,NA,0,-1,"Medium"
"16941",0,0,NA,0,-1,"High"
"16942",18078,18079,"Rainfall_mm",1958.37,1,NA
"16943",0,0,NA,0,-1,"High"
"16944",0,0,NA,0,-1,"Medium"
"16945",0,0,NA,0,-1,"Low"
"16946",18080,18081,"Rainfall_mm",990.08,1,NA
"16947",18082,18083,"Soil_Type",5,1,NA
"16948",18084,18085,"Crop_Type",20,1,NA
"16949",18086,18087,"Region",15,1,NA
"16950",18088,18089,"Electrical_Conductivity",0.535,1,NA
"16951",18090,18091,"Field_Area_hectare",13.775,1,NA
"16952",0,0,NA,0,-1,"Medium"
"16953",18092,18093,"Previous_Irrigation_mm",86.25,1,NA
"16954",0,0,NA,0,-1,"High"
"16955",18094,18095,"Rainfall_mm",827.21,1,NA
"16956",0,0,NA,0,-1,"Medium"
"16957",18096,18097,"Previous_Irrigation_mm",18.575,1,NA
"16958",18098,18099,"Rainfall_mm",2456.955,1,NA
"16959",0,0,NA,0,-1,"Medium"
"16960",18100,18101,"Crop_Type",2,1,NA
"16961",0,0,NA,0,-1,"Medium"
"16962",0,0,NA,0,-1,"Medium"
"16963",0,0,NA,0,-1,"Low"
"16964",0,0,NA,0,-1,"Medium"
"16965",18102,18103,"Soil_Moisture",28.61,1,NA
"16966",0,0,NA,0,-1,"High"
"16967",0,0,NA,0,-1,"Medium"
"16968",18104,18105,"Crop_Type",23,1,NA
"16969",18106,18107,"Soil_Moisture",22.1,1,NA
"16970",0,0,NA,0,-1,"Medium"
"16971",0,0,NA,0,-1,"High"
"16972",0,0,NA,0,-1,"High"
"16973",18108,18109,"Soil_Moisture",23.785,1,NA
"16974",18110,18111,"Sunlight_Hours",10.075,1,NA
"16975",18112,18113,"Wind_Speed_kmh",18.8,1,NA
"16976",0,0,NA,0,-1,"Medium"
"16977",18114,18115,"Electrical_Conductivity",2.03,1,NA
"16978",18116,18117,"Crop_Type",7,1,NA
"16979",0,0,NA,0,-1,"Medium"
"16980",0,0,NA,0,-1,"Medium"
"16981",0,0,NA,0,-1,"High"
"16982",0,0,NA,0,-1,"High"
"16983",0,0,NA,0,-1,"Medium"
"16984",0,0,NA,0,-1,"Medium"
"16985",0,0,NA,0,-1,"High"
"16986",0,0,NA,0,-1,"High"
"16987",0,0,NA,0,-1,"Medium"
"16988",0,0,NA,0,-1,"Medium"
"16989",0,0,NA,0,-1,"High"
"16990",18118,18119,"Organic_Carbon",0.525,1,NA
"16991",0,0,NA,0,-1,"Medium"
"16992",18120,18121,"Temperature_C",32.075,1,NA
"16993",0,0,NA,0,-1,"High"
"16994",18122,18123,"Rainfall_mm",2007.245,1,NA
"16995",0,0,NA,0,-1,"Medium"
"16996",0,0,NA,0,-1,"Medium"
"16997",0,0,NA,0,-1,"High"
"16998",0,0,NA,0,-1,"High"
"16999",0,0,NA,0,-1,"Medium"
"17000",0,0,NA,0,-1,"Medium"
"17001",18124,18125,"Rainfall_mm",1291.315,1,NA
"17002",0,0,NA,0,-1,"High"
"17003",0,0,NA,0,-1,"Medium"
"17004",0,0,NA,0,-1,"Low"
"17005",0,0,NA,0,-1,"Medium"
"17006",0,0,NA,0,-1,"Medium"
"17007",0,0,NA,0,-1,"High"
"17008",0,0,NA,0,-1,"Medium"
"17009",18126,18127,"Sunlight_Hours",7.19,1,NA
"17010",18128,18129,"Soil_Moisture",10.055,1,NA
"17011",0,0,NA,0,-1,"Medium"
"17012",0,0,NA,0,-1,"High"
"17013",0,0,NA,0,-1,"Medium"
"17014",18130,18131,"Temperature_C",40.935,1,NA
"17015",18132,18133,"Soil_pH",5.81,1,NA
"17016",18134,18135,"Temperature_C",31.41,1,NA
"17017",0,0,NA,0,-1,"Medium"
"17018",18136,18137,"Temperature_C",35.815,1,NA
"17019",0,0,NA,0,-1,"Medium"
"17020",0,0,NA,0,-1,"Medium"
"17021",18138,18139,"Sunlight_Hours",10.28,1,NA
"17022",18140,18141,"Region",4,1,NA
"17023",0,0,NA,0,-1,"High"
"17024",0,0,NA,0,-1,"Medium"
"17025",18142,18143,"Previous_Irrigation_mm",76.45,1,NA
"17026",0,0,NA,0,-1,"High"
"17027",0,0,NA,0,-1,"Medium"
"17028",0,0,NA,0,-1,"High"
"17029",0,0,NA,0,-1,"Medium"
"17030",0,0,NA,0,-1,"High"
"17031",0,0,NA,0,-1,"Medium"
"17032",0,0,NA,0,-1,"Medium"
"17033",0,0,NA,0,-1,"High"
"17034",0,0,NA,0,-1,"High"
"17035",18144,18145,"Soil_Moisture",16,1,NA
"17036",18146,18147,"Crop_Type",2,1,NA
"17037",0,0,NA,0,-1,"Medium"
"17038",0,0,NA,0,-1,"High"
"17039",0,0,NA,0,-1,"Medium"
"17040",18148,18149,"Previous_Irrigation_mm",5.1,1,NA
"17041",18150,18151,"Previous_Irrigation_mm",45.015,1,NA
"17042",0,0,NA,0,-1,"High"
"17043",0,0,NA,0,-1,"Medium"
"17044",0,0,NA,0,-1,"High"
"17045",0,0,NA,0,-1,"Medium"
"17046",0,0,NA,0,-1,"High"
"17047",18152,18153,"Organic_Carbon",0.595,1,NA
"17048",18154,18155,"Soil_pH",7.465,1,NA
"17049",0,0,NA,0,-1,"Medium"
"17050",0,0,NA,0,-1,"High"
"17051",0,0,NA,0,-1,"Medium"
"17052",18156,18157,"Humidity",91.96,1,NA
"17053",18158,18159,"Region",15,1,NA
"17054",0,0,NA,0,-1,"High"
"17055",18160,18161,"Rainfall_mm",682.22,1,NA
"17056",0,0,NA,0,-1,"Medium"
"17057",18162,18163,"Sunlight_Hours",7.005,1,NA
"17058",0,0,NA,0,-1,"Low"
"17059",18164,18165,"Region",4,1,NA
"17060",0,0,NA,0,-1,"Low"
"17061",0,0,NA,0,-1,"Medium"
"17062",18166,18167,"Soil_Type",7,1,NA
"17063",0,0,NA,0,-1,"Low"
"17064",0,0,NA,0,-1,"High"
"17065",0,0,NA,0,-1,"Medium"
"17066",18168,18169,"Organic_Carbon",0.785,1,NA
"17067",0,0,NA,0,-1,"Low"
"17068",18170,18171,"Electrical_Conductivity",3.38,1,NA
"17069",0,0,NA,0,-1,"Low"
"17070",18172,18173,"Electrical_Conductivity",1.99,1,NA
"17071",18174,18175,"Soil_pH",7.59,1,NA
"17072",18176,18177,"Soil_Moisture",20.435,1,NA
"17073",18178,18179,"Soil_Moisture",23.79,1,NA
"17074",18180,18181,"Organic_Carbon",1.12,1,NA
"17075",18182,18183,"Sunlight_Hours",7.945,1,NA
"17076",18184,18185,"Sunlight_Hours",6.61,1,NA
"17077",18186,18187,"Rainfall_mm",483.885,1,NA
"17078",0,0,NA,0,-1,"Medium"
"17079",0,0,NA,0,-1,"Low"
"17080",0,0,NA,0,-1,"Medium"
"17081",0,0,NA,0,-1,"Low"
"17082",0,0,NA,0,-1,"Medium"
"17083",0,0,NA,0,-1,"Low"
"17084",18188,18189,"Rainfall_mm",1733.295,1,NA
"17085",18190,18191,"Previous_Irrigation_mm",107.63,1,NA
"17086",0,0,NA,0,-1,"Low"
"17087",18192,18193,"Region",4,1,NA
"17088",0,0,NA,0,-1,"Medium"
"17089",0,0,NA,0,-1,"Low"
"17090",0,0,NA,0,-1,"Low"
"17091",18194,18195,"Temperature_C",18.755,1,NA
"17092",0,0,NA,0,-1,"Low"
"17093",0,0,NA,0,-1,"Medium"
"17094",0,0,NA,0,-1,"Low"
"17095",0,0,NA,0,-1,"Medium"
"17096",18196,18197,"Previous_Irrigation_mm",111.6,1,NA
"17097",18198,18199,"Soil_Moisture",23.71,1,NA
"17098",18200,18201,"Sunlight_Hours",10.78,1,NA
"17099",0,0,NA,0,-1,"Medium"
"17100",0,0,NA,0,-1,"Low"
"17101",18202,18203,"Rainfall_mm",864.64,1,NA
"17102",0,0,NA,0,-1,"Medium"
"17103",0,0,NA,0,-1,"Low"
"17104",18204,18205,"Previous_Irrigation_mm",110.99,1,NA
"17105",18206,18207,"Water_Source",3,1,NA
"17106",0,0,NA,0,-1,"Low"
"17107",0,0,NA,0,-1,"Medium"
"17108",18208,18209,"Soil_Moisture",25.82,1,NA
"17109",0,0,NA,0,-1,"Medium"
"17110",0,0,NA,0,-1,"Medium"
"17111",0,0,NA,0,-1,"Low"
"17112",0,0,NA,0,-1,"Medium"
"17113",0,0,NA,0,-1,"Low"
"17114",18210,18211,"Season",2,1,NA
"17115",0,0,NA,0,-1,"Low"
"17116",0,0,NA,0,-1,"Medium"
"17117",18212,18213,"Soil_pH",6.655,1,NA
"17118",0,0,NA,0,-1,"Low"
"17119",0,0,NA,0,-1,"Medium"
"17120",0,0,NA,0,-1,"Low"
"17121",0,0,NA,0,-1,"Medium"
"17122",18214,18215,"Previous_Irrigation_mm",37.17,1,NA
"17123",18216,18217,"Irrigation_Type",7,1,NA
"17124",0,0,NA,0,-1,"Low"
"17125",18218,18219,"Wind_Speed_kmh",5.65,1,NA
"17126",0,0,NA,0,-1,"Medium"
"17127",0,0,NA,0,-1,"Low"
"17128",18220,18221,"Region",12,1,NA
"17129",18222,18223,"Wind_Speed_kmh",3.155,1,NA
"17130",0,0,NA,0,-1,"Low"
"17131",18224,18225,"Wind_Speed_kmh",1.4,1,NA
"17132",18226,18227,"Temperature_C",34.36,1,NA
"17133",18228,18229,"Wind_Speed_kmh",8.01,1,NA
"17134",0,0,NA,0,-1,"Low"
"17135",0,0,NA,0,-1,"Medium"
"17136",0,0,NA,0,-1,"Medium"
"17137",0,0,NA,0,-1,"Low"
"17138",0,0,NA,0,-1,"Low"
"17139",18230,18231,"Temperature_C",37.85,1,NA
"17140",18232,18233,"Soil_Moisture",53.81,1,NA
"17141",0,0,NA,0,-1,"Low"
"17142",18234,18235,"Region",8,1,NA
"17143",18236,18237,"Organic_Carbon",0.34,1,NA
"17144",0,0,NA,0,-1,"Low"
"17145",18238,18239,"Water_Source",7,1,NA
"17146",0,0,NA,0,-1,"Medium"
"17147",0,0,NA,0,-1,"Low"
"17148",0,0,NA,0,-1,"Low"
"17149",18240,18241,"Previous_Irrigation_mm",96.06,1,NA
"17150",0,0,NA,0,-1,"Low"
"17151",18242,18243,"Soil_Type",5,1,NA
"17152",18244,18245,"Irrigation_Type",2,1,NA
"17153",18246,18247,"Electrical_Conductivity",3.045,1,NA
"17154",0,0,NA,0,-1,"Low"
"17155",18248,18249,"Soil_pH",6.99,1,NA
"17156",0,0,NA,0,-1,"Medium"
"17157",18250,18251,"Rainfall_mm",1459.86,1,NA
"17158",18252,18253,"Temperature_C",33.075,1,NA
"17159",0,0,NA,0,-1,"Medium"
"17160",0,0,NA,0,-1,"Low"
"17161",0,0,NA,0,-1,"Medium"
"17162",0,0,NA,0,-1,"Low"
"17163",18254,18255,"Soil_pH",7.2,1,NA
"17164",18256,18257,"Temperature_C",30.72,1,NA
"17165",0,0,NA,0,-1,"Low"
"17166",18258,18259,"Electrical_Conductivity",1.685,1,NA
"17167",0,0,NA,0,-1,"Low"
"17168",18260,18261,"Region",2,1,NA
"17169",18262,18263,"Rainfall_mm",1825.92,1,NA
"17170",18264,18265,"Electrical_Conductivity",1.56,1,NA
"17171",0,0,NA,0,-1,"Low"
"17172",0,0,NA,0,-1,"Medium"
"17173",0,0,NA,0,-1,"Low"
"17174",0,0,NA,0,-1,"Low"
"17175",0,0,NA,0,-1,"Medium"
"17176",18266,18267,"Humidity",47.465,1,NA
"17177",0,0,NA,0,-1,"Low"
"17178",0,0,NA,0,-1,"Low"
"17179",18268,18269,"Previous_Irrigation_mm",46.41,1,NA
"17180",18270,18271,"Rainfall_mm",1502.99,1,NA
"17181",0,0,NA,0,-1,"Low"
"17182",0,0,NA,0,-1,"Medium"
"17183",18272,18273,"Temperature_C",32.88,1,NA
"17184",0,0,NA,0,-1,"Medium"
"17185",0,0,NA,0,-1,"Low"
"17186",0,0,NA,0,-1,"Low"
"17187",18274,18275,"Irrigation_Type",5,1,NA
"17188",0,0,NA,0,-1,"Low"
"17189",0,0,NA,0,-1,"Medium"
"17190",18276,18277,"Soil_pH",8.04,1,NA
"17191",0,0,NA,0,-1,"Low"
"17192",18278,18279,"Rainfall_mm",2314.52,1,NA
"17193",0,0,NA,0,-1,"Medium"
"17194",18280,18281,"Season",3,1,NA
"17195",0,0,NA,0,-1,"Low"
"17196",18282,18283,"Water_Source",3,1,NA
"17197",0,0,NA,0,-1,"Low"
"17198",0,0,NA,0,-1,"Medium"
"17199",0,0,NA,0,-1,"Low"
"17200",18284,18285,"Organic_Carbon",1.23,1,NA
"17201",18286,18287,"Water_Source",1,1,NA
"17202",18288,18289,"Crop_Growth_Stage",1,1,NA
"17203",0,0,NA,0,-1,"Low"
"17204",18290,18291,"Temperature_C",41.27,1,NA
"17205",0,0,NA,0,-1,"Low"
"17206",0,0,NA,0,-1,"Medium"
"17207",0,0,NA,0,-1,"Low"
"17208",0,0,NA,0,-1,"Medium"
"17209",18292,18293,"Electrical_Conductivity",3.18,1,NA
"17210",0,0,NA,0,-1,"Medium"
"17211",0,0,NA,0,-1,"Low"
"17212",18294,18295,"Soil_Moisture",61.965,1,NA
"17213",0,0,NA,0,-1,"Low"
"17214",18296,18297,"Electrical_Conductivity",0.96,1,NA
"17215",18298,18299,"Irrigation_Type",6,1,NA
"17216",0,0,NA,0,-1,"Low"
"17217",18300,18301,"Humidity",31.67,1,NA
"17218",0,0,NA,0,-1,"Low"
"17219",18302,18303,"Water_Source",2,1,NA
"17220",18304,18305,"Soil_Moisture",49.22,1,NA
"17221",0,0,NA,0,-1,"Medium"
"17222",0,0,NA,0,-1,"Low"
"17223",18306,18307,"Humidity",76.49,1,NA
"17224",18308,18309,"Previous_Irrigation_mm",32.665,1,NA
"17225",18310,18311,"Field_Area_hectare",11.845,1,NA
"17226",18312,18313,"Crop_Type",31,1,NA
"17227",0,0,NA,0,-1,"Medium"
"17228",18314,18315,"Season",3,1,NA
"17229",0,0,NA,0,-1,"Low"
"17230",18316,18317,"Soil_Type",5,1,NA
"17231",0,0,NA,0,-1,"Low"
"17232",18318,18319,"Crop_Growth_Stage",1,1,NA
"17233",0,0,NA,0,-1,"Medium"
"17234",0,0,NA,0,-1,"Low"
"17235",18320,18321,"Soil_Type",3,1,NA
"17236",18322,18323,"Soil_Type",4,1,NA
"17237",18324,18325,"Rainfall_mm",1520.49,1,NA
"17238",18326,18327,"Electrical_Conductivity",1.775,1,NA
"17239",0,0,NA,0,-1,"Low"
"17240",0,0,NA,0,-1,"Low"
"17241",0,0,NA,0,-1,"Medium"
"17242",18328,18329,"Soil_Type",2,1,NA
"17243",0,0,NA,0,-1,"Low"
"17244",18330,18331,"Soil_Moisture",45.985,1,NA
"17245",0,0,NA,0,-1,"Low"
"17246",0,0,NA,0,-1,"Medium"
"17247",0,0,NA,0,-1,"High"
"17248",0,0,NA,0,-1,"Medium"
"17249",0,0,NA,0,-1,"High"
"17250",0,0,NA,0,-1,"Low"
"17251",0,0,NA,0,-1,"Medium"
"17252",0,0,NA,0,-1,"Low"
"17253",0,0,NA,0,-1,"Medium"
"17254",0,0,NA,0,-1,"Low"
"17255",18332,18333,"Crop_Growth_Stage",1,1,NA
"17256",0,0,NA,0,-1,"Medium"
"17257",0,0,NA,0,-1,"Low"
"17258",0,0,NA,0,-1,"Low"
"17259",0,0,NA,0,-1,"Medium"
"17260",18334,18335,"Sunlight_Hours",4.415,1,NA
"17261",0,0,NA,0,-1,"Medium"
"17262",18336,18337,"Soil_pH",6.74,1,NA
"17263",18338,18339,"Crop_Growth_Stage",1,1,NA
"17264",18340,18341,"Region",1,1,NA
"17265",0,0,NA,0,-1,"Low"
"17266",0,0,NA,0,-1,"Medium"
"17267",0,0,NA,0,-1,"Low"
"17268",18342,18343,"Crop_Type",2,1,NA
"17269",18344,18345,"Humidity",38.92,1,NA
"17270",0,0,NA,0,-1,"Low"
"17271",18346,18347,"Previous_Irrigation_mm",44.885,1,NA
"17272",0,0,NA,0,-1,"Medium"
"17273",0,0,NA,0,-1,"Low"
"17274",18348,18349,"Soil_Moisture",26.695,1,NA
"17275",0,0,NA,0,-1,"Medium"
"17276",0,0,NA,0,-1,"Low"
"17277",0,0,NA,0,-1,"Medium"
"17278",18350,18351,"Crop_Type",12,1,NA
"17279",18352,18353,"Temperature_C",28.075,1,NA
"17280",0,0,NA,0,-1,"Medium"
"17281",18354,18355,"Rainfall_mm",2186.23,1,NA
"17282",0,0,NA,0,-1,"Medium"
"17283",0,0,NA,0,-1,"Low"
"17284",0,0,NA,0,-1,"Low"
"17285",18356,18357,"Wind_Speed_kmh",15.73,1,NA
"17286",0,0,NA,0,-1,"Medium"
"17287",18358,18359,"Region",4,1,NA
"17288",18360,18361,"Soil_pH",5.09,1,NA
"17289",18362,18363,"Organic_Carbon",0.895,1,NA
"17290",0,0,NA,0,-1,"Medium"
"17291",18364,18365,"Electrical_Conductivity",0.17,1,NA
"17292",0,0,NA,0,-1,"Low"
"17293",0,0,NA,0,-1,"Medium"
"17294",0,0,NA,0,-1,"Medium"
"17295",18366,18367,"Region",2,1,NA
"17296",0,0,NA,0,-1,"Medium"
"17297",0,0,NA,0,-1,"Low"
"17298",0,0,NA,0,-1,"Medium"
"17299",18368,18369,"Crop_Type",8,1,NA
"17300",18370,18371,"Temperature_C",22.775,1,NA
"17301",18372,18373,"Crop_Type",18,1,NA
"17302",0,0,NA,0,-1,"Low"
"17303",0,0,NA,0,-1,"Medium"
"17304",18374,18375,"Soil_Moisture",18.815,1,NA
"17305",18376,18377,"Crop_Type",4,1,NA
"17306",0,0,NA,0,-1,"Medium"
"17307",0,0,NA,0,-1,"Low"
"17308",18378,18379,"Organic_Carbon",0.525,1,NA
"17309",18380,18381,"Temperature_C",18.765,1,NA
"17310",18382,18383,"Region",2,1,NA
"17311",0,0,NA,0,-1,"Medium"
"17312",0,0,NA,0,-1,"Medium"
"17313",0,0,NA,0,-1,"Low"
"17314",18384,18385,"Crop_Growth_Stage",1,1,NA
"17315",18386,18387,"Organic_Carbon",0.62,1,NA
"17316",18388,18389,"Crop_Type",2,1,NA
"17317",18390,18391,"Humidity",64.56,1,NA
"17318",18392,18393,"Region",4,1,NA
"17319",18394,18395,"Wind_Speed_kmh",19.585,1,NA
"17320",0,0,NA,0,-1,"Medium"
"17321",0,0,NA,0,-1,"Low"
"17322",18396,18397,"Electrical_Conductivity",2.54,1,NA
"17323",0,0,NA,0,-1,"Low"
"17324",0,0,NA,0,-1,"Low"
"17325",18398,18399,"Sunlight_Hours",10.31,1,NA
"17326",0,0,NA,0,-1,"Medium"
"17327",18400,18401,"Soil_pH",5.515,1,NA
"17328",18402,18403,"Temperature_C",28.7,1,NA
"17329",18404,18405,"Temperature_C",26.885,1,NA
"17330",0,0,NA,0,-1,"Medium"
"17331",18406,18407,"Temperature_C",29.155,1,NA
"17332",0,0,NA,0,-1,"Medium"
"17333",0,0,NA,0,-1,"Low"
"17334",18408,18409,"Region",12,1,NA
"17335",18410,18411,"Previous_Irrigation_mm",61.795,1,NA
"17336",18412,18413,"Soil_Type",4,1,NA
"17337",18414,18415,"Region",15,1,NA
"17338",18416,18417,"Water_Source",3,1,NA
"17339",0,0,NA,0,-1,"Medium"
"17340",18418,18419,"Soil_Moisture",26.525,1,NA
"17341",18420,18421,"Field_Area_hectare",3.655,1,NA
"17342",0,0,NA,0,-1,"Low"
"17343",18422,18423,"Soil_Moisture",31.255,1,NA
"17344",18424,18425,"Irrigation_Type",5,1,NA
"17345",18426,18427,"Rainfall_mm",2471.845,1,NA
"17346",18428,18429,"Sunlight_Hours",4.295,1,NA
"17347",18430,18431,"Organic_Carbon",0.515,1,NA
"17348",0,0,NA,0,-1,"Medium"
"17349",0,0,NA,0,-1,"Low"
"17350",18432,18433,"Sunlight_Hours",6.07,1,NA
"17351",18434,18435,"Electrical_Conductivity",3.37,1,NA
"17352",0,0,NA,0,-1,"Medium"
"17353",18436,18437,"Soil_Moisture",25.265,1,NA
"17354",0,0,NA,0,-1,"Low"
"17355",18438,18439,"Wind_Speed_kmh",14.76,1,NA
"17356",18440,18441,"Organic_Carbon",0.505,1,NA
"17357",18442,18443,"Electrical_Conductivity",2.425,1,NA
"17358",18444,18445,"Soil_pH",6.795,1,NA
"17359",18446,18447,"Humidity",56.555,1,NA
"17360",18448,18449,"Soil_pH",4.94,1,NA
"17361",18450,18451,"Soil_Moisture",27.53,1,NA
"17362",0,0,NA,0,-1,"Low"
"17363",0,0,NA,0,-1,"Medium"
"17364",18452,18453,"Soil_Moisture",29.78,1,NA
"17365",18454,18455,"Crop_Type",16,1,NA
"17366",18456,18457,"Wind_Speed_kmh",11.785,1,NA
"17367",18458,18459,"Previous_Irrigation_mm",79.06,1,NA
"17368",18460,18461,"Sunlight_Hours",10.955,1,NA
"17369",18462,18463,"Temperature_C",17.835,1,NA
"17370",18464,18465,"Rainfall_mm",2337.035,1,NA
"17371",18466,18467,"Electrical_Conductivity",0.435,1,NA
"17372",18468,18469,"Soil_Moisture",26.285,1,NA
"17373",18470,18471,"Humidity",89.285,1,NA
"17374",18472,18473,"Wind_Speed_kmh",12.505,1,NA
"17375",18474,18475,"Humidity",34.655,1,NA
"17376",18476,18477,"Irrigation_Type",4,1,NA
"17377",0,0,NA,0,-1,"High"
"17378",0,0,NA,0,-1,"Medium"
"17379",0,0,NA,0,-1,"High"
"17380",0,0,NA,0,-1,"Medium"
"17381",0,0,NA,0,-1,"High"
"17382",18478,18479,"Soil_Moisture",13.265,1,NA
"17383",0,0,NA,0,-1,"Medium"
"17384",0,0,NA,0,-1,"High"
"17385",0,0,NA,0,-1,"Medium"
"17386",0,0,NA,0,-1,"Medium"
"17387",18480,18481,"Electrical_Conductivity",2.38,1,NA
"17388",18482,18483,"Wind_Speed_kmh",15.94,1,NA
"17389",0,0,NA,0,-1,"Medium"
"17390",18484,18485,"Field_Area_hectare",12.265,1,NA
"17391",18486,18487,"Electrical_Conductivity",2.145,1,NA
"17392",18488,18489,"Soil_Moisture",19.96,1,NA
"17393",18490,18491,"Field_Area_hectare",14.045,1,NA
"17394",0,0,NA,0,-1,"Medium"
"17395",18492,18493,"Previous_Irrigation_mm",75.83,1,NA
"17396",18494,18495,"Temperature_C",30.795,1,NA
"17397",18496,18497,"Soil_Moisture",13.285,1,NA
"17398",18498,18499,"Irrigation_Type",1,1,NA
"17399",18500,18501,"Sunlight_Hours",10.155,1,NA
"17400",18502,18503,"Humidity",83.04,1,NA
"17401",0,0,NA,0,-1,"Medium"
"17402",0,0,NA,0,-1,"Medium"
"17403",0,0,NA,0,-1,"High"
"17404",18504,18505,"Field_Area_hectare",4.8,1,NA
"17405",0,0,NA,0,-1,"Medium"
"17406",18506,18507,"Sunlight_Hours",9.83,1,NA
"17407",0,0,NA,0,-1,"Medium"
"17408",18508,18509,"Previous_Irrigation_mm",36.19,1,NA
"17409",18510,18511,"Wind_Speed_kmh",18.22,1,NA
"17410",18512,18513,"Soil_pH",7.975,1,NA
"17411",18514,18515,"Organic_Carbon",0.585,1,NA
"17412",0,0,NA,0,-1,"High"
"17413",18516,18517,"Sunlight_Hours",10.755,1,NA
"17414",18518,18519,"Soil_Moisture",23.35,1,NA
"17415",18520,18521,"Sunlight_Hours",8.17,1,NA
"17416",18522,18523,"Sunlight_Hours",4.61,1,NA
"17417",18524,18525,"Region",10,1,NA
"17418",0,0,NA,0,-1,"Low"
"17419",0,0,NA,0,-1,"Medium"
"17420",18526,18527,"Water_Source",1,1,NA
"17421",0,0,NA,0,-1,"Low"
"17422",18528,18529,"Soil_Moisture",25.215,1,NA
"17423",18530,18531,"Previous_Irrigation_mm",97.655,1,NA
"17424",0,0,NA,0,-1,"Medium"
"17425",18532,18533,"Region",2,1,NA
"17426",0,0,NA,0,-1,"Medium"
"17427",18534,18535,"Rainfall_mm",693.79,1,NA
"17428",18536,18537,"Previous_Irrigation_mm",85.58,1,NA
"17429",0,0,NA,0,-1,"Medium"
"17430",18538,18539,"Soil_Moisture",52.99,1,NA
"17431",0,0,NA,0,-1,"Medium"
"17432",0,0,NA,0,-1,"Medium"
"17433",0,0,NA,0,-1,"Low"
"17434",0,0,NA,0,-1,"Low"
"17435",0,0,NA,0,-1,"Medium"
"17436",18540,18541,"Soil_Moisture",63.845,1,NA
"17437",18542,18543,"Temperature_C",34.4,1,NA
"17438",0,0,NA,0,-1,"Medium"
"17439",18544,18545,"Soil_Type",1,1,NA
"17440",0,0,NA,0,-1,"Medium"
"17441",0,0,NA,0,-1,"Low"
"17442",18546,18547,"Temperature_C",38.43,1,NA
"17443",0,0,NA,0,-1,"Medium"
"17444",0,0,NA,0,-1,"Low"
"17445",0,0,NA,0,-1,"Medium"
"17446",18548,18549,"Region",4,1,NA
"17447",18550,18551,"Sunlight_Hours",7.695,1,NA
"17448",18552,18553,"Crop_Type",8,1,NA
"17449",18554,18555,"Organic_Carbon",1.385,1,NA
"17450",18556,18557,"Season",1,1,NA
"17451",0,0,NA,0,-1,"Medium"
"17452",0,0,NA,0,-1,"Low"
"17453",0,0,NA,0,-1,"Medium"
"17454",0,0,NA,0,-1,"Low"
"17455",0,0,NA,0,-1,"Medium"
"17456",18558,18559,"Previous_Irrigation_mm",29.165,1,NA
"17457",0,0,NA,0,-1,"Medium"
"17458",0,0,NA,0,-1,"Medium"
"17459",18560,18561,"Temperature_C",31.3,1,NA
"17460",0,0,NA,0,-1,"Medium"
"17461",0,0,NA,0,-1,"Low"
"17462",18562,18563,"Electrical_Conductivity",3.105,1,NA
"17463",0,0,NA,0,-1,"Low"
"17464",18564,18565,"Humidity",54.3,1,NA
"17465",0,0,NA,0,-1,"Medium"
"17466",0,0,NA,0,-1,"Medium"
"17467",18566,18567,"Temperature_C",40.89,1,NA
"17468",0,0,NA,0,-1,"Medium"
"17469",18568,18569,"Field_Area_hectare",6.675,1,NA
"17470",18570,18571,"Wind_Speed_kmh",14.805,1,NA
"17471",0,0,NA,0,-1,"Medium"
"17472",18572,18573,"Wind_Speed_kmh",18.01,1,NA
"17473",18574,18575,"Wind_Speed_kmh",10.26,1,NA
"17474",0,0,NA,0,-1,"Medium"
"17475",0,0,NA,0,-1,"Low"
"17476",18576,18577,"Soil_Type",2,1,NA
"17477",0,0,NA,0,-1,"Medium"
"17478",18578,18579,"Humidity",58.375,1,NA
"17479",18580,18581,"Humidity",84.11,1,NA
"17480",18582,18583,"Water_Source",2,1,NA
"17481",0,0,NA,0,-1,"Medium"
"17482",0,0,NA,0,-1,"Low"
"17483",0,0,NA,0,-1,"Medium"
"17484",0,0,NA,0,-1,"Low"
"17485",0,0,NA,0,-1,"Medium"
"17486",0,0,NA,0,-1,"Low"
"17487",0,0,NA,0,-1,"Medium"
"17488",0,0,NA,0,-1,"Medium"
"17489",0,0,NA,0,-1,"Low"
"17490",18584,18585,"Crop_Type",4,1,NA
"17491",0,0,NA,0,-1,"Medium"
"17492",0,0,NA,0,-1,"Medium"
"17493",18586,18587,"Soil_Type",7,1,NA
"17494",18588,18589,"Soil_pH",6.205,1,NA
"17495",0,0,NA,0,-1,"Medium"
"17496",18590,18591,"Sunlight_Hours",8.915,1,NA
"17497",18592,18593,"Irrigation_Type",7,1,NA
"17498",0,0,NA,0,-1,"Medium"
"17499",0,0,NA,0,-1,"Low"
"17500",18594,18595,"Field_Area_hectare",6.175,1,NA
"17501",18596,18597,"Sunlight_Hours",9.095,1,NA
"17502",0,0,NA,0,-1,"Medium"
"17503",18598,18599,"Previous_Irrigation_mm",105.305,1,NA
"17504",0,0,NA,0,-1,"Medium"
"17505",0,0,NA,0,-1,"Low"
"17506",18600,18601,"Previous_Irrigation_mm",83.895,1,NA
"17507",18602,18603,"Crop_Type",4,1,NA
"17508",18604,18605,"Wind_Speed_kmh",7.63,1,NA
"17509",18606,18607,"Soil_pH",7.49,1,NA
"17510",18608,18609,"Season",2,1,NA
"17511",0,0,NA,0,-1,"Medium"
"17512",18610,18611,"Soil_Moisture",18.315,1,NA
"17513",18612,18613,"Soil_Type",7,1,NA
"17514",18614,18615,"Electrical_Conductivity",0.53,1,NA
"17515",0,0,NA,0,-1,"Low"
"17516",0,0,NA,0,-1,"Low"
"17517",0,0,NA,0,-1,"Medium"
"17518",18616,18617,"Wind_Speed_kmh",9.25,1,NA
"17519",0,0,NA,0,-1,"Medium"
"17520",18618,18619,"Electrical_Conductivity",2.71,1,NA
"17521",0,0,NA,0,-1,"Medium"
"17522",18620,18621,"Rainfall_mm",838.1,1,NA
"17523",18622,18623,"Soil_Type",4,1,NA
"17524",18624,18625,"Field_Area_hectare",8.895,1,NA
"17525",0,0,NA,0,-1,"Medium"
"17526",18626,18627,"Crop_Type",8,1,NA
"17527",0,0,NA,0,-1,"Low"
"17528",0,0,NA,0,-1,"Low"
"17529",0,0,NA,0,-1,"Medium"
"17530",18628,18629,"Region",4,1,NA
"17531",18630,18631,"Wind_Speed_kmh",9.71,1,NA
"17532",18632,18633,"Soil_Moisture",23.485,1,NA
"17533",0,0,NA,0,-1,"Low"
"17534",0,0,NA,0,-1,"Low"
"17535",18634,18635,"Soil_Moisture",23.63,1,NA
"17536",18636,18637,"Soil_Moisture",18.47,1,NA
"17537",18638,18639,"Field_Area_hectare",1.02,1,NA
"17538",18640,18641,"Humidity",46.295,1,NA
"17539",18642,18643,"Humidity",68.15,1,NA
"17540",0,0,NA,0,-1,"Medium"
"17541",0,0,NA,0,-1,"Low"
"17542",18644,18645,"Previous_Irrigation_mm",118.58,1,NA
"17543",0,0,NA,0,-1,"Medium"
"17544",18646,18647,"Water_Source",3,1,NA
"17545",0,0,NA,0,-1,"Low"
"17546",0,0,NA,0,-1,"Medium"
"17547",0,0,NA,0,-1,"Low"
"17548",18648,18649,"Soil_Type",2,1,NA
"17549",0,0,NA,0,-1,"Low"
"17550",0,0,NA,0,-1,"Medium"
"17551",0,0,NA,0,-1,"Low"
"17552",0,0,NA,0,-1,"Low"
"17553",0,0,NA,0,-1,"Medium"
"17554",0,0,NA,0,-1,"Medium"
"17555",0,0,NA,0,-1,"Low"
"17556",0,0,NA,0,-1,"Medium"
"17557",0,0,NA,0,-1,"Low"
"17558",0,0,NA,0,-1,"Low"
"17559",0,0,NA,0,-1,"Medium"
"17560",0,0,NA,0,-1,"Low"
"17561",0,0,NA,0,-1,"Medium"
"17562",18650,18651,"Field_Area_hectare",0.795,1,NA
"17563",0,0,NA,0,-1,"Low"
"17564",0,0,NA,0,-1,"Medium"
"17565",0,0,NA,0,-1,"Low"
"17566",0,0,NA,0,-1,"Low"
"17567",0,0,NA,0,-1,"Medium"
"17568",0,0,NA,0,-1,"Medium"
"17569",0,0,NA,0,-1,"Low"
"17570",18652,18653,"Wind_Speed_kmh",7.24,1,NA
"17571",0,0,NA,0,-1,"Medium"
"17572",18654,18655,"Rainfall_mm",593.165,1,NA
"17573",18656,18657,"Humidity",46.255,1,NA
"17574",18658,18659,"Soil_pH",6.745,1,NA
"17575",0,0,NA,0,-1,"Medium"
"17576",18660,18661,"Region",4,1,NA
"17577",18662,18663,"Soil_Type",7,1,NA
"17578",0,0,NA,0,-1,"Low"
"17579",18664,18665,"Sunlight_Hours",5.98,1,NA
"17580",0,0,NA,0,-1,"Low"
"17581",18666,18667,"Rainfall_mm",1213.405,1,NA
"17582",0,0,NA,0,-1,"Medium"
"17583",0,0,NA,0,-1,"Low"
"17584",0,0,NA,0,-1,"Low"
"17585",0,0,NA,0,-1,"Medium"
"17586",0,0,NA,0,-1,"Low"
"17587",0,0,NA,0,-1,"Medium"
"17588",0,0,NA,0,-1,"Low"
"17589",18668,18669,"Previous_Irrigation_mm",15.12,1,NA
"17590",0,0,NA,0,-1,"Low"
"17591",0,0,NA,0,-1,"Medium"
"17592",0,0,NA,0,-1,"Medium"
"17593",18670,18671,"Rainfall_mm",2176.38,1,NA
"17594",0,0,NA,0,-1,"Low"
"17595",18672,18673,"Humidity",63.475,1,NA
"17596",18674,18675,"Electrical_Conductivity",3.465,1,NA
"17597",18676,18677,"Sunlight_Hours",10.27,1,NA
"17598",18678,18679,"Previous_Irrigation_mm",13.73,1,NA
"17599",18680,18681,"Rainfall_mm",2129.07,1,NA
"17600",0,0,NA,0,-1,"Medium"
"17601",0,0,NA,0,-1,"Low"
"17602",0,0,NA,0,-1,"Low"
"17603",18682,18683,"Electrical_Conductivity",1.215,1,NA
"17604",0,0,NA,0,-1,"Low"
"17605",0,0,NA,0,-1,"Medium"
"17606",0,0,NA,0,-1,"Medium"
"17607",0,0,NA,0,-1,"Low"
"17608",0,0,NA,0,-1,"Medium"
"17609",0,0,NA,0,-1,"Low"
"17610",0,0,NA,0,-1,"Low"
"17611",18684,18685,"Soil_Moisture",17.795,1,NA
"17612",18686,18687,"Crop_Type",14,1,NA
"17613",18688,18689,"Soil_Type",2,1,NA
"17614",18690,18691,"Rainfall_mm",744.735,1,NA
"17615",0,0,NA,0,-1,"Low"
"17616",18692,18693,"Soil_pH",6.74,1,NA
"17617",0,0,NA,0,-1,"Medium"
"17618",18694,18695,"Organic_Carbon",0.655,1,NA
"17619",0,0,NA,0,-1,"Low"
"17620",18696,18697,"Electrical_Conductivity",3.03,1,NA
"17621",18698,18699,"Wind_Speed_kmh",8.425,1,NA
"17622",18700,18701,"Region",1,1,NA
"17623",0,0,NA,0,-1,"Low"
"17624",0,0,NA,0,-1,"Medium"
"17625",0,0,NA,0,-1,"Low"
"17626",0,0,NA,0,-1,"Medium"
"17627",0,0,NA,0,-1,"Low"
"17628",0,0,NA,0,-1,"Medium"
"17629",0,0,NA,0,-1,"Low"
"17630",0,0,NA,0,-1,"Low"
"17631",0,0,NA,0,-1,"Medium"
"17632",18702,18703,"Wind_Speed_kmh",6.1,1,NA
"17633",0,0,NA,0,-1,"Low"
"17634",18704,18705,"Rainfall_mm",337.515,1,NA
"17635",0,0,NA,0,-1,"Low"
"17636",0,0,NA,0,-1,"Low"
"17637",18706,18707,"Electrical_Conductivity",3.18,1,NA
"17638",18708,18709,"Electrical_Conductivity",0.715,1,NA
"17639",18710,18711,"Soil_pH",6.52,1,NA
"17640",18712,18713,"Sunlight_Hours",5.8,1,NA
"17641",0,0,NA,0,-1,"Low"
"17642",18714,18715,"Sunlight_Hours",5.19,1,NA
"17643",0,0,NA,0,-1,"Low"
"17644",18716,18717,"Humidity",55.785,1,NA
"17645",0,0,NA,0,-1,"Low"
"17646",18718,18719,"Wind_Speed_kmh",16.05,1,NA
"17647",0,0,NA,0,-1,"Medium"
"17648",0,0,NA,0,-1,"Medium"
"17649",0,0,NA,0,-1,"Low"
"17650",0,0,NA,0,-1,"Low"
"17651",18720,18721,"Rainfall_mm",1867.725,1,NA
"17652",0,0,NA,0,-1,"Medium"
"17653",0,0,NA,0,-1,"Low"
"17654",0,0,NA,0,-1,"Medium"
"17655",0,0,NA,0,-1,"Low"
"17656",0,0,NA,0,-1,"Medium"
"17657",18722,18723,"Previous_Irrigation_mm",77.73,1,NA
"17658",0,0,NA,0,-1,"Low"
"17659",18724,18725,"Rainfall_mm",580.575,1,NA
"17660",18726,18727,"Organic_Carbon",0.61,1,NA
"17661",0,0,NA,0,-1,"Low"
"17662",0,0,NA,0,-1,"Medium"
"17663",0,0,NA,0,-1,"Low"
"17664",0,0,NA,0,-1,"Medium"
"17665",18728,18729,"Soil_pH",5.865,1,NA
"17666",0,0,NA,0,-1,"Low"
"17667",0,0,NA,0,-1,"Medium"
"17668",0,0,NA,0,-1,"Medium"
"17669",18730,18731,"Soil_Moisture",24.515,1,NA
"17670",0,0,NA,0,-1,"Medium"
"17671",0,0,NA,0,-1,"Low"
"17672",0,0,NA,0,-1,"Low"
"17673",18732,18733,"Previous_Irrigation_mm",26.645,1,NA
"17674",0,0,NA,0,-1,"Medium"
"17675",0,0,NA,0,-1,"Low"
"17676",18734,18735,"Soil_Moisture",24.72,1,NA
"17677",18736,18737,"Humidity",45.77,1,NA
"17678",18738,18739,"Temperature_C",28.97,1,NA
"17679",18740,18741,"Organic_Carbon",1.375,1,NA
"17680",18742,18743,"Humidity",29.265,1,NA
"17681",0,0,NA,0,-1,"Low"
"17682",18744,18745,"Soil_pH",6.61,1,NA
"17683",0,0,NA,0,-1,"Low"
"17684",0,0,NA,0,-1,"Low"
"17685",0,0,NA,0,-1,"Medium"
"17686",18746,18747,"Soil_Type",2,1,NA
"17687",0,0,NA,0,-1,"Low"
"17688",0,0,NA,0,-1,"Low"
"17689",18748,18749,"Humidity",71.745,1,NA
"17690",18750,18751,"Soil_Moisture",11.965,1,NA
"17691",0,0,NA,0,-1,"Low"
"17692",18752,18753,"Wind_Speed_kmh",15.125,1,NA
"17693",18754,18755,"Soil_Moisture",24.1,1,NA
"17694",18756,18757,"Temperature_C",19.985,1,NA
"17695",18758,18759,"Humidity",53.65,1,NA
"17696",0,0,NA,0,-1,"Medium"
"17697",0,0,NA,0,-1,"Low"
"17698",0,0,NA,0,-1,"Medium"
"17699",0,0,NA,0,-1,"Low"
"17700",0,0,NA,0,-1,"Medium"
"17701",0,0,NA,0,-1,"Low"
"17702",18760,18761,"Soil_Moisture",19.725,1,NA
"17703",18762,18763,"Humidity",61.155,1,NA
"17704",0,0,NA,0,-1,"Low"
"17705",0,0,NA,0,-1,"Medium"
"17706",0,0,NA,0,-1,"Medium"
"17707",0,0,NA,0,-1,"Low"
"17708",0,0,NA,0,-1,"Medium"
"17709",18764,18765,"Humidity",33.22,1,NA
"17710",18766,18767,"Humidity",47.68,1,NA
"17711",0,0,NA,0,-1,"Low"
"17712",0,0,NA,0,-1,"Low"
"17713",0,0,NA,0,-1,"Medium"
"17714",18768,18769,"Crop_Type",10,1,NA
"17715",0,0,NA,0,-1,"Low"
"17716",0,0,NA,0,-1,"Low"
"17717",18770,18771,"Organic_Carbon",0.385,1,NA
"17718",0,0,NA,0,-1,"Low"
"17719",18772,18773,"Rainfall_mm",1988.105,1,NA
"17720",0,0,NA,0,-1,"Medium"
"17721",0,0,NA,0,-1,"Low"
"17722",0,0,NA,0,-1,"Low"
"17723",0,0,NA,0,-1,"Medium"
"17724",0,0,NA,0,-1,"Medium"
"17725",18774,18775,"Humidity",81.495,1,NA
"17726",18776,18777,"Electrical_Conductivity",1.11,1,NA
"17727",0,0,NA,0,-1,"Low"
"17728",0,0,NA,0,-1,"Low"
"17729",0,0,NA,0,-1,"High"
"17730",18778,18779,"Soil_pH",5.86,1,NA
"17731",0,0,NA,0,-1,"Medium"
"17732",18780,18781,"Soil_Moisture",29.385,1,NA
"17733",0,0,NA,0,-1,"Low"
"17734",0,0,NA,0,-1,"Medium"
"17735",18782,18783,"Organic_Carbon",1.355,1,NA
"17736",0,0,NA,0,-1,"Low"
"17737",0,0,NA,0,-1,"Medium"
"17738",0,0,NA,0,-1,"Medium"
"17739",0,0,NA,0,-1,"Low"
"17740",0,0,NA,0,-1,"Low"
"17741",0,0,NA,0,-1,"Medium"
"17742",0,0,NA,0,-1,"Medium"
"17743",18784,18785,"Soil_pH",5.555,1,NA
"17744",0,0,NA,0,-1,"Medium"
"17745",0,0,NA,0,-1,"Low"
"17746",0,0,NA,0,-1,"Low"
"17747",18786,18787,"Electrical_Conductivity",3.28,1,NA
"17748",0,0,NA,0,-1,"Low"
"17749",0,0,NA,0,-1,"Medium"
"17750",0,0,NA,0,-1,"Medium"
"17751",18788,18789,"Humidity",77.38,1,NA
"17752",18790,18791,"Rainfall_mm",2137.7,1,NA
"17753",18792,18793,"Previous_Irrigation_mm",54.595,1,NA
"17754",0,0,NA,0,-1,"Medium"
"17755",18794,18795,"Wind_Speed_kmh",11.2,1,NA
"17756",0,0,NA,0,-1,"Medium"
"17757",0,0,NA,0,-1,"Low"
"17758",0,0,NA,0,-1,"Medium"
"17759",0,0,NA,0,-1,"Low"
"17760",18796,18797,"Mulching_Used",1,1,NA
"17761",0,0,NA,0,-1,"Medium"
"17762",18798,18799,"Rainfall_mm",1681.765,1,NA
"17763",18800,18801,"Season",3,1,NA
"17764",0,0,NA,0,-1,"Medium"
"17765",0,0,NA,0,-1,"Low"
"17766",0,0,NA,0,-1,"Low"
"17767",0,0,NA,0,-1,"Medium"
"17768",18802,18803,"Field_Area_hectare",3.94,1,NA
"17769",0,0,NA,0,-1,"Low"
"17770",0,0,NA,0,-1,"Medium"
"17771",0,0,NA,0,-1,"Low"
"17772",0,0,NA,0,-1,"Low"
"17773",18804,18805,"Organic_Carbon",0.7,1,NA
"17774",0,0,NA,0,-1,"Medium"
"17775",0,0,NA,0,-1,"Low"
"17776",0,0,NA,0,-1,"Low"
"17777",0,0,NA,0,-1,"Medium"
"17778",18806,18807,"Humidity",51.28,1,NA
"17779",0,0,NA,0,-1,"Low"
"17780",18808,18809,"Water_Source",2,1,NA
"17781",18810,18811,"Humidity",33.865,1,NA
"17782",18812,18813,"Crop_Type",17,1,NA
"17783",0,0,NA,0,-1,"Medium"
"17784",0,0,NA,0,-1,"Low"
"17785",18814,18815,"Irrigation_Type",2,1,NA
"17786",0,0,NA,0,-1,"Low"
"17787",0,0,NA,0,-1,"Medium"
"17788",0,0,NA,0,-1,"Low"
"17789",0,0,NA,0,-1,"Medium"
"17790",0,0,NA,0,-1,"Low"
"17791",18816,18817,"Temperature_C",37.175,1,NA
"17792",18818,18819,"Season",1,1,NA
"17793",0,0,NA,0,-1,"Medium"
"17794",18820,18821,"Electrical_Conductivity",1.07,1,NA
"17795",0,0,NA,0,-1,"Medium"
"17796",0,0,NA,0,-1,"Medium"
"17797",0,0,NA,0,-1,"Low"
"17798",18822,18823,"Sunlight_Hours",9.385,1,NA
"17799",18824,18825,"Temperature_C",38.25,1,NA
"17800",0,0,NA,0,-1,"Medium"
"17801",18826,18827,"Water_Source",2,1,NA
"17802",0,0,NA,0,-1,"Low"
"17803",0,0,NA,0,-1,"Medium"
"17804",18828,18829,"Temperature_C",12.88,1,NA
"17805",0,0,NA,0,-1,"Medium"
"17806",0,0,NA,0,-1,"Medium"
"17807",18830,18831,"Electrical_Conductivity",0.295,1,NA
"17808",0,0,NA,0,-1,"Medium"
"17809",0,0,NA,0,-1,"Low"
"17810",0,0,NA,0,-1,"Medium"
"17811",0,0,NA,0,-1,"Low"
"17812",18832,18833,"Mulching_Used",1,1,NA
"17813",18834,18835,"Rainfall_mm",1774.915,1,NA
"17814",0,0,NA,0,-1,"Medium"
"17815",18836,18837,"Soil_Moisture",15.745,1,NA
"17816",0,0,NA,0,-1,"Low"
"17817",0,0,NA,0,-1,"Medium"
"17818",0,0,NA,0,-1,"Medium"
"17819",0,0,NA,0,-1,"Low"
"17820",0,0,NA,0,-1,"Medium"
"17821",18838,18839,"Mulching_Used",1,1,NA
"17822",0,0,NA,0,-1,"Low"
"17823",18840,18841,"Field_Area_hectare",3.345,1,NA
"17824",0,0,NA,0,-1,"Medium"
"17825",18842,18843,"Mulching_Used",1,1,NA
"17826",0,0,NA,0,-1,"Low"
"17827",0,0,NA,0,-1,"Medium"
"17828",18844,18845,"Water_Source",2,1,NA
"17829",0,0,NA,0,-1,"Medium"
"17830",0,0,NA,0,-1,"Low"
"17831",18846,18847,"Electrical_Conductivity",2.375,1,NA
"17832",0,0,NA,0,-1,"Low"
"17833",18848,18849,"Humidity",73.355,1,NA
"17834",0,0,NA,0,-1,"Medium"
"17835",0,0,NA,0,-1,"Low"
"17836",0,0,NA,0,-1,"Medium"
"17837",18850,18851,"Wind_Speed_kmh",12.595,1,NA
"17838",0,0,NA,0,-1,"High"
"17839",0,0,NA,0,-1,"Medium"
"17840",18852,18853,"Previous_Irrigation_mm",110.12,1,NA
"17841",0,0,NA,0,-1,"Medium"
"17842",18854,18855,"Rainfall_mm",1644.15,1,NA
"17843",0,0,NA,0,-1,"Medium"
"17844",0,0,NA,0,-1,"Medium"
"17845",18856,18857,"Crop_Type",5,1,NA
"17846",0,0,NA,0,-1,"Medium"
"17847",0,0,NA,0,-1,"Low"
"17848",0,0,NA,0,-1,"Medium"
"17849",0,0,NA,0,-1,"High"
"17850",0,0,NA,0,-1,"Medium"
"17851",0,0,NA,0,-1,"Low"
"17852",0,0,NA,0,-1,"Medium"
"17853",0,0,NA,0,-1,"Low"
"17854",18858,18859,"Temperature_C",37.54,1,NA
"17855",0,0,NA,0,-1,"Low"
"17856",0,0,NA,0,-1,"Medium"
"17857",0,0,NA,0,-1,"Low"
"17858",0,0,NA,0,-1,"Low"
"17859",18860,18861,"Previous_Irrigation_mm",35.15,1,NA
"17860",18862,18863,"Soil_Type",4,1,NA
"17861",0,0,NA,0,-1,"Medium"
"17862",18864,18865,"Temperature_C",30.485,1,NA
"17863",18866,18867,"Humidity",60.375,1,NA
"17864",0,0,NA,0,-1,"Low"
"17865",0,0,NA,0,-1,"Medium"
"17866",18868,18869,"Wind_Speed_kmh",11.6,1,NA
"17867",0,0,NA,0,-1,"Low"
"17868",0,0,NA,0,-1,"Medium"
"17869",0,0,NA,0,-1,"Low"
"17870",0,0,NA,0,-1,"Low"
"17871",0,0,NA,0,-1,"Medium"
"17872",0,0,NA,0,-1,"Low"
"17873",18870,18871,"Sunlight_Hours",6.96,1,NA
"17874",0,0,NA,0,-1,"Low"
"17875",18872,18873,"Rainfall_mm",715.355,1,NA
"17876",0,0,NA,0,-1,"Low"
"17877",18874,18875,"Soil_Moisture",27.435,1,NA
"17878",0,0,NA,0,-1,"Low"
"17879",18876,18877,"Soil_pH",6.34,1,NA
"17880",18878,18879,"Humidity",89.99,1,NA
"17881",18880,18881,"Organic_Carbon",0.585,1,NA
"17882",18882,18883,"Soil_Moisture",26.155,1,NA
"17883",18884,18885,"Water_Source",3,1,NA
"17884",0,0,NA,0,-1,"Medium"
"17885",0,0,NA,0,-1,"Low"
"17886",0,0,NA,0,-1,"Low"
"17887",18886,18887,"Temperature_C",27.905,1,NA
"17888",0,0,NA,0,-1,"Low"
"17889",0,0,NA,0,-1,"Medium"
"17890",18888,18889,"Soil_Type",7,1,NA
"17891",18890,18891,"Region",4,1,NA
"17892",18892,18893,"Electrical_Conductivity",2.69,1,NA
"17893",0,0,NA,0,-1,"Low"
"17894",18894,18895,"Electrical_Conductivity",0.43,1,NA
"17895",0,0,NA,0,-1,"Low"
"17896",0,0,NA,0,-1,"Medium"
"17897",0,0,NA,0,-1,"Low"
"17898",18896,18897,"Previous_Irrigation_mm",76.72,1,NA
"17899",18898,18899,"Rainfall_mm",2452.565,1,NA
"17900",0,0,NA,0,-1,"Medium"
"17901",0,0,NA,0,-1,"Low"
"17902",18900,18901,"Sunlight_Hours",6.965,1,NA
"17903",0,0,NA,0,-1,"Low"
"17904",0,0,NA,0,-1,"Medium"
"17905",0,0,NA,0,-1,"Low"
"17906",18902,18903,"Previous_Irrigation_mm",114.775,1,NA
"17907",18904,18905,"Previous_Irrigation_mm",107.145,1,NA
"17908",0,0,NA,0,-1,"Low"
"17909",18906,18907,"Soil_Type",2,1,NA
"17910",0,0,NA,0,-1,"Low"
"17911",0,0,NA,0,-1,"Medium"
"17912",0,0,NA,0,-1,"Low"
"17913",18908,18909,"Organic_Carbon",0.705,1,NA
"17914",0,0,NA,0,-1,"Low"
"17915",0,0,NA,0,-1,"Medium"
"17916",0,0,NA,0,-1,"Low"
"17917",0,0,NA,0,-1,"Medium"
"17918",0,0,NA,0,-1,"Medium"
"17919",18910,18911,"Wind_Speed_kmh",8.045,1,NA
"17920",0,0,NA,0,-1,"Medium"
"17921",0,0,NA,0,-1,"Low"
"17922",0,0,NA,0,-1,"Medium"
"17923",0,0,NA,0,-1,"Low"
"17924",0,0,NA,0,-1,"Low"
"17925",18912,18913,"Season",2,1,NA
"17926",0,0,NA,0,-1,"Low"
"17927",0,0,NA,0,-1,"Medium"
"17928",18914,18915,"Sunlight_Hours",5.26,1,NA
"17929",0,0,NA,0,-1,"Low"
"17930",0,0,NA,0,-1,"Medium"
"17931",0,0,NA,0,-1,"Low"
"17932",18916,18917,"Organic_Carbon",1.25,1,NA
"17933",0,0,NA,0,-1,"Low"
"17934",18918,18919,"Electrical_Conductivity",1.715,1,NA
"17935",0,0,NA,0,-1,"Low"
"17936",18920,18921,"Sunlight_Hours",4.34,1,NA
"17937",18922,18923,"Soil_Moisture",34.005,1,NA
"17938",18924,18925,"Crop_Type",31,1,NA
"17939",18926,18927,"Previous_Irrigation_mm",38.69,1,NA
"17940",18928,18929,"Rainfall_mm",872.475,1,NA
"17941",18930,18931,"Electrical_Conductivity",0.615,1,NA
"17942",0,0,NA,0,-1,"Low"
"17943",0,0,NA,0,-1,"Medium"
"17944",18932,18933,"Temperature_C",28.725,1,NA
"17945",0,0,NA,0,-1,"Low"
"17946",0,0,NA,0,-1,"Low"
"17947",18934,18935,"Wind_Speed_kmh",2.535,1,NA
"17948",0,0,NA,0,-1,"Medium"
"17949",0,0,NA,0,-1,"Low"
"17950",0,0,NA,0,-1,"Low"
"17951",0,0,NA,0,-1,"Medium"
"17952",0,0,NA,0,-1,"Low"
"17953",18936,18937,"Region",1,1,NA
"17954",0,0,NA,0,-1,"Medium"
"17955",18938,18939,"Soil_pH",5.91,1,NA
"17956",0,0,NA,0,-1,"Medium"
"17957",18940,18941,"Rainfall_mm",2258.065,1,NA
"17958",0,0,NA,0,-1,"Low"
"17959",0,0,NA,0,-1,"Medium"
"17960",0,0,NA,0,-1,"Low"
"17961",0,0,NA,0,-1,"Medium"
"17962",0,0,NA,0,-1,"Medium"
"17963",0,0,NA,0,-1,"Low"
"17964",18942,18943,"Soil_Type",4,1,NA
"17965",18944,18945,"Humidity",31.8,1,NA
"17966",0,0,NA,0,-1,"Low"
"17967",18946,18947,"Soil_pH",5.92,1,NA
"17968",18948,18949,"Humidity",30.8,1,NA
"17969",0,0,NA,0,-1,"Low"
"17970",18950,18951,"Irrigation_Type",2,1,NA
"17971",0,0,NA,0,-1,"Low"
"17972",0,0,NA,0,-1,"Low"
"17973",0,0,NA,0,-1,"Medium"
"17974",18952,18953,"Humidity",75.42,1,NA
"17975",18954,18955,"Field_Area_hectare",6.64,1,NA
"17976",18956,18957,"Soil_Type",7,1,NA
"17977",18958,18959,"Wind_Speed_kmh",0.835,1,NA
"17978",0,0,NA,0,-1,"Low"
"17979",18960,18961,"Crop_Type",1,1,NA
"17980",0,0,NA,0,-1,"Low"
"17981",0,0,NA,0,-1,"Medium"
"17982",18962,18963,"Organic_Carbon",0.9,1,NA
"17983",0,0,NA,0,-1,"Low"
"17984",18964,18965,"Wind_Speed_kmh",2.395,1,NA
"17985",0,0,NA,0,-1,"Low"
"17986",18966,18967,"Previous_Irrigation_mm",8.765,1,NA
"17987",18968,18969,"Field_Area_hectare",6.18,1,NA
"17988",0,0,NA,0,-1,"Medium"
"17989",0,0,NA,0,-1,"Low"
"17990",0,0,NA,0,-1,"Medium"
"17991",0,0,NA,0,-1,"Low"
"17992",18970,18971,"Rainfall_mm",546.865,1,NA
"17993",18972,18973,"Irrigation_Type",1,1,NA
"17994",18974,18975,"Irrigation_Type",4,1,NA
"17995",18976,18977,"Sunlight_Hours",10.255,1,NA
"17996",18978,18979,"Humidity",54.97,1,NA
"17997",18980,18981,"Previous_Irrigation_mm",44.595,1,NA
"17998",18982,18983,"Sunlight_Hours",10.2,1,NA
"17999",18984,18985,"Rainfall_mm",952.885,1,NA
"18000",18986,18987,"Crop_Type",9,1,NA
"18001",18988,18989,"Field_Area_hectare",13.28,1,NA
"18002",18990,18991,"Field_Area_hectare",1.44,1,NA
"18003",0,0,NA,0,-1,"Low"
"18004",0,0,NA,0,-1,"Medium"
"18005",0,0,NA,0,-1,"Low"
"18006",18992,18993,"Humidity",85.065,1,NA
"18007",18994,18995,"Soil_Moisture",64.42,1,NA
"18008",0,0,NA,0,-1,"Low"
"18009",18996,18997,"Field_Area_hectare",11.315,1,NA
"18010",18998,18999,"Wind_Speed_kmh",3.28,1,NA
"18011",19000,19001,"Field_Area_hectare",6.09,1,NA
"18012",19002,19003,"Temperature_C",28.465,1,NA
"18013",19004,19005,"Region",14,1,NA
"18014",19006,19007,"Soil_Moisture",36.88,1,NA
"18015",0,0,NA,0,-1,"Low"
"18016",19008,19009,"Water_Source",1,1,NA
"18017",0,0,NA,0,-1,"Low"
"18018",19010,19011,"Crop_Type",5,1,NA
"18019",0,0,NA,0,-1,"Low"
"18020",0,0,NA,0,-1,"Low"
"18021",19012,19013,"Sunlight_Hours",9.225,1,NA
"18022",19014,19015,"Irrigation_Type",3,1,NA
"18023",0,0,NA,0,-1,"Medium"
"18024",0,0,NA,0,-1,"Low"
"18025",19016,19017,"Soil_Moisture",36.39,1,NA
"18026",19018,19019,"Region",1,1,NA
"18027",19020,19021,"Rainfall_mm",2079.155,1,NA
"18028",0,0,NA,0,-1,"Medium"
"18029",0,0,NA,0,-1,"Low"
"18030",19022,19023,"Field_Area_hectare",7.065,1,NA
"18031",19024,19025,"Wind_Speed_kmh",4.615,1,NA
"18032",19026,19027,"Sunlight_Hours",9.195,1,NA
"18033",19028,19029,"Previous_Irrigation_mm",14.62,1,NA
"18034",0,0,NA,0,-1,"Medium"
"18035",0,0,NA,0,-1,"Low"
"18036",19030,19031,"Rainfall_mm",2046.685,1,NA
"18037",19032,19033,"Sunlight_Hours",10.2,1,NA
"18038",19034,19035,"Previous_Irrigation_mm",114.65,1,NA
"18039",19036,19037,"Rainfall_mm",1862.575,1,NA
"18040",0,0,NA,0,-1,"Medium"
"18041",0,0,NA,0,-1,"Low"
"18042",19038,19039,"Field_Area_hectare",8.16,1,NA
"18043",0,0,NA,0,-1,"Low"
"18044",0,0,NA,0,-1,"Medium"
"18045",19040,19041,"Rainfall_mm",2433.41,1,NA
"18046",0,0,NA,0,-1,"Low"
"18047",19042,19043,"Irrigation_Type",4,1,NA
"18048",0,0,NA,0,-1,"Low"
"18049",0,0,NA,0,-1,"Medium"
"18050",19044,19045,"Region",8,1,NA
"18051",0,0,NA,0,-1,"Medium"
"18052",19046,19047,"Region",15,1,NA
"18053",0,0,NA,0,-1,"Medium"
"18054",0,0,NA,0,-1,"High"
"18055",0,0,NA,0,-1,"Medium"
"18056",19048,19049,"Field_Area_hectare",1.875,1,NA
"18057",0,0,NA,0,-1,"Medium"
"18058",19050,19051,"Humidity",39.625,1,NA
"18059",19052,19053,"Temperature_C",27.46,1,NA
"18060",0,0,NA,0,-1,"Medium"
"18061",0,0,NA,0,-1,"High"
"18062",19054,19055,"Crop_Type",2,1,NA
"18063",0,0,NA,0,-1,"Medium"
"18064",19056,19057,"Rainfall_mm",587.265,1,NA
"18065",19058,19059,"Wind_Speed_kmh",19.635,1,NA
"18066",0,0,NA,0,-1,"Medium"
"18067",19060,19061,"Temperature_C",23.525,1,NA
"18068",19062,19063,"Soil_Type",1,1,NA
"18069",19064,19065,"Soil_pH",7.29,1,NA
"18070",19066,19067,"Sunlight_Hours",9.29,1,NA
"18071",19068,19069,"Humidity",73.285,1,NA
"18072",19070,19071,"Field_Area_hectare",7.235,1,NA
"18073",0,0,NA,0,-1,"Medium"
"18074",0,0,NA,0,-1,"Medium"
"18075",0,0,NA,0,-1,"High"
"18076",0,0,NA,0,-1,"Medium"
"18077",19072,19073,"Wind_Speed_kmh",17.39,1,NA
"18078",0,0,NA,0,-1,"Medium"
"18079",19074,19075,"Previous_Irrigation_mm",101.08,1,NA
"18080",0,0,NA,0,-1,"High"
"18081",0,0,NA,0,-1,"Medium"
"18082",19076,19077,"Wind_Speed_kmh",12.86,1,NA
"18083",0,0,NA,0,-1,"Medium"
"18084",0,0,NA,0,-1,"Medium"
"18085",0,0,NA,0,-1,"High"
"18086",0,0,NA,0,-1,"Medium"
"18087",19078,19079,"Organic_Carbon",1.055,1,NA
"18088",0,0,NA,0,-1,"High"
"18089",0,0,NA,0,-1,"Medium"
"18090",19080,19081,"Organic_Carbon",0.86,1,NA
"18091",19082,19083,"Season",3,1,NA
"18092",0,0,NA,0,-1,"High"
"18093",0,0,NA,0,-1,"Medium"
"18094",19084,19085,"Region",1,1,NA
"18095",19086,19087,"Wind_Speed_kmh",17.845,1,NA
"18096",0,0,NA,0,-1,"Low"
"18097",19088,19089,"Field_Area_hectare",9.125,1,NA
"18098",19090,19091,"Soil_Moisture",41.42,1,NA
"18099",0,0,NA,0,-1,"Low"
"18100",19092,19093,"Previous_Irrigation_mm",91.315,1,NA
"18101",0,0,NA,0,-1,"Medium"
"18102",0,0,NA,0,-1,"High"
"18103",0,0,NA,0,-1,"Medium"
"18104",0,0,NA,0,-1,"Medium"
"18105",19094,19095,"Organic_Carbon",0.425,1,NA
"18106",19096,19097,"Soil_Moisture",21.885,1,NA
"18107",19098,19099,"Region",1,1,NA
"18108",0,0,NA,0,-1,"Medium"
"18109",19100,19101,"Previous_Irrigation_mm",74.91,1,NA
"18110",0,0,NA,0,-1,"Medium"
"18111",19102,19103,"Soil_Type",2,1,NA
"18112",19104,19105,"Temperature_C",28.15,1,NA
"18113",0,0,NA,0,-1,"High"
"18114",0,0,NA,0,-1,"Medium"
"18115",0,0,NA,0,-1,"Low"
"18116",0,0,NA,0,-1,"Medium"
"18117",0,0,NA,0,-1,"Low"
"18118",0,0,NA,0,-1,"High"
"18119",0,0,NA,0,-1,"Medium"
"18120",19106,19107,"Crop_Type",16,1,NA
"18121",0,0,NA,0,-1,"Medium"
"18122",0,0,NA,0,-1,"Medium"
"18123",0,0,NA,0,-1,"High"
"18124",19108,19109,"Rainfall_mm",1098.36,1,NA
"18125",0,0,NA,0,-1,"Medium"
"18126",0,0,NA,0,-1,"High"
"18127",0,0,NA,0,-1,"Medium"
"18128",0,0,NA,0,-1,"Medium"
"18129",0,0,NA,0,-1,"High"
"18130",0,0,NA,0,-1,"Medium"
"18131",19110,19111,"Rainfall_mm",2201.605,1,NA
"18132",0,0,NA,0,-1,"High"
"18133",0,0,NA,0,-1,"Medium"
"18134",0,0,NA,0,-1,"High"
"18135",0,0,NA,0,-1,"Medium"
"18136",0,0,NA,0,-1,"High"
"18137",0,0,NA,0,-1,"Medium"
"18138",19112,19113,"Soil_pH",4.925,1,NA
"18139",19114,19115,"Soil_Moisture",20.54,1,NA
"18140",0,0,NA,0,-1,"Medium"
"18141",0,0,NA,0,-1,"High"
"18142",0,0,NA,0,-1,"High"
"18143",19116,19117,"Crop_Type",24,1,NA
"18144",0,0,NA,0,-1,"High"
"18145",0,0,NA,0,-1,"Medium"
"18146",0,0,NA,0,-1,"High"
"18147",0,0,NA,0,-1,"Medium"
"18148",19118,19119,"Soil_pH",7.795,1,NA
"18149",19120,19121,"Humidity",53.86,1,NA
"18150",19122,19123,"Previous_Irrigation_mm",41.7,1,NA
"18151",0,0,NA,0,-1,"Medium"
"18152",19124,19125,"Humidity",87.475,1,NA
"18153",0,0,NA,0,-1,"Medium"
"18154",0,0,NA,0,-1,"Medium"
"18155",0,0,NA,0,-1,"High"
"18156",19126,19127,"Soil_Moisture",23.375,1,NA
"18157",0,0,NA,0,-1,"High"
"18158",0,0,NA,0,-1,"Medium"
"18159",19128,19129,"Soil_Moisture",17.82,1,NA
"18160",0,0,NA,0,-1,"Medium"
"18161",19130,19131,"Soil_Type",4,1,NA
"18162",0,0,NA,0,-1,"Low"
"18163",0,0,NA,0,-1,"Medium"
"18164",0,0,NA,0,-1,"Medium"
"18165",0,0,NA,0,-1,"Low"
"18166",0,0,NA,0,-1,"Low"
"18167",19132,19133,"Field_Area_hectare",5.27,1,NA
"18168",0,0,NA,0,-1,"Low"
"18169",0,0,NA,0,-1,"Medium"
"18170",0,0,NA,0,-1,"Low"
"18171",0,0,NA,0,-1,"Medium"
"18172",19134,19135,"Region",2,1,NA
"18173",0,0,NA,0,-1,"Medium"
"18174",19136,19137,"Organic_Carbon",1.435,1,NA
"18175",19138,19139,"Irrigation_Type",2,1,NA
"18176",0,0,NA,0,-1,"Medium"
"18177",0,0,NA,0,-1,"Low"
"18178",0,0,NA,0,-1,"Medium"
"18179",0,0,NA,0,-1,"Low"
"18180",0,0,NA,0,-1,"Low"
"18181",0,0,NA,0,-1,"Medium"
"18182",0,0,NA,0,-1,"Low"
"18183",19140,19141,"Temperature_C",17.565,1,NA
"18184",0,0,NA,0,-1,"Low"
"18185",19142,19143,"Sunlight_Hours",9.525,1,NA
"18186",0,0,NA,0,-1,"Medium"
"18187",19144,19145,"Humidity",68.555,1,NA
"18188",19146,19147,"Field_Area_hectare",5.665,1,NA
"18189",19148,19149,"Previous_Irrigation_mm",91.425,1,NA
"18190",0,0,NA,0,-1,"Medium"
"18191",0,0,NA,0,-1,"Low"
"18192",19150,19151,"Rainfall_mm",1889.03,1,NA
"18193",19152,19153,"Field_Area_hectare",6.26,1,NA
"18194",19154,19155,"Soil_Moisture",19.44,1,NA
"18195",0,0,NA,0,-1,"Low"
"18196",19156,19157,"Electrical_Conductivity",2.02,1,NA
"18197",0,0,NA,0,-1,"Medium"
"18198",0,0,NA,0,-1,"Medium"
"18199",0,0,NA,0,-1,"Low"
"18200",0,0,NA,0,-1,"Medium"
"18201",0,0,NA,0,-1,"Low"
"18202",19158,19159,"Humidity",84.245,1,NA
"18203",0,0,NA,0,-1,"Medium"
"18204",19160,19161,"Rainfall_mm",743.74,1,NA
"18205",19162,19163,"Rainfall_mm",2211.37,1,NA
"18206",0,0,NA,0,-1,"Low"
"18207",0,0,NA,0,-1,"Medium"
"18208",0,0,NA,0,-1,"Medium"
"18209",0,0,NA,0,-1,"Low"
"18210",19164,19165,"Electrical_Conductivity",1.695,1,NA
"18211",0,0,NA,0,-1,"Low"
"18212",0,0,NA,0,-1,"Low"
"18213",0,0,NA,0,-1,"Medium"
"18214",0,0,NA,0,-1,"Medium"
"18215",0,0,NA,0,-1,"Low"
"18216",0,0,NA,0,-1,"Medium"
"18217",19166,19167,"Water_Source",1,1,NA
"18218",0,0,NA,0,-1,"Low"
"18219",19168,19169,"Organic_Carbon",0.38,1,NA
"18220",19170,19171,"Soil_Type",4,1,NA
"18221",0,0,NA,0,-1,"Medium"
"18222",19172,19173,"Soil_Type",4,1,NA
"18223",0,0,NA,0,-1,"Low"
"18224",0,0,NA,0,-1,"Medium"
"18225",0,0,NA,0,-1,"Low"
"18226",0,0,NA,0,-1,"Medium"
"18227",0,0,NA,0,-1,"Low"
"18228",19174,19175,"Soil_Type",3,1,NA
"18229",19176,19177,"Soil_Moisture",63.485,1,NA
"18230",0,0,NA,0,-1,"Low"
"18231",0,0,NA,0,-1,"Medium"
"18232",0,0,NA,0,-1,"Low"
"18233",19178,19179,"Soil_pH",7.12,1,NA
"18234",19180,19181,"Rainfall_mm",1204.555,1,NA
"18235",19182,19183,"Humidity",88.17,1,NA
"18236",19184,19185,"Region",2,1,NA
"18237",0,0,NA,0,-1,"Low"
"18238",0,0,NA,0,-1,"Low"
"18239",19186,19187,"Humidity",87.95,1,NA
"18240",0,0,NA,0,-1,"Medium"
"18241",0,0,NA,0,-1,"Low"
"18242",19188,19189,"Temperature_C",31.605,1,NA
"18243",0,0,NA,0,-1,"Medium"
"18244",19190,19191,"Crop_Growth_Stage",1,1,NA
"18245",0,0,NA,0,-1,"Low"
"18246",0,0,NA,0,-1,"Medium"
"18247",0,0,NA,0,-1,"Low"
"18248",0,0,NA,0,-1,"Medium"
"18249",0,0,NA,0,-1,"Low"
"18250",0,0,NA,0,-1,"Low"
"18251",0,0,NA,0,-1,"Medium"
"18252",19192,19193,"Sunlight_Hours",8.82,1,NA
"18253",0,0,NA,0,-1,"Low"
"18254",19194,19195,"Organic_Carbon",0.59,1,NA
"18255",19196,19197,"Field_Area_hectare",5.155,1,NA
"18256",19198,19199,"Electrical_Conductivity",0.47,1,NA
"18257",19200,19201,"Season",1,1,NA
"18258",0,0,NA,0,-1,"Low"
"18259",19202,19203,"Soil_Moisture",37.045,1,NA
"18260",0,0,NA,0,-1,"Medium"
"18261",0,0,NA,0,-1,"Low"
"18262",0,0,NA,0,-1,"Medium"
"18263",0,0,NA,0,-1,"Low"
"18264",19204,19205,"Wind_Speed_kmh",5.56,1,NA
"18265",0,0,NA,0,-1,"Low"
"18266",0,0,NA,0,-1,"Medium"
"18267",19206,19207,"Soil_pH",8.015,1,NA
"18268",0,0,NA,0,-1,"Low"
"18269",0,0,NA,0,-1,"Medium"
"18270",0,0,NA,0,-1,"Low"
"18271",0,0,NA,0,-1,"Medium"
"18272",19208,19209,"Region",1,1,NA
"18273",0,0,NA,0,-1,"Low"
"18274",0,0,NA,0,-1,"Low"
"18275",19210,19211,"Soil_Moisture",36.335,1,NA
"18276",19212,19213,"Wind_Speed_kmh",3.33,1,NA
"18277",0,0,NA,0,-1,"Low"
"18278",0,0,NA,0,-1,"Low"
"18279",0,0,NA,0,-1,"Medium"
"18280",0,0,NA,0,-1,"Low"
"18281",19214,19215,"Sunlight_Hours",9.225,1,NA
"18282",0,0,NA,0,-1,"Low"
"18283",19216,19217,"Humidity",74.93,1,NA
"18284",19218,19219,"Water_Source",2,1,NA
"18285",19220,19221,"Soil_pH",6.645,1,NA
"18286",19222,19223,"Wind_Speed_kmh",7.81,1,NA
"18287",0,0,NA,0,-1,"Low"
"18288",0,0,NA,0,-1,"Low"
"18289",19224,19225,"Soil_pH",6.165,1,NA
"18290",19226,19227,"Water_Source",1,1,NA
"18291",0,0,NA,0,-1,"Medium"
"18292",0,0,NA,0,-1,"Low"
"18293",19228,19229,"Electrical_Conductivity",3.285,1,NA
"18294",19230,19231,"Field_Area_hectare",13.915,1,NA
"18295",19232,19233,"Humidity",32.23,1,NA
"18296",19234,19235,"Temperature_C",36.64,1,NA
"18297",0,0,NA,0,-1,"Low"
"18298",19236,19237,"Humidity",32.885,1,NA
"18299",19238,19239,"Sunlight_Hours",9.17,1,NA
"18300",0,0,NA,0,-1,"Low"
"18301",0,0,NA,0,-1,"Medium"
"18302",19240,19241,"Organic_Carbon",1.385,1,NA
"18303",0,0,NA,0,-1,"Low"
"18304",0,0,NA,0,-1,"Medium"
"18305",19242,19243,"Rainfall_mm",1810.15,1,NA
"18306",0,0,NA,0,-1,"Medium"
"18307",0,0,NA,0,-1,"Low"
"18308",19244,19245,"Organic_Carbon",1.235,1,NA
"18309",19246,19247,"Temperature_C",36.67,1,NA
"18310",0,0,NA,0,-1,"Low"
"18311",19248,19249,"Humidity",66.24,1,NA
"18312",19250,19251,"Temperature_C",40.88,1,NA
"18313",19252,19253,"Humidity",63.11,1,NA
"18314",0,0,NA,0,-1,"Medium"
"18315",0,0,NA,0,-1,"Low"
"18316",19254,19255,"Soil_pH",8.08,1,NA
"18317",19256,19257,"Humidity",71.165,1,NA
"18318",19258,19259,"Organic_Carbon",0.995,1,NA
"18319",0,0,NA,0,-1,"Low"
"18320",0,0,NA,0,-1,"Low"
"18321",19260,19261,"Region",15,1,NA
"18322",19262,19263,"Electrical_Conductivity",0.605,1,NA
"18323",0,0,NA,0,-1,"Low"
"18324",0,0,NA,0,-1,"Medium"
"18325",19264,19265,"Rainfall_mm",1650.495,1,NA
"18326",0,0,NA,0,-1,"Low"
"18327",19266,19267,"Water_Source",2,1,NA
"18328",0,0,NA,0,-1,"Low"
"18329",19268,19269,"Irrigation_Type",2,1,NA
"18330",0,0,NA,0,-1,"Low"
"18331",19270,19271,"Soil_pH",5.485,1,NA
"18332",0,0,NA,0,-1,"Medium"
"18333",0,0,NA,0,-1,"Low"
"18334",0,0,NA,0,-1,"Medium"
"18335",0,0,NA,0,-1,"Low"
"18336",0,0,NA,0,-1,"Low"
"18337",0,0,NA,0,-1,"Medium"
"18338",0,0,NA,0,-1,"Low"
"18339",19272,19273,"Soil_Moisture",27.875,1,NA
"18340",0,0,NA,0,-1,"Medium"
"18341",0,0,NA,0,-1,"Low"
"18342",0,0,NA,0,-1,"Medium"
"18343",0,0,NA,0,-1,"Low"
"18344",0,0,NA,0,-1,"Low"
"18345",19274,19275,"Soil_Moisture",34.455,1,NA
"18346",0,0,NA,0,-1,"Medium"
"18347",0,0,NA,0,-1,"Low"
"18348",0,0,NA,0,-1,"Medium"
"18349",0,0,NA,0,-1,"Low"
"18350",19276,19277,"Temperature_C",19.525,1,NA
"18351",19278,19279,"Temperature_C",28.055,1,NA
"18352",0,0,NA,0,-1,"Low"
"18353",19280,19281,"Humidity",55.5,1,NA
"18354",0,0,NA,0,-1,"Low"
"18355",19282,19283,"Sunlight_Hours",9.69,1,NA
"18356",19284,19285,"Field_Area_hectare",0.905,1,NA
"18357",0,0,NA,0,-1,"Medium"
"18358",19286,19287,"Electrical_Conductivity",1.755,1,NA
"18359",0,0,NA,0,-1,"Low"
"18360",0,0,NA,0,-1,"Low"
"18361",0,0,NA,0,-1,"Medium"
"18362",19288,19289,"Field_Area_hectare",10.595,1,NA
"18363",19290,19291,"Humidity",70.155,1,NA
"18364",19292,19293,"Wind_Speed_kmh",11.025,1,NA
"18365",19294,19295,"Soil_Moisture",26.345,1,NA
"18366",19296,19297,"Organic_Carbon",1,1,NA
"18367",0,0,NA,0,-1,"Low"
"18368",19298,19299,"Soil_Moisture",62.305,1,NA
"18369",0,0,NA,0,-1,"Low"
"18370",0,0,NA,0,-1,"Low"
"18371",19300,19301,"Region",12,1,NA
"18372",19302,19303,"Soil_pH",6.885,1,NA
"18373",0,0,NA,0,-1,"Low"
"18374",0,0,NA,0,-1,"Medium"
"18375",19304,19305,"Season",3,1,NA
"18376",19306,19307,"Soil_Moisture",36.11,1,NA
"18377",0,0,NA,0,-1,"Low"
"18378",0,0,NA,0,-1,"Medium"
"18379",19308,19309,"Electrical_Conductivity",2.655,1,NA
"18380",0,0,NA,0,-1,"Low"
"18381",0,0,NA,0,-1,"Medium"
"18382",19310,19311,"Electrical_Conductivity",0.87,1,NA
"18383",0,0,NA,0,-1,"Low"
"18384",0,0,NA,0,-1,"Low"
"18385",19312,19313,"Soil_Moisture",35.635,1,NA
"18386",0,0,NA,0,-1,"Low"
"18387",0,0,NA,0,-1,"Medium"
"18388",19314,19315,"Previous_Irrigation_mm",111.37,1,NA
"18389",19316,19317,"Rainfall_mm",856.98,1,NA
"18390",19318,19319,"Field_Area_hectare",3.88,1,NA
"18391",0,0,NA,0,-1,"Low"
"18392",19320,19321,"Electrical_Conductivity",2.355,1,NA
"18393",0,0,NA,0,-1,"Low"
"18394",0,0,NA,0,-1,"Medium"
"18395",19322,19323,"Humidity",82.375,1,NA
"18396",0,0,NA,0,-1,"Medium"
"18397",0,0,NA,0,-1,"Low"
"18398",19324,19325,"Irrigation_Type",7,1,NA
"18399",0,0,NA,0,-1,"Medium"
"18400",19326,19327,"Organic_Carbon",0.385,1,NA
"18401",19328,19329,"Organic_Carbon",1.535,1,NA
"18402",0,0,NA,0,-1,"Low"
"18403",19330,19331,"Soil_pH",5.805,1,NA
"18404",19332,19333,"Organic_Carbon",1.49,1,NA
"18405",0,0,NA,0,-1,"Low"
"18406",0,0,NA,0,-1,"Low"
"18407",19334,19335,"Soil_Moisture",55.265,1,NA
"18408",19336,19337,"Irrigation_Type",2,1,NA
"18409",19338,19339,"Electrical_Conductivity",3.185,1,NA
"18410",19340,19341,"Irrigation_Type",1,1,NA
"18411",0,0,NA,0,-1,"Low"
"18412",0,0,NA,0,-1,"Medium"
"18413",0,0,NA,0,-1,"Low"
"18414",0,0,NA,0,-1,"Low"
"18415",19342,19343,"Sunlight_Hours",9.755,1,NA
"18416",0,0,NA,0,-1,"Low"
"18417",19344,19345,"Previous_Irrigation_mm",13.095,1,NA
"18418",19346,19347,"Electrical_Conductivity",2.605,1,NA
"18419",19348,19349,"Sunlight_Hours",4.985,1,NA
"18420",19350,19351,"Previous_Irrigation_mm",15.85,1,NA
"18421",19352,19353,"Wind_Speed_kmh",17.455,1,NA
"18422",19354,19355,"Humidity",79.17,1,NA
"18423",19356,19357,"Wind_Speed_kmh",10.985,1,NA
"18424",0,0,NA,0,-1,"Low"
"18425",19358,19359,"Wind_Speed_kmh",17.385,1,NA
"18426",19360,19361,"Organic_Carbon",0.675,1,NA
"18427",19362,19363,"Sunlight_Hours",7.59,1,NA
"18428",19364,19365,"Organic_Carbon",0.525,1,NA
"18429",19366,19367,"Temperature_C",12.98,1,NA
"18430",19368,19369,"Electrical_Conductivity",2.33,1,NA
"18431",19370,19371,"Humidity",67.785,1,NA
"18432",19372,19373,"Soil_Moisture",26.85,1,NA
"18433",0,0,NA,0,-1,"Low"
"18434",0,0,NA,0,-1,"Low"
"18435",19374,19375,"Organic_Carbon",1.24,1,NA
"18436",0,0,NA,0,-1,"Medium"
"18437",19376,19377,"Soil_Type",4,1,NA
"18438",19378,19379,"Soil_Moisture",26.115,1,NA
"18439",0,0,NA,0,-1,"Medium"
"18440",19380,19381,"Soil_Moisture",61.3,1,NA
"18441",19382,19383,"Previous_Irrigation_mm",102.655,1,NA
"18442",19384,19385,"Electrical_Conductivity",0.2,1,NA
"18443",0,0,NA,0,-1,"Medium"
"18444",0,0,NA,0,-1,"Low"
"18445",19386,19387,"Season",3,1,NA
"18446",19388,19389,"Organic_Carbon",0.625,1,NA
"18447",0,0,NA,0,-1,"Medium"
"18448",19390,19391,"Soil_Type",1,1,NA
"18449",19392,19393,"Soil_Moisture",64.65,1,NA
"18450",19394,19395,"Field_Area_hectare",8.305,1,NA
"18451",19396,19397,"Electrical_Conductivity",3.305,1,NA
"18452",19398,19399,"Crop_Type",4,1,NA
"18453",19400,19401,"Irrigation_Type",2,1,NA
"18454",19402,19403,"Wind_Speed_kmh",11.76,1,NA
"18455",19404,19405,"Organic_Carbon",0.645,1,NA
"18456",19406,19407,"Irrigation_Type",3,1,NA
"18457",0,0,NA,0,-1,"Low"
"18458",0,0,NA,0,-1,"Medium"
"18459",0,0,NA,0,-1,"Low"
"18460",19408,19409,"Sunlight_Hours",9.005,1,NA
"18461",0,0,NA,0,-1,"Medium"
"18462",19410,19411,"Temperature_C",14.27,1,NA
"18463",19412,19413,"Temperature_C",17.965,1,NA
"18464",19414,19415,"Soil_Moisture",38.465,1,NA
"18465",19416,19417,"Soil_pH",5.435,1,NA
"18466",19418,19419,"Field_Area_hectare",5.105,1,NA
"18467",19420,19421,"Sunlight_Hours",5.655,1,NA
"18468",19422,19423,"Soil_Type",3,1,NA
"18469",19424,19425,"Humidity",54.055,1,NA
"18470",19426,19427,"Soil_Moisture",39.42,1,NA
"18471",19428,19429,"Wind_Speed_kmh",14.055,1,NA
"18472",19430,19431,"Temperature_C",28.165,1,NA
"18473",0,0,NA,0,-1,"Low"
"18474",0,0,NA,0,-1,"Medium"
"18475",0,0,NA,0,-1,"Low"
"18476",0,0,NA,0,-1,"High"
"18477",0,0,NA,0,-1,"Medium"
"18478",0,0,NA,0,-1,"High"
"18479",0,0,NA,0,-1,"Medium"
"18480",0,0,NA,0,-1,"High"
"18481",0,0,NA,0,-1,"Medium"
"18482",0,0,NA,0,-1,"Medium"
"18483",0,0,NA,0,-1,"High"
"18484",0,0,NA,0,-1,"Medium"
"18485",19432,19433,"Temperature_C",31.285,1,NA
"18486",19434,19435,"Water_Source",1,1,NA
"18487",19436,19437,"Rainfall_mm",1270.595,1,NA
"18488",0,0,NA,0,-1,"High"
"18489",0,0,NA,0,-1,"Medium"
"18490",0,0,NA,0,-1,"Medium"
"18491",0,0,NA,0,-1,"High"
"18492",0,0,NA,0,-1,"Medium"
"18493",19438,19439,"Field_Area_hectare",3.97,1,NA
"18494",19440,19441,"Temperature_C",30.765,1,NA
"18495",19442,19443,"Organic_Carbon",0.39,1,NA
"18496",19444,19445,"Humidity",76.375,1,NA
"18497",0,0,NA,0,-1,"Medium"
"18498",19446,19447,"Season",1,1,NA
"18499",0,0,NA,0,-1,"Medium"
"18500",19448,19449,"Soil_pH",4.98,1,NA
"18501",19450,19451,"Organic_Carbon",1.575,1,NA
"18502",19452,19453,"Organic_Carbon",1.005,1,NA
"18503",19454,19455,"Previous_Irrigation_mm",36.96,1,NA
"18504",0,0,NA,0,-1,"High"
"18505",0,0,NA,0,-1,"Medium"
"18506",0,0,NA,0,-1,"Medium"
"18507",0,0,NA,0,-1,"High"
"18508",19456,19457,"Rainfall_mm",1332.165,1,NA
"18509",0,0,NA,0,-1,"High"
"18510",0,0,NA,0,-1,"Medium"
"18511",19458,19459,"Wind_Speed_kmh",18.26,1,NA
"18512",0,0,NA,0,-1,"High"
"18513",0,0,NA,0,-1,"Medium"
"18514",19460,19461,"Irrigation_Type",2,1,NA
"18515",0,0,NA,0,-1,"Medium"
"18516",0,0,NA,0,-1,"Medium"
"18517",19462,19463,"Humidity",45.23,1,NA
"18518",19464,19465,"Electrical_Conductivity",2.645,1,NA
"18519",0,0,NA,0,-1,"High"
"18520",0,0,NA,0,-1,"Medium"
"18521",19466,19467,"Sunlight_Hours",8.615,1,NA
"18522",0,0,NA,0,-1,"Medium"
"18523",19468,19469,"Field_Area_hectare",1.405,1,NA
"18524",0,0,NA,0,-1,"Low"
"18525",19470,19471,"Wind_Speed_kmh",17.28,1,NA
"18526",0,0,NA,0,-1,"Low"
"18527",0,0,NA,0,-1,"Medium"
"18528",19472,19473,"Electrical_Conductivity",0.5,1,NA
"18529",19474,19475,"Previous_Irrigation_mm",3.725,1,NA
"18530",19476,19477,"Humidity",74.39,1,NA
"18531",19478,19479,"Electrical_Conductivity",1.785,1,NA
"18532",0,0,NA,0,-1,"Medium"
"18533",0,0,NA,0,-1,"Low"
"18534",19480,19481,"Rainfall_mm",684.735,1,NA
"18535",19482,19483,"Soil_pH",7.055,1,NA
"18536",0,0,NA,0,-1,"Medium"
"18537",0,0,NA,0,-1,"Low"
"18538",0,0,NA,0,-1,"Low"
"18539",0,0,NA,0,-1,"Medium"
"18540",19484,19485,"Soil_Moisture",54.27,1,NA
"18541",19486,19487,"Field_Area_hectare",2.245,1,NA
"18542",0,0,NA,0,-1,"Medium"
"18543",19488,19489,"Temperature_C",34.76,1,NA
"18544",0,0,NA,0,-1,"Medium"
"18545",0,0,NA,0,-1,"Low"
"18546",19490,19491,"Water_Source",4,1,NA
"18547",0,0,NA,0,-1,"Low"
"18548",19492,19493,"Previous_Irrigation_mm",11.37,1,NA
"18549",0,0,NA,0,-1,"Medium"
"18550",19494,19495,"Humidity",86.175,1,NA
"18551",19496,19497,"Season",3,1,NA
"18552",19498,19499,"Sunlight_Hours",5.855,1,NA
"18553",0,0,NA,0,-1,"Medium"
"18554",0,0,NA,0,-1,"Low"
"18555",0,0,NA,0,-1,"Medium"
"18556",0,0,NA,0,-1,"Medium"
"18557",0,0,NA,0,-1,"Low"
"18558",19500,19501,"Soil_pH",6.125,1,NA
"18559",0,0,NA,0,-1,"Medium"
"18560",0,0,NA,0,-1,"Low"
"18561",19502,19503,"Rainfall_mm",1057.99,1,NA
"18562",19504,19505,"Electrical_Conductivity",2.99,1,NA
"18563",19506,19507,"Wind_Speed_kmh",15.44,1,NA
"18564",19508,19509,"Soil_pH",8.095,1,NA
"18565",0,0,NA,0,-1,"Low"
"18566",0,0,NA,0,-1,"Medium"
"18567",0,0,NA,0,-1,"Low"
"18568",0,0,NA,0,-1,"Low"
"18569",0,0,NA,0,-1,"Medium"
"18570",0,0,NA,0,-1,"Medium"
"18571",0,0,NA,0,-1,"Low"
"18572",0,0,NA,0,-1,"Low"
"18573",0,0,NA,0,-1,"Medium"
"18574",19510,19511,"Wind_Speed_kmh",10.2,1,NA
"18575",19512,19513,"Sunlight_Hours",8.68,1,NA
"18576",19514,19515,"Sunlight_Hours",9.425,1,NA
"18577",0,0,NA,0,-1,"Medium"
"18578",19516,19517,"Humidity",52.05,1,NA
"18579",0,0,NA,0,-1,"Low"
"18580",0,0,NA,0,-1,"Medium"
"18581",19518,19519,"Water_Source",2,1,NA
"18582",19520,19521,"Soil_pH",5.835,1,NA
"18583",0,0,NA,0,-1,"Medium"
"18584",19522,19523,"Season",2,1,NA
"18585",19524,19525,"Wind_Speed_kmh",18.92,1,NA
"18586",19526,19527,"Humidity",77.905,1,NA
"18587",19528,19529,"Crop_Growth_Stage",1,1,NA
"18588",0,0,NA,0,-1,"Medium"
"18589",0,0,NA,0,-1,"Low"
"18590",19530,19531,"Electrical_Conductivity",1.39,1,NA
"18591",19532,19533,"Region",2,1,NA
"18592",0,0,NA,0,-1,"Medium"
"18593",19534,19535,"Rainfall_mm",1757.465,1,NA
"18594",0,0,NA,0,-1,"Low"
"18595",19536,19537,"Irrigation_Type",1,1,NA
"18596",0,0,NA,0,-1,"Medium"
"18597",19538,19539,"Previous_Irrigation_mm",101.69,1,NA
"18598",19540,19541,"Organic_Carbon",0.655,1,NA
"18599",19542,19543,"Wind_Speed_kmh",11.64,1,NA
"18600",0,0,NA,0,-1,"Low"
"18601",19544,19545,"Wind_Speed_kmh",6.63,1,NA
"18602",0,0,NA,0,-1,"Low"
"18603",0,0,NA,0,-1,"Medium"
"18604",0,0,NA,0,-1,"Low"
"18605",0,0,NA,0,-1,"Medium"
"18606",0,0,NA,0,-1,"Low"
"18607",19546,19547,"Electrical_Conductivity",2.015,1,NA
"18608",0,0,NA,0,-1,"Low"
"18609",0,0,NA,0,-1,"Medium"
"18610",0,0,NA,0,-1,"Medium"
"18611",0,0,NA,0,-1,"Low"
"18612",0,0,NA,0,-1,"Low"
"18613",19548,19549,"Previous_Irrigation_mm",105.77,1,NA
"18614",0,0,NA,0,-1,"Medium"
"18615",0,0,NA,0,-1,"Low"
"18616",19550,19551,"Soil_Moisture",11.19,1,NA
"18617",19552,19553,"Field_Area_hectare",7.925,1,NA
"18618",19554,19555,"Region",8,1,NA
"18619",19556,19557,"Season",3,1,NA
"18620",19558,19559,"Soil_pH",5.265,1,NA
"18621",0,0,NA,0,-1,"Low"
"18622",0,0,NA,0,-1,"Low"
"18623",19560,19561,"Soil_pH",6.74,1,NA
"18624",0,0,NA,0,-1,"Low"
"18625",19562,19563,"Previous_Irrigation_mm",110.285,1,NA
"18626",19564,19565,"Crop_Growth_Stage",2,1,NA
"18627",0,0,NA,0,-1,"Low"
"18628",19566,19567,"Electrical_Conductivity",1.09,1,NA
"18629",0,0,NA,0,-1,"Low"
"18630",0,0,NA,0,-1,"Low"
"18631",0,0,NA,0,-1,"Medium"
"18632",19568,19569,"Previous_Irrigation_mm",46.05,1,NA
"18633",0,0,NA,0,-1,"Low"
"18634",0,0,NA,0,-1,"Low"
"18635",0,0,NA,0,-1,"Medium"
"18636",19570,19571,"Soil_pH",6.54,1,NA
"18637",19572,19573,"Electrical_Conductivity",0.285,1,NA
"18638",19574,19575,"Soil_Type",1,1,NA
"18639",19576,19577,"Organic_Carbon",0.745,1,NA
"18640",19578,19579,"Temperature_C",26.33,1,NA
"18641",19580,19581,"Field_Area_hectare",1.215,1,NA
"18642",0,0,NA,0,-1,"Low"
"18643",0,0,NA,0,-1,"Medium"
"18644",19582,19583,"Previous_Irrigation_mm",63.5,1,NA
"18645",0,0,NA,0,-1,"Medium"
"18646",0,0,NA,0,-1,"Low"
"18647",19584,19585,"Previous_Irrigation_mm",42.62,1,NA
"18648",0,0,NA,0,-1,"Low"
"18649",0,0,NA,0,-1,"Medium"
"18650",19586,19587,"Sunlight_Hours",10.2,1,NA
"18651",19588,19589,"Field_Area_hectare",14.175,1,NA
"18652",0,0,NA,0,-1,"Medium"
"18653",19590,19591,"Season",1,1,NA
"18654",19592,19593,"Soil_Moisture",17.455,1,NA
"18655",0,0,NA,0,-1,"Low"
"18656",19594,19595,"Soil_Moisture",17.33,1,NA
"18657",0,0,NA,0,-1,"Medium"
"18658",0,0,NA,0,-1,"High"
"18659",0,0,NA,0,-1,"Low"
"18660",19596,19597,"Wind_Speed_kmh",1.815,1,NA
"18661",0,0,NA,0,-1,"Medium"
"18662",0,0,NA,0,-1,"Medium"
"18663",19598,19599,"Humidity",55.86,1,NA
"18664",19600,19601,"Humidity",84.975,1,NA
"18665",0,0,NA,0,-1,"Medium"
"18666",19602,19603,"Wind_Speed_kmh",6.485,1,NA
"18667",0,0,NA,0,-1,"Medium"
"18668",0,0,NA,0,-1,"Low"
"18669",0,0,NA,0,-1,"Medium"
"18670",0,0,NA,0,-1,"Low"
"18671",19604,19605,"Soil_Moisture",22.355,1,NA
"18672",0,0,NA,0,-1,"Low"
"18673",19606,19607,"Humidity",92.1,1,NA
"18674",19608,19609,"Season",2,1,NA
"18675",0,0,NA,0,-1,"Medium"
"18676",19610,19611,"Soil_pH",6.965,1,NA
"18677",19612,19613,"Soil_pH",7.895,1,NA
"18678",19614,19615,"Soil_Moisture",13.005,1,NA
"18679",0,0,NA,0,-1,"Low"
"18680",0,0,NA,0,-1,"Low"
"18681",19616,19617,"Previous_Irrigation_mm",79.225,1,NA
"18682",0,0,NA,0,-1,"Low"
"18683",0,0,NA,0,-1,"Medium"
"18684",0,0,NA,0,-1,"Low"
"18685",0,0,NA,0,-1,"Medium"
"18686",0,0,NA,0,-1,"Low"
"18687",19618,19619,"Water_Source",3,1,NA
"18688",0,0,NA,0,-1,"Medium"
"18689",0,0,NA,0,-1,"Low"
"18690",0,0,NA,0,-1,"Low"
"18691",19620,19621,"Rainfall_mm",1901.875,1,NA
"18692",0,0,NA,0,-1,"Low"
"18693",0,0,NA,0,-1,"Medium"
"18694",0,0,NA,0,-1,"Low"
"18695",0,0,NA,0,-1,"Medium"
"18696",0,0,NA,0,-1,"Medium"
"18697",0,0,NA,0,-1,"Low"
"18698",0,0,NA,0,-1,"Low"
"18699",0,0,NA,0,-1,"Medium"
"18700",19622,19623,"Rainfall_mm",661.85,1,NA
"18701",19624,19625,"Sunlight_Hours",4.375,1,NA
"18702",0,0,NA,0,-1,"Low"
"18703",0,0,NA,0,-1,"Medium"
"18704",0,0,NA,0,-1,"Medium"
"18705",0,0,NA,0,-1,"Low"
"18706",0,0,NA,0,-1,"Medium"
"18707",0,0,NA,0,-1,"Low"
"18708",19626,19627,"Region",4,1,NA
"18709",0,0,NA,0,-1,"Low"
"18710",0,0,NA,0,-1,"Low"
"18711",0,0,NA,0,-1,"Medium"
"18712",0,0,NA,0,-1,"Low"
"18713",0,0,NA,0,-1,"Medium"
"18714",19628,19629,"Irrigation_Type",2,1,NA
"18715",0,0,NA,0,-1,"Low"
"18716",0,0,NA,0,-1,"Low"
"18717",19630,19631,"Temperature_C",37.11,1,NA
"18718",19632,19633,"Soil_Moisture",30.595,1,NA
"18719",19634,19635,"Temperature_C",20.11,1,NA
"18720",19636,19637,"Previous_Irrigation_mm",19.37,1,NA
"18721",0,0,NA,0,-1,"Low"
"18722",19638,19639,"Field_Area_hectare",10.7,1,NA
"18723",0,0,NA,0,-1,"Low"
"18724",0,0,NA,0,-1,"Low"
"18725",0,0,NA,0,-1,"Medium"
"18726",19640,19641,"Soil_Moisture",32.535,1,NA
"18727",0,0,NA,0,-1,"Low"
"18728",19642,19643,"Field_Area_hectare",4.73,1,NA
"18729",0,0,NA,0,-1,"Medium"
"18730",0,0,NA,0,-1,"Medium"
"18731",0,0,NA,0,-1,"Low"
"18732",0,0,NA,0,-1,"Medium"
"18733",0,0,NA,0,-1,"Low"
"18734",0,0,NA,0,-1,"Medium"
"18735",0,0,NA,0,-1,"Low"
"18736",19644,19645,"Field_Area_hectare",5.55,1,NA
"18737",19646,19647,"Soil_Moisture",25.66,1,NA
"18738",19648,19649,"Humidity",82.865,1,NA
"18739",19650,19651,"Soil_Type",2,1,NA
"18740",19652,19653,"Soil_Moisture",30.83,1,NA
"18741",19654,19655,"Rainfall_mm",1876.255,1,NA
"18742",0,0,NA,0,-1,"Low"
"18743",0,0,NA,0,-1,"Medium"
"18744",0,0,NA,0,-1,"Medium"
"18745",0,0,NA,0,-1,"Low"
"18746",0,0,NA,0,-1,"Medium"
"18747",19656,19657,"Electrical_Conductivity",3.015,1,NA
"18748",0,0,NA,0,-1,"Medium"
"18749",0,0,NA,0,-1,"Low"
"18750",19658,19659,"Wind_Speed_kmh",16.01,1,NA
"18751",0,0,NA,0,-1,"Low"
"18752",0,0,NA,0,-1,"Medium"
"18753",0,0,NA,0,-1,"Low"
"18754",19660,19661,"Crop_Type",18,1,NA
"18755",0,0,NA,0,-1,"Low"
"18756",19662,19663,"Soil_pH",6.185,1,NA
"18757",0,0,NA,0,-1,"Medium"
"18758",19664,19665,"Previous_Irrigation_mm",87.33,1,NA
"18759",0,0,NA,0,-1,"Low"
"18760",19666,19667,"Previous_Irrigation_mm",23.73,1,NA
"18761",19668,19669,"Sunlight_Hours",6.585,1,NA
"18762",19670,19671,"Humidity",60.74,1,NA
"18763",19672,19673,"Temperature_C",19.145,1,NA
"18764",0,0,NA,0,-1,"Medium"
"18765",0,0,NA,0,-1,"Low"
"18766",19674,19675,"Soil_pH",6.955,1,NA
"18767",0,0,NA,0,-1,"Low"
"18768",0,0,NA,0,-1,"Medium"
"18769",0,0,NA,0,-1,"Low"
"18770",19676,19677,"Electrical_Conductivity",1.475,1,NA
"18771",19678,19679,"Crop_Type",16,1,NA
"18772",0,0,NA,0,-1,"Low"
"18773",0,0,NA,0,-1,"Medium"
"18774",0,0,NA,0,-1,"Medium"
"18775",0,0,NA,0,-1,"Low"
"18776",0,0,NA,0,-1,"Low"
"18777",0,0,NA,0,-1,"Medium"
"18778",19680,19681,"Soil_Moisture",23.305,1,NA
"18779",0,0,NA,0,-1,"Medium"
"18780",0,0,NA,0,-1,"Medium"
"18781",19682,19683,"Wind_Speed_kmh",16.18,1,NA
"18782",19684,19685,"Temperature_C",40.1,1,NA
"18783",19686,19687,"Soil_Moisture",27.945,1,NA
"18784",0,0,NA,0,-1,"Low"
"18785",0,0,NA,0,-1,"Medium"
"18786",19688,19689,"Region",3,1,NA
"18787",19690,19691,"Soil_pH",5.88,1,NA
"18788",0,0,NA,0,-1,"Medium"
"18789",0,0,NA,0,-1,"Low"
"18790",0,0,NA,0,-1,"Low"
"18791",0,0,NA,0,-1,"Medium"
"18792",19692,19693,"Electrical_Conductivity",1.41,1,NA
"18793",0,0,NA,0,-1,"Medium"
"18794",0,0,NA,0,-1,"Medium"
"18795",0,0,NA,0,-1,"Low"
"18796",0,0,NA,0,-1,"Medium"
"18797",0,0,NA,0,-1,"Low"
"18798",19694,19695,"Organic_Carbon",1.305,1,NA
"18799",0,0,NA,0,-1,"Low"
"18800",19696,19697,"Soil_pH",8,1,NA
"18801",0,0,NA,0,-1,"Medium"
"18802",19698,19699,"Wind_Speed_kmh",14.99,1,NA
"18803",0,0,NA,0,-1,"Low"
"18804",0,0,NA,0,-1,"Medium"
"18805",0,0,NA,0,-1,"Low"
"18806",0,0,NA,0,-1,"Low"
"18807",19700,19701,"Humidity",53.185,1,NA
"18808",0,0,NA,0,-1,"Medium"
"18809",0,0,NA,0,-1,"Low"
"18810",0,0,NA,0,-1,"Low"
"18811",0,0,NA,0,-1,"Medium"
"18812",0,0,NA,0,-1,"Low"
"18813",19702,19703,"Humidity",44.715,1,NA
"18814",19704,19705,"Humidity",46.195,1,NA
"18815",0,0,NA,0,-1,"Medium"
"18816",19706,19707,"Field_Area_hectare",3.96,1,NA
"18817",0,0,NA,0,-1,"Medium"
"18818",0,0,NA,0,-1,"Medium"
"18819",19708,19709,"Region",1,1,NA
"18820",0,0,NA,0,-1,"Low"
"18821",0,0,NA,0,-1,"Medium"
"18822",0,0,NA,0,-1,"Medium"
"18823",19710,19711,"Wind_Speed_kmh",15.515,1,NA
"18824",0,0,NA,0,-1,"Low"
"18825",0,0,NA,0,-1,"Medium"
"18826",0,0,NA,0,-1,"Low"
"18827",0,0,NA,0,-1,"Medium"
"18828",0,0,NA,0,-1,"Medium"
"18829",0,0,NA,0,-1,"Low"
"18830",0,0,NA,0,-1,"Medium"
"18831",0,0,NA,0,-1,"Low"
"18832",0,0,NA,0,-1,"Medium"
"18833",19712,19713,"Humidity",59.56,1,NA
"18834",19714,19715,"Rainfall_mm",1770.785,1,NA
"18835",0,0,NA,0,-1,"Medium"
"18836",0,0,NA,0,-1,"Medium"
"18837",0,0,NA,0,-1,"Low"
"18838",0,0,NA,0,-1,"Medium"
"18839",0,0,NA,0,-1,"Low"
"18840",0,0,NA,0,-1,"Low"
"18841",0,0,NA,0,-1,"Medium"
"18842",0,0,NA,0,-1,"Medium"
"18843",0,0,NA,0,-1,"Low"
"18844",0,0,NA,0,-1,"Low"
"18845",0,0,NA,0,-1,"Medium"
"18846",19716,19717,"Soil_Moisture",18.665,1,NA
"18847",0,0,NA,0,-1,"Low"
"18848",0,0,NA,0,-1,"Medium"
"18849",19718,19719,"Previous_Irrigation_mm",89.155,1,NA
"18850",19720,19721,"Water_Source",2,1,NA
"18851",0,0,NA,0,-1,"Medium"
"18852",19722,19723,"Previous_Irrigation_mm",92.84,1,NA
"18853",19724,19725,"Organic_Carbon",1.145,1,NA
"18854",0,0,NA,0,-1,"Low"
"18855",0,0,NA,0,-1,"Medium"
"18856",0,0,NA,0,-1,"Medium"
"18857",0,0,NA,0,-1,"Low"
"18858",0,0,NA,0,-1,"Low"
"18859",0,0,NA,0,-1,"Medium"
"18860",0,0,NA,0,-1,"Low"
"18861",0,0,NA,0,-1,"Medium"
"18862",19726,19727,"Sunlight_Hours",6.195,1,NA
"18863",0,0,NA,0,-1,"Low"
"18864",0,0,NA,0,-1,"Medium"
"18865",19728,19729,"Humidity",74.575,1,NA
"18866",0,0,NA,0,-1,"Medium"
"18867",0,0,NA,0,-1,"Low"
"18868",0,0,NA,0,-1,"Medium"
"18869",19730,19731,"Organic_Carbon",0.535,1,NA
"18870",0,0,NA,0,-1,"Low"
"18871",0,0,NA,0,-1,"Medium"
"18872",0,0,NA,0,-1,"Medium"
"18873",0,0,NA,0,-1,"Low"
"18874",0,0,NA,0,-1,"Low"
"18875",0,0,NA,0,-1,"Medium"
"18876",0,0,NA,0,-1,"Medium"
"18877",0,0,NA,0,-1,"Low"
"18878",19732,19733,"Field_Area_hectare",1.115,1,NA
"18879",19734,19735,"Irrigation_Type",2,1,NA
"18880",19736,19737,"Temperature_C",32.64,1,NA
"18881",19738,19739,"Soil_Moisture",29.105,1,NA
"18882",19740,19741,"Previous_Irrigation_mm",44.5,1,NA
"18883",19742,19743,"Field_Area_hectare",10.53,1,NA
"18884",19744,19745,"Soil_pH",7.005,1,NA
"18885",0,0,NA,0,-1,"Low"
"18886",0,0,NA,0,-1,"Low"
"18887",19746,19747,"Wind_Speed_kmh",12.215,1,NA
"18888",0,0,NA,0,-1,"Low"
"18889",0,0,NA,0,-1,"Medium"
"18890",19748,19749,"Wind_Speed_kmh",19.235,1,NA
"18891",19750,19751,"Crop_Type",8,1,NA
"18892",0,0,NA,0,-1,"Medium"
"18893",0,0,NA,0,-1,"Low"
"18894",0,0,NA,0,-1,"Medium"
"18895",19752,19753,"Crop_Type",13,1,NA
"18896",0,0,NA,0,-1,"Low"
"18897",0,0,NA,0,-1,"Medium"
"18898",19754,19755,"Soil_Type",4,1,NA
"18899",19756,19757,"Wind_Speed_kmh",17.08,1,NA
"18900",0,0,NA,0,-1,"Low"
"18901",0,0,NA,0,-1,"Medium"
"18902",0,0,NA,0,-1,"Low"
"18903",19758,19759,"Humidity",66.31,1,NA
"18904",19760,19761,"Organic_Carbon",0.92,1,NA
"18905",0,0,NA,0,-1,"Low"
"18906",0,0,NA,0,-1,"Medium"
"18907",0,0,NA,0,-1,"Low"
"18908",0,0,NA,0,-1,"Low"
"18909",0,0,NA,0,-1,"Medium"
"18910",0,0,NA,0,-1,"Low"
"18911",0,0,NA,0,-1,"Medium"
"18912",19762,19763,"Soil_Moisture",55.19,1,NA
"18913",19764,19765,"Region",14,1,NA
"18914",0,0,NA,0,-1,"Medium"
"18915",0,0,NA,0,-1,"Low"
"18916",0,0,NA,0,-1,"Low"
"18917",0,0,NA,0,-1,"Medium"
"18918",0,0,NA,0,-1,"Medium"
"18919",0,0,NA,0,-1,"Low"
"18920",0,0,NA,0,-1,"Low"
"18921",19766,19767,"Soil_pH",6.2,1,NA
"18922",0,0,NA,0,-1,"Low"
"18923",0,0,NA,0,-1,"Medium"
"18924",19768,19769,"Previous_Irrigation_mm",91.245,1,NA
"18925",19770,19771,"Season",2,1,NA
"18926",0,0,NA,0,-1,"Low"
"18927",19772,19773,"Soil_Moisture",45.535,1,NA
"18928",19774,19775,"Electrical_Conductivity",1.565,1,NA
"18929",19776,19777,"Organic_Carbon",0.65,1,NA
"18930",19778,19779,"Electrical_Conductivity",0.405,1,NA
"18931",19780,19781,"Sunlight_Hours",5.695,1,NA
"18932",19782,19783,"Soil_Type",6,1,NA
"18933",0,0,NA,0,-1,"Low"
"18934",0,0,NA,0,-1,"Low"
"18935",0,0,NA,0,-1,"Medium"
"18936",0,0,NA,0,-1,"Low"
"18937",0,0,NA,0,-1,"Medium"
"18938",0,0,NA,0,-1,"Medium"
"18939",0,0,NA,0,-1,"Low"
"18940",0,0,NA,0,-1,"Medium"
"18941",0,0,NA,0,-1,"Low"
"18942",19784,19785,"Previous_Irrigation_mm",18.195,1,NA
"18943",19786,19787,"Soil_Type",3,1,NA
"18944",0,0,NA,0,-1,"Low"
"18945",0,0,NA,0,-1,"Medium"
"18946",0,0,NA,0,-1,"Medium"
"18947",0,0,NA,0,-1,"Low"
"18948",0,0,NA,0,-1,"Low"
"18949",0,0,NA,0,-1,"Medium"
"18950",19788,19789,"Soil_pH",6.005,1,NA
"18951",0,0,NA,0,-1,"Low"
"18952",19790,19791,"Water_Source",3,1,NA
"18953",19792,19793,"Rainfall_mm",1431.6,1,NA
"18954",19794,19795,"Rainfall_mm",1518.335,1,NA
"18955",0,0,NA,0,-1,"Low"
"18956",0,0,NA,0,-1,"Low"
"18957",19796,19797,"Organic_Carbon",1.52,1,NA
"18958",0,0,NA,0,-1,"Low"
"18959",19798,19799,"Sunlight_Hours",4.16,1,NA
"18960",0,0,NA,0,-1,"Medium"
"18961",0,0,NA,0,-1,"Low"
"18962",0,0,NA,0,-1,"Low"
"18963",0,0,NA,0,-1,"Medium"
"18964",19800,19801,"Wind_Speed_kmh",2.375,1,NA
"18965",0,0,NA,0,-1,"Low"
"18966",0,0,NA,0,-1,"Low"
"18967",0,0,NA,0,-1,"Medium"
"18968",0,0,NA,0,-1,"Low"
"18969",0,0,NA,0,-1,"Medium"
"18970",0,0,NA,0,-1,"Medium"
"18971",0,0,NA,0,-1,"Low"
"18972",19802,19803,"Region",12,1,NA
"18973",0,0,NA,0,-1,"Low"
"18974",19804,19805,"Field_Area_hectare",12.91,1,NA
"18975",19806,19807,"Field_Area_hectare",2.265,1,NA
"18976",0,0,NA,0,-1,"Medium"
"18977",19808,19809,"Soil_Type",2,1,NA
"18978",19810,19811,"Rainfall_mm",1046.885,1,NA
"18979",19812,19813,"Field_Area_hectare",12.045,1,NA
"18980",0,0,NA,0,-1,"Low"
"18981",0,0,NA,0,-1,"Medium"
"18982",19814,19815,"Soil_Moisture",27.89,1,NA
"18983",19816,19817,"Sunlight_Hours",10.25,1,NA
"18984",0,0,NA,0,-1,"Low"
"18985",19818,19819,"Region",8,1,NA
"18986",19820,19821,"Temperature_C",21.025,1,NA
"18987",0,0,NA,0,-1,"Low"
"18988",0,0,NA,0,-1,"Low"
"18989",19822,19823,"Soil_Moisture",48.5,1,NA
"18990",0,0,NA,0,-1,"Low"
"18991",0,0,NA,0,-1,"Medium"
"18992",19824,19825,"Water_Source",1,1,NA
"18993",19826,19827,"Wind_Speed_kmh",4.01,1,NA
"18994",19828,19829,"Soil_Moisture",28.06,1,NA
"18995",19830,19831,"Soil_Type",4,1,NA
"18996",19832,19833,"Humidity",94.655,1,NA
"18997",19834,19835,"Field_Area_hectare",11.395,1,NA
"18998",0,0,NA,0,-1,"Medium"
"18999",0,0,NA,0,-1,"Low"
"19000",19836,19837,"Field_Area_hectare",5.96,1,NA
"19001",19838,19839,"Soil_Type",2,1,NA
"19002",0,0,NA,0,-1,"Low"
"19003",19840,19841,"Humidity",29.165,1,NA
"19004",19842,19843,"Crop_Growth_Stage",1,1,NA
"19005",19844,19845,"Soil_pH",7.05,1,NA
"19006",0,0,NA,0,-1,"Low"
"19007",0,0,NA,0,-1,"Medium"
"19008",19846,19847,"Temperature_C",25.035,1,NA
"19009",0,0,NA,0,-1,"Low"
"19010",0,0,NA,0,-1,"Low"
"19011",0,0,NA,0,-1,"Medium"
"19012",0,0,NA,0,-1,"Medium"
"19013",0,0,NA,0,-1,"Low"
"19014",19848,19849,"Wind_Speed_kmh",5,1,NA
"19015",19850,19851,"Region",2,1,NA
"19016",0,0,NA,0,-1,"Medium"
"19017",0,0,NA,0,-1,"Low"
"19018",19852,19853,"Irrigation_Type",2,1,NA
"19019",0,0,NA,0,-1,"Low"
"19020",0,0,NA,0,-1,"Medium"
"19021",19854,19855,"Wind_Speed_kmh",8.415,1,NA
"19022",0,0,NA,0,-1,"Low"
"19023",19856,19857,"Field_Area_hectare",8.07,1,NA
"19024",0,0,NA,0,-1,"Medium"
"19025",19858,19859,"Wind_Speed_kmh",8.565,1,NA
"19026",0,0,NA,0,-1,"Low"
"19027",19860,19861,"Wind_Speed_kmh",7.19,1,NA
"19028",19862,19863,"Soil_Moisture",60.815,1,NA
"19029",0,0,NA,0,-1,"Low"
"19030",19864,19865,"Wind_Speed_kmh",7.18,1,NA
"19031",19866,19867,"Soil_Moisture",47.745,1,NA
"19032",19868,19869,"Wind_Speed_kmh",7.545,1,NA
"19033",19870,19871,"Crop_Type",4,1,NA
"19034",19872,19873,"Soil_pH",6.505,1,NA
"19035",19874,19875,"Previous_Irrigation_mm",114.84,1,NA
"19036",0,0,NA,0,-1,"Low"
"19037",19876,19877,"Crop_Type",1,1,NA
"19038",0,0,NA,0,-1,"Medium"
"19039",0,0,NA,0,-1,"Low"
"19040",0,0,NA,0,-1,"Low"
"19041",0,0,NA,0,-1,"Medium"
"19042",0,0,NA,0,-1,"Medium"
"19043",0,0,NA,0,-1,"Low"
"19044",19878,19879,"Organic_Carbon",1.165,1,NA
"19045",0,0,NA,0,-1,"Medium"
"19046",19880,19881,"Irrigation_Type",2,1,NA
"19047",19882,19883,"Soil_Moisture",11.87,1,NA
"19048",0,0,NA,0,-1,"Medium"
"19049",0,0,NA,0,-1,"High"
"19050",0,0,NA,0,-1,"High"
"19051",0,0,NA,0,-1,"Medium"
"19052",19884,19885,"Crop_Type",13,1,NA
"19053",19886,19887,"Rainfall_mm",1672.105,1,NA
"19054",0,0,NA,0,-1,"High"
"19055",0,0,NA,0,-1,"Medium"
"19056",0,0,NA,0,-1,"Medium"
"19057",0,0,NA,0,-1,"High"
"19058",19888,19889,"Field_Area_hectare",3.875,1,NA
"19059",19890,19891,"Soil_Moisture",16.05,1,NA
"19060",0,0,NA,0,-1,"Medium"
"19061",0,0,NA,0,-1,"High"
"19062",0,0,NA,0,-1,"Medium"
"19063",0,0,NA,0,-1,"High"
"19064",0,0,NA,0,-1,"Medium"
"19065",19892,19893,"Humidity",57.465,1,NA
"19066",0,0,NA,0,-1,"High"
"19067",0,0,NA,0,-1,"Medium"
"19068",19894,19895,"Organic_Carbon",0.755,1,NA
"19069",19896,19897,"Crop_Type",14,1,NA
"19070",0,0,NA,0,-1,"High"
"19071",0,0,NA,0,-1,"Medium"
"19072",0,0,NA,0,-1,"Medium"
"19073",19898,19899,"Humidity",77.515,1,NA
"19074",0,0,NA,0,-1,"Medium"
"19075",0,0,NA,0,-1,"High"
"19076",19900,19901,"Region",15,1,NA
"19077",0,0,NA,0,-1,"Medium"
"19078",0,0,NA,0,-1,"Medium"
"19079",0,0,NA,0,-1,"High"
"19080",19902,19903,"Temperature_C",28.065,1,NA
"19081",0,0,NA,0,-1,"Medium"
"19082",19904,19905,"Previous_Irrigation_mm",64.255,1,NA
"19083",19906,19907,"Previous_Irrigation_mm",55.66,1,NA
"19084",0,0,NA,0,-1,"High"
"19085",0,0,NA,0,-1,"Medium"
"19086",0,0,NA,0,-1,"Medium"
"19087",0,0,NA,0,-1,"High"
"19088",19908,19909,"Temperature_C",24.455,1,NA
"19089",0,0,NA,0,-1,"Medium"
"19090",19910,19911,"Irrigation_Type",1,1,NA
"19091",0,0,NA,0,-1,"Medium"
"19092",0,0,NA,0,-1,"High"
"19093",0,0,NA,0,-1,"Medium"
"19094",19912,19913,"Rainfall_mm",2297.315,1,NA
"19095",0,0,NA,0,-1,"Medium"
"19096",19914,19915,"Field_Area_hectare",1.035,1,NA
"19097",0,0,NA,0,-1,"High"
"19098",19916,19917,"Wind_Speed_kmh",11.385,1,NA
"19099",0,0,NA,0,-1,"Medium"
"19100",0,0,NA,0,-1,"High"
"19101",0,0,NA,0,-1,"Medium"
"19102",0,0,NA,0,-1,"High"
"19103",0,0,NA,0,-1,"Medium"
"19104",19918,19919,"Wind_Speed_kmh",15.83,1,NA
"19105",19920,19921,"Region",2,1,NA
"19106",0,0,NA,0,-1,"High"
"19107",0,0,NA,0,-1,"Medium"
"19108",0,0,NA,0,-1,"Medium"
"19109",0,0,NA,0,-1,"High"
"19110",0,0,NA,0,-1,"Medium"
"19111",0,0,NA,0,-1,"High"
"19112",19922,19923,"Soil_pH",4.915,1,NA
"19113",0,0,NA,0,-1,"High"
"19114",0,0,NA,0,-1,"High"
"19115",0,0,NA,0,-1,"Medium"
"19116",19924,19925,"Organic_Carbon",1.115,1,NA
"19117",0,0,NA,0,-1,"High"
"19118",0,0,NA,0,-1,"High"
"19119",0,0,NA,0,-1,"Medium"
"19120",0,0,NA,0,-1,"High"
"19121",19926,19927,"Region",10,1,NA
"19122",19928,19929,"Soil_Moisture",11.535,1,NA
"19123",0,0,NA,0,-1,"High"
"19124",0,0,NA,0,-1,"High"
"19125",0,0,NA,0,-1,"Medium"
"19126",19930,19931,"Temperature_C",36.855,1,NA
"19127",19932,19933,"Electrical_Conductivity",1.605,1,NA
"19128",0,0,NA,0,-1,"Medium"
"19129",19934,19935,"Wind_Speed_kmh",6.22,1,NA
"19130",0,0,NA,0,-1,"High"
"19131",19936,19937,"Wind_Speed_kmh",11.985,1,NA
"19132",0,0,NA,0,-1,"Low"
"19133",0,0,NA,0,-1,"Medium"
"19134",0,0,NA,0,-1,"Medium"
"19135",0,0,NA,0,-1,"Low"
"19136",0,0,NA,0,-1,"Low"
"19137",19938,19939,"Organic_Carbon",1.465,1,NA
"19138",0,0,NA,0,-1,"Medium"
"19139",0,0,NA,0,-1,"Low"
"19140",0,0,NA,0,-1,"Medium"
"19141",19940,19941,"Temperature_C",22.96,1,NA
"19142",19942,19943,"Irrigation_Type",2,1,NA
"19143",19944,19945,"Previous_Irrigation_mm",34.075,1,NA
"19144",19946,19947,"Rainfall_mm",2061.755,1,NA
"19145",0,0,NA,0,-1,"Low"
"19146",19948,19949,"Soil_pH",6.735,1,NA
"19147",19950,19951,"Region",1,1,NA
"19148",19952,19953,"Irrigation_Type",5,1,NA
"19149",19954,19955,"Humidity",54.39,1,NA
"19150",0,0,NA,0,-1,"Low"
"19151",0,0,NA,0,-1,"Medium"
"19152",19956,19957,"Humidity",82.99,1,NA
"19153",0,0,NA,0,-1,"Medium"
"19154",0,0,NA,0,-1,"Medium"
"19155",0,0,NA,0,-1,"Low"
"19156",19958,19959,"Wind_Speed_kmh",5.265,1,NA
"19157",19960,19961,"Humidity",88.135,1,NA
"19158",0,0,NA,0,-1,"Medium"
"19159",0,0,NA,0,-1,"Low"
"19160",19962,19963,"Season",2,1,NA
"19161",0,0,NA,0,-1,"Low"
"19162",0,0,NA,0,-1,"Low"
"19163",19964,19965,"Organic_Carbon",0.665,1,NA
"19164",0,0,NA,0,-1,"Low"
"19165",0,0,NA,0,-1,"Medium"
"19166",0,0,NA,0,-1,"Medium"
"19167",0,0,NA,0,-1,"Low"
"19168",0,0,NA,0,-1,"Medium"
"19169",0,0,NA,0,-1,"Low"
"19170",0,0,NA,0,-1,"Medium"
"19171",0,0,NA,0,-1,"Low"
"19172",0,0,NA,0,-1,"Medium"
"19173",0,0,NA,0,-1,"Low"
"19174",0,0,NA,0,-1,"Low"
"19175",19966,19967,"Sunlight_Hours",7.91,1,NA
"19176",19968,19969,"Previous_Irrigation_mm",40.325,1,NA
"19177",0,0,NA,0,-1,"Medium"
"19178",0,0,NA,0,-1,"Medium"
"19179",0,0,NA,0,-1,"Low"
"19180",0,0,NA,0,-1,"Low"
"19181",0,0,NA,0,-1,"Medium"
"19182",0,0,NA,0,-1,"Low"
"19183",19970,19971,"Temperature_C",39.325,1,NA
"19184",0,0,NA,0,-1,"Medium"
"19185",0,0,NA,0,-1,"Low"
"19186",19972,19973,"Field_Area_hectare",6.275,1,NA
"19187",0,0,NA,0,-1,"Medium"
"19188",0,0,NA,0,-1,"Medium"
"19189",0,0,NA,0,-1,"Low"
"19190",0,0,NA,0,-1,"Low"
"19191",0,0,NA,0,-1,"Medium"
"19192",0,0,NA,0,-1,"Low"
"19193",0,0,NA,0,-1,"Medium"
"19194",0,0,NA,0,-1,"Medium"
"19195",19974,19975,"Temperature_C",32.845,1,NA
"19196",0,0,NA,0,-1,"Low"
"19197",0,0,NA,0,-1,"Medium"
"19198",0,0,NA,0,-1,"Low"
"19199",0,0,NA,0,-1,"Medium"
"19200",19976,19977,"Electrical_Conductivity",0.495,1,NA
"19201",0,0,NA,0,-1,"Low"
"19202",0,0,NA,0,-1,"Medium"
"19203",0,0,NA,0,-1,"Low"
"19204",19978,19979,"Crop_Type",1,1,NA
"19205",0,0,NA,0,-1,"Medium"
"19206",19980,19981,"Soil_Type",7,1,NA
"19207",0,0,NA,0,-1,"Medium"
"19208",0,0,NA,0,-1,"Medium"
"19209",0,0,NA,0,-1,"Low"
"19210",19982,19983,"Soil_Moisture",32.61,1,NA
"19211",19984,19985,"Rainfall_mm",2289.36,1,NA
"19212",0,0,NA,0,-1,"Low"
"19213",0,0,NA,0,-1,"Medium"
"19214",0,0,NA,0,-1,"Medium"
"19215",0,0,NA,0,-1,"Low"
"19216",0,0,NA,0,-1,"Medium"
"19217",0,0,NA,0,-1,"Low"
"19218",0,0,NA,0,-1,"Medium"
"19219",0,0,NA,0,-1,"Low"
"19220",0,0,NA,0,-1,"Medium"
"19221",0,0,NA,0,-1,"Low"
"19222",0,0,NA,0,-1,"Medium"
"19223",0,0,NA,0,-1,"Low"
"19224",19986,19987,"Electrical_Conductivity",1.53,1,NA
"19225",19988,19989,"Humidity",43.695,1,NA
"19226",19990,19991,"Humidity",25.47,1,NA
"19227",0,0,NA,0,-1,"Low"
"19228",0,0,NA,0,-1,"Medium"
"19229",0,0,NA,0,-1,"Low"
"19230",0,0,NA,0,-1,"Low"
"19231",19992,19993,"Wind_Speed_kmh",3.75,1,NA
"19232",0,0,NA,0,-1,"Medium"
"19233",0,0,NA,0,-1,"Low"
"19234",19994,19995,"Soil_Moisture",57.26,1,NA
"19235",0,0,NA,0,-1,"Low"
"19236",19996,19997,"Crop_Type",10,1,NA
"19237",19998,19999,"Soil_pH",5.275,1,NA
"19238",0,0,NA,0,-1,"Low"
"19239",20000,20001,"Previous_Irrigation_mm",57.79,1,NA
"19240",0,0,NA,0,-1,"Medium"
"19241",0,0,NA,0,-1,"Low"
"19242",0,0,NA,0,-1,"Low"
"19243",20002,20003,"Electrical_Conductivity",1.85,1,NA
"19244",0,0,NA,0,-1,"Medium"
"19245",0,0,NA,0,-1,"Low"
"19246",20004,20005,"Irrigation_Type",2,1,NA
"19247",20006,20007,"Humidity",52.785,1,NA
"19248",20008,20009,"Sunlight_Hours",5.785,1,NA
"19249",0,0,NA,0,-1,"Low"
"19250",20010,20011,"Previous_Irrigation_mm",59.485,1,NA
"19251",0,0,NA,0,-1,"Low"
"19252",0,0,NA,0,-1,"Medium"
"19253",0,0,NA,0,-1,"Low"
"19254",20012,20013,"Temperature_C",40.02,1,NA
"19255",20014,20015,"Electrical_Conductivity",0.97,1,NA
"19256",20016,20017,"Humidity",71.1,1,NA
"19257",20018,20019,"Wind_Speed_kmh",2.095,1,NA
"19258",20020,20021,"Soil_pH",6.51,1,NA
"19259",0,0,NA,0,-1,"Low"
"19260",20022,20023,"Electrical_Conductivity",2.97,1,NA
"19261",20024,20025,"Organic_Carbon",1.215,1,NA
"19262",0,0,NA,0,-1,"Medium"
"19263",0,0,NA,0,-1,"Low"
"19264",20026,20027,"Previous_Irrigation_mm",17.485,1,NA
"19265",20028,20029,"Organic_Carbon",0.835,1,NA
"19266",20030,20031,"Season",1,1,NA
"19267",20032,20033,"Field_Area_hectare",1.71,1,NA
"19268",20034,20035,"Soil_Type",5,1,NA
"19269",20036,20037,"Crop_Type",7,1,NA
"19270",0,0,NA,0,-1,"Low"
"19271",20038,20039,"Wind_Speed_kmh",5.815,1,NA
"19272",0,0,NA,0,-1,"Medium"
"19273",0,0,NA,0,-1,"Low"
"19274",0,0,NA,0,-1,"Medium"
"19275",0,0,NA,0,-1,"Low"
"19276",0,0,NA,0,-1,"Medium"
"19277",20040,20041,"Organic_Carbon",1.18,1,NA
"19278",0,0,NA,0,-1,"Low"
"19279",20042,20043,"Previous_Irrigation_mm",32.4,1,NA
"19280",20044,20045,"Soil_Moisture",56.29,1,NA
"19281",0,0,NA,0,-1,"Low"
"19282",0,0,NA,0,-1,"Medium"
"19283",0,0,NA,0,-1,"Low"
"19284",0,0,NA,0,-1,"Medium"
"19285",0,0,NA,0,-1,"Low"
"19286",0,0,NA,0,-1,"Low"
"19287",0,0,NA,0,-1,"Medium"
"19288",20046,20047,"Soil_pH",5.035,1,NA
"19289",0,0,NA,0,-1,"Low"
"19290",0,0,NA,0,-1,"Medium"
"19291",0,0,NA,0,-1,"Low"
"19292",0,0,NA,0,-1,"Medium"
"19293",20048,20049,"Soil_Type",2,1,NA
"19294",20050,20051,"Irrigation_Type",1,1,NA
"19295",20052,20053,"Soil_pH",6.585,1,NA
"19296",0,0,NA,0,-1,"Medium"
"19297",20054,20055,"Temperature_C",28.325,1,NA
"19298",0,0,NA,0,-1,"Low"
"19299",0,0,NA,0,-1,"Medium"
"19300",20056,20057,"Soil_Type",6,1,NA
"19301",0,0,NA,0,-1,"Low"
"19302",0,0,NA,0,-1,"Medium"
"19303",20058,20059,"Organic_Carbon",1.395,1,NA
"19304",0,0,NA,0,-1,"Low"
"19305",20060,20061,"Rainfall_mm",2162.275,1,NA
"19306",0,0,NA,0,-1,"Medium"
"19307",0,0,NA,0,-1,"Low"
"19308",20062,20063,"Soil_Moisture",22.98,1,NA
"19309",20064,20065,"Rainfall_mm",1954.435,1,NA
"19310",0,0,NA,0,-1,"Medium"
"19311",0,0,NA,0,-1,"Low"
"19312",0,0,NA,0,-1,"Medium"
"19313",0,0,NA,0,-1,"Low"
"19314",20066,20067,"Sunlight_Hours",9.145,1,NA
"19315",20068,20069,"Previous_Irrigation_mm",112.45,1,NA
"19316",20070,20071,"Rainfall_mm",838.705,1,NA
"19317",0,0,NA,0,-1,"Low"
"19318",0,0,NA,0,-1,"Medium"
"19319",0,0,NA,0,-1,"Low"
"19320",0,0,NA,0,-1,"Low"
"19321",20072,20073,"Soil_Moisture",51.045,1,NA
"19322",0,0,NA,0,-1,"Low"
"19323",20074,20075,"Humidity",85.48,1,NA
"19324",0,0,NA,0,-1,"Low"
"19325",20076,20077,"Temperature_C",14.855,1,NA
"19326",20078,20079,"Rainfall_mm",1249.39,1,NA
"19327",0,0,NA,0,-1,"Low"
"19328",20080,20081,"Wind_Speed_kmh",12.005,1,NA
"19329",0,0,NA,0,-1,"Medium"
"19330",0,0,NA,0,-1,"Low"
"19331",20082,20083,"Soil_Moisture",55.51,1,NA
"19332",0,0,NA,0,-1,"Low"
"19333",20084,20085,"Humidity",53.495,1,NA
"19334",0,0,NA,0,-1,"Low"
"19335",0,0,NA,0,-1,"Medium"
"19336",20086,20087,"Organic_Carbon",0.55,1,NA
"19337",0,0,NA,0,-1,"Low"
"19338",0,0,NA,0,-1,"Low"
"19339",20088,20089,"Wind_Speed_kmh",15.09,1,NA
"19340",0,0,NA,0,-1,"Medium"
"19341",0,0,NA,0,-1,"Low"
"19342",0,0,NA,0,-1,"Low"
"19343",20090,20091,"Humidity",45.24,1,NA
"19344",0,0,NA,0,-1,"Low"
"19345",0,0,NA,0,-1,"Medium"
"19346",20092,20093,"Rainfall_mm",2307.065,1,NA
"19347",20094,20095,"Soil_Moisture",25.205,1,NA
"19348",20096,20097,"Region",15,1,NA
"19349",20098,20099,"Region",4,1,NA
"19350",20100,20101,"Wind_Speed_kmh",17.175,1,NA
"19351",20102,20103,"Temperature_C",15.195,1,NA
"19352",20104,20105,"Soil_Moisture",27.06,1,NA
"19353",20106,20107,"Crop_Type",1,1,NA
"19354",20108,20109,"Organic_Carbon",1.165,1,NA
"19355",0,0,NA,0,-1,"Medium"
"19356",20110,20111,"Organic_Carbon",0.795,1,NA
"19357",20112,20113,"Electrical_Conductivity",2.36,1,NA
"19358",0,0,NA,0,-1,"Low"
"19359",0,0,NA,0,-1,"Medium"
"19360",20114,20115,"Soil_Moisture",26.62,1,NA
"19361",0,0,NA,0,-1,"Low"
"19362",0,0,NA,0,-1,"Medium"
"19363",0,0,NA,0,-1,"Low"
"19364",0,0,NA,0,-1,"Low"
"19365",0,0,NA,0,-1,"Medium"
"19366",20116,20117,"Soil_Moisture",54.055,1,NA
"19367",20118,20119,"Soil_Moisture",26,1,NA
"19368",0,0,NA,0,-1,"Low"
"19369",20120,20121,"Rainfall_mm",1202.67,1,NA
"19370",0,0,NA,0,-1,"Low"
"19371",0,0,NA,0,-1,"Medium"
"19372",20122,20123,"Field_Area_hectare",7.96,1,NA
"19373",20124,20125,"Electrical_Conductivity",2.495,1,NA
"19374",0,0,NA,0,-1,"Low"
"19375",20126,20127,"Season",2,1,NA
"19376",20128,20129,"Field_Area_hectare",5.435,1,NA
"19377",0,0,NA,0,-1,"Low"
"19378",0,0,NA,0,-1,"Medium"
"19379",0,0,NA,0,-1,"Low"
"19380",0,0,NA,0,-1,"Low"
"19381",20130,20131,"Irrigation_Type",2,1,NA
"19382",20132,20133,"Electrical_Conductivity",1.735,1,NA
"19383",20134,20135,"Soil_Type",3,1,NA
"19384",0,0,NA,0,-1,"Medium"
"19385",0,0,NA,0,-1,"Low"
"19386",20136,20137,"Organic_Carbon",0.415,1,NA
"19387",20138,20139,"Soil_pH",7.515,1,NA
"19388",0,0,NA,0,-1,"Medium"
"19389",0,0,NA,0,-1,"Low"
"19390",0,0,NA,0,-1,"Medium"
"19391",0,0,NA,0,-1,"Low"
"19392",0,0,NA,0,-1,"Low"
"19393",0,0,NA,0,-1,"Medium"
"19394",20140,20141,"Field_Area_hectare",5.66,1,NA
"19395",0,0,NA,0,-1,"Low"
"19396",20142,20143,"Field_Area_hectare",14.015,1,NA
"19397",20144,20145,"Field_Area_hectare",1.43,1,NA
"19398",20146,20147,"Soil_Moisture",29.545,1,NA
"19399",20148,20149,"Soil_pH",5.045,1,NA
"19400",20150,20151,"Sunlight_Hours",4.225,1,NA
"19401",0,0,NA,0,-1,"Low"
"19402",20152,20153,"Wind_Speed_kmh",11.375,1,NA
"19403",20154,20155,"Temperature_C",15.82,1,NA
"19404",20156,20157,"Wind_Speed_kmh",13.35,1,NA
"19405",20158,20159,"Soil_Moisture",64.115,1,NA
"19406",0,0,NA,0,-1,"Low"
"19407",20160,20161,"Previous_Irrigation_mm",54.865,1,NA
"19408",0,0,NA,0,-1,"Low"
"19409",20162,20163,"Temperature_C",14.4,1,NA
"19410",20164,20165,"Soil_Moisture",53.57,1,NA
"19411",0,0,NA,0,-1,"Low"
"19412",0,0,NA,0,-1,"Medium"
"19413",0,0,NA,0,-1,"Low"
"19414",20166,20167,"Water_Source",3,1,NA
"19415",0,0,NA,0,-1,"Low"
"19416",20168,20169,"Organic_Carbon",1.185,1,NA
"19417",0,0,NA,0,-1,"Low"
"19418",20170,20171,"Rainfall_mm",1802.93,1,NA
"19419",0,0,NA,0,-1,"Low"
"19420",20172,20173,"Humidity",79.8,1,NA
"19421",0,0,NA,0,-1,"Low"
"19422",0,0,NA,0,-1,"Low"
"19423",20174,20175,"Organic_Carbon",1.085,1,NA
"19424",20176,20177,"Soil_pH",6.445,1,NA
"19425",20178,20179,"Temperature_C",25.905,1,NA
"19426",20180,20181,"Sunlight_Hours",4.51,1,NA
"19427",0,0,NA,0,-1,"Low"
"19428",0,0,NA,0,-1,"Low"
"19429",0,0,NA,0,-1,"Medium"
"19430",0,0,NA,0,-1,"Low"
"19431",0,0,NA,0,-1,"Medium"
"19432",0,0,NA,0,-1,"High"
"19433",0,0,NA,0,-1,"Medium"
"19434",20182,20183,"Wind_Speed_kmh",14.555,1,NA
"19435",0,0,NA,0,-1,"Medium"
"19436",0,0,NA,0,-1,"High"
"19437",0,0,NA,0,-1,"Medium"
"19438",0,0,NA,0,-1,"Medium"
"19439",0,0,NA,0,-1,"High"
"19440",20184,20185,"Crop_Type",1,1,NA
"19441",0,0,NA,0,-1,"High"
"19442",20186,20187,"Electrical_Conductivity",2.855,1,NA
"19443",0,0,NA,0,-1,"Medium"
"19444",0,0,NA,0,-1,"High"
"19445",0,0,NA,0,-1,"Medium"
"19446",0,0,NA,0,-1,"High"
"19447",0,0,NA,0,-1,"Medium"
"19448",0,0,NA,0,-1,"High"
"19449",0,0,NA,0,-1,"Medium"
"19450",0,0,NA,0,-1,"Medium"
"19451",0,0,NA,0,-1,"High"
"19452",20188,20189,"Organic_Carbon",0.965,1,NA
"19453",0,0,NA,0,-1,"Medium"
"19454",0,0,NA,0,-1,"High"
"19455",20190,20191,"Region",2,1,NA
"19456",20192,20193,"Rainfall_mm",1326.15,1,NA
"19457",0,0,NA,0,-1,"Medium"
"19458",0,0,NA,0,-1,"High"
"19459",0,0,NA,0,-1,"Medium"
"19460",20194,20195,"Sunlight_Hours",5.755,1,NA
"19461",0,0,NA,0,-1,"Medium"
"19462",0,0,NA,0,-1,"High"
"19463",0,0,NA,0,-1,"Medium"
"19464",20196,20197,"Wind_Speed_kmh",18.375,1,NA
"19465",20198,20199,"Rainfall_mm",1745.54,1,NA
"19466",20200,20201,"Soil_pH",7.665,1,NA
"19467",0,0,NA,0,-1,"Medium"
"19468",0,0,NA,0,-1,"Low"
"19469",0,0,NA,0,-1,"Medium"
"19470",0,0,NA,0,-1,"Low"
"19471",0,0,NA,0,-1,"Medium"
"19472",0,0,NA,0,-1,"Low"
"19473",0,0,NA,0,-1,"Medium"
"19474",20202,20203,"Rainfall_mm",1163.265,1,NA
"19475",20204,20205,"Humidity",26.525,1,NA
"19476",0,0,NA,0,-1,"Low"
"19477",0,0,NA,0,-1,"Medium"
"19478",0,0,NA,0,-1,"Medium"
"19479",20206,20207,"Soil_Type",7,1,NA
"19480",0,0,NA,0,-1,"Medium"
"19481",0,0,NA,0,-1,"Low"
"19482",20208,20209,"Soil_Moisture",50.68,1,NA
"19483",20210,20211,"Humidity",88.065,1,NA
"19484",0,0,NA,0,-1,"Medium"
"19485",20212,20213,"Soil_Moisture",54.325,1,NA
"19486",20214,20215,"Soil_Moisture",63.995,1,NA
"19487",0,0,NA,0,-1,"Medium"
"19488",0,0,NA,0,-1,"Low"
"19489",20216,20217,"Wind_Speed_kmh",19.375,1,NA
"19490",20218,20219,"Field_Area_hectare",3.38,1,NA
"19491",0,0,NA,0,-1,"Medium"
"19492",20220,20221,"Wind_Speed_kmh",16.395,1,NA
"19493",0,0,NA,0,-1,"Medium"
"19494",0,0,NA,0,-1,"Medium"
"19495",20222,20223,"Region",2,1,NA
"19496",20224,20225,"Soil_Moisture",29.415,1,NA
"19497",20226,20227,"Organic_Carbon",0.85,1,NA
"19498",0,0,NA,0,-1,"Low"
"19499",0,0,NA,0,-1,"Medium"
"19500",0,0,NA,0,-1,"Low"
"19501",0,0,NA,0,-1,"Medium"
"19502",20228,20229,"Electrical_Conductivity",1.51,1,NA
"19503",0,0,NA,0,-1,"Low"
"19504",0,0,NA,0,-1,"Medium"
"19505",20230,20231,"Soil_Moisture",61.17,1,NA
"19506",0,0,NA,0,-1,"Medium"
"19507",0,0,NA,0,-1,"Low"
"19508",20232,20233,"Soil_pH",5.21,1,NA
"19509",20234,20235,"Electrical_Conductivity",1.505,1,NA
"19510",0,0,NA,0,-1,"Medium"
"19511",0,0,NA,0,-1,"Low"
"19512",20236,20237,"Humidity",50.7,1,NA
"19513",20238,20239,"Electrical_Conductivity",3.36,1,NA
"19514",0,0,NA,0,-1,"Low"
"19515",0,0,NA,0,-1,"Medium"
"19516",20240,20241,"Soil_Moisture",45.795,1,NA
"19517",20242,20243,"Humidity",52.205,1,NA
"19518",20244,20245,"Previous_Irrigation_mm",18.815,1,NA
"19519",0,0,NA,0,-1,"Medium"
"19520",0,0,NA,0,-1,"Low"
"19521",0,0,NA,0,-1,"Medium"
"19522",0,0,NA,0,-1,"Medium"
"19523",0,0,NA,0,-1,"Low"
"19524",0,0,NA,0,-1,"Medium"
"19525",20246,20247,"Temperature_C",37.49,1,NA
"19526",20248,20249,"Temperature_C",40.63,1,NA
"19527",20250,20251,"Temperature_C",36.83,1,NA
"19528",20252,20253,"Organic_Carbon",1.47,1,NA
"19529",0,0,NA,0,-1,"Medium"
"19530",20254,20255,"Sunlight_Hours",8.875,1,NA
"19531",20256,20257,"Soil_Type",2,1,NA
"19532",20258,20259,"Irrigation_Type",4,1,NA
"19533",0,0,NA,0,-1,"Medium"
"19534",0,0,NA,0,-1,"Low"
"19535",0,0,NA,0,-1,"Medium"
"19536",0,0,NA,0,-1,"Low"
"19537",0,0,NA,0,-1,"Medium"
"19538",0,0,NA,0,-1,"Medium"
"19539",0,0,NA,0,-1,"Low"
"19540",20260,20261,"Soil_Type",4,1,NA
"19541",0,0,NA,0,-1,"Medium"
"19542",0,0,NA,0,-1,"Low"
"19543",0,0,NA,0,-1,"Medium"
"19544",20262,20263,"Rainfall_mm",1520.44,1,NA
"19545",0,0,NA,0,-1,"Low"
"19546",0,0,NA,0,-1,"Low"
"19547",0,0,NA,0,-1,"Medium"
"19548",0,0,NA,0,-1,"Low"
"19549",0,0,NA,0,-1,"Medium"
"19550",0,0,NA,0,-1,"Medium"
"19551",20264,20265,"Wind_Speed_kmh",1.25,1,NA
"19552",0,0,NA,0,-1,"Low"
"19553",0,0,NA,0,-1,"Medium"
"19554",20266,20267,"Previous_Irrigation_mm",88.425,1,NA
"19555",0,0,NA,0,-1,"Low"
"19556",0,0,NA,0,-1,"Medium"
"19557",0,0,NA,0,-1,"Low"
"19558",0,0,NA,0,-1,"Medium"
"19559",0,0,NA,0,-1,"Low"
"19560",20268,20269,"Previous_Irrigation_mm",52.545,1,NA
"19561",0,0,NA,0,-1,"Low"
"19562",20270,20271,"Field_Area_hectare",12.285,1,NA
"19563",0,0,NA,0,-1,"Medium"
"19564",0,0,NA,0,-1,"Medium"
"19565",0,0,NA,0,-1,"Low"
"19566",0,0,NA,0,-1,"Low"
"19567",0,0,NA,0,-1,"Medium"
"19568",0,0,NA,0,-1,"Medium"
"19569",20272,20273,"Soil_Moisture",23.395,1,NA
"19570",0,0,NA,0,-1,"Low"
"19571",0,0,NA,0,-1,"Medium"
"19572",20274,20275,"Organic_Carbon",0.585,1,NA
"19573",0,0,NA,0,-1,"Low"
"19574",0,0,NA,0,-1,"Medium"
"19575",0,0,NA,0,-1,"Low"
"19576",20276,20277,"Sunlight_Hours",10.055,1,NA
"19577",0,0,NA,0,-1,"Low"
"19578",0,0,NA,0,-1,"Low"
"19579",0,0,NA,0,-1,"Medium"
"19580",20278,20279,"Temperature_C",20.885,1,NA
"19581",0,0,NA,0,-1,"Low"
"19582",20280,20281,"Sunlight_Hours",6.385,1,NA
"19583",20282,20283,"Humidity",72.185,1,NA
"19584",0,0,NA,0,-1,"Medium"
"19585",0,0,NA,0,-1,"Low"
"19586",0,0,NA,0,-1,"Low"
"19587",0,0,NA,0,-1,"Medium"
"19588",0,0,NA,0,-1,"Medium"
"19589",20284,20285,"Crop_Type",12,1,NA
"19590",0,0,NA,0,-1,"Low"
"19591",0,0,NA,0,-1,"Medium"
"19592",0,0,NA,0,-1,"Medium"
"19593",0,0,NA,0,-1,"Low"
"19594",0,0,NA,0,-1,"Medium"
"19595",20286,20287,"Soil_Moisture",17.495,1,NA
"19596",0,0,NA,0,-1,"Medium"
"19597",0,0,NA,0,-1,"Low"
"19598",20288,20289,"Temperature_C",34.435,1,NA
"19599",0,0,NA,0,-1,"Medium"
"19600",0,0,NA,0,-1,"Medium"
"19601",0,0,NA,0,-1,"Low"
"19602",0,0,NA,0,-1,"Medium"
"19603",0,0,NA,0,-1,"Low"
"19604",0,0,NA,0,-1,"Low"
"19605",0,0,NA,0,-1,"Medium"
"19606",0,0,NA,0,-1,"Medium"
"19607",0,0,NA,0,-1,"Low"
"19608",20290,20291,"Field_Area_hectare",3.5,1,NA
"19609",20292,20293,"Wind_Speed_kmh",9.91,1,NA
"19610",20294,20295,"Soil_Moisture",24.05,1,NA
"19611",0,0,NA,0,-1,"Low"
"19612",20296,20297,"Temperature_C",37.165,1,NA
"19613",0,0,NA,0,-1,"Medium"
"19614",0,0,NA,0,-1,"Medium"
"19615",0,0,NA,0,-1,"Low"
"19616",0,0,NA,0,-1,"Medium"
"19617",0,0,NA,0,-1,"Low"
"19618",0,0,NA,0,-1,"Low"
"19619",20298,20299,"Temperature_C",31.89,1,NA
"19620",20300,20301,"Humidity",32.08,1,NA
"19621",0,0,NA,0,-1,"Low"
"19622",20302,20303,"Previous_Irrigation_mm",35.72,1,NA
"19623",0,0,NA,0,-1,"Low"
"19624",20304,20305,"Temperature_C",31.94,1,NA
"19625",0,0,NA,0,-1,"Low"
"19626",20306,20307,"Electrical_Conductivity",0.57,1,NA
"19627",0,0,NA,0,-1,"Low"
"19628",0,0,NA,0,-1,"Medium"
"19629",0,0,NA,0,-1,"Low"
"19630",0,0,NA,0,-1,"Medium"
"19631",0,0,NA,0,-1,"Low"
"19632",0,0,NA,0,-1,"Medium"
"19633",0,0,NA,0,-1,"Low"
"19634",0,0,NA,0,-1,"Low"
"19635",0,0,NA,0,-1,"Medium"
"19636",0,0,NA,0,-1,"Low"
"19637",0,0,NA,0,-1,"Medium"
"19638",0,0,NA,0,-1,"Medium"
"19639",0,0,NA,0,-1,"Low"
"19640",0,0,NA,0,-1,"Medium"
"19641",0,0,NA,0,-1,"Low"
"19642",20308,20309,"Rainfall_mm",1942.86,1,NA
"19643",0,0,NA,0,-1,"Medium"
"19644",0,0,NA,0,-1,"Low"
"19645",20310,20311,"Soil_Moisture",28.195,1,NA
"19646",0,0,NA,0,-1,"Medium"
"19647",0,0,NA,0,-1,"Low"
"19648",20312,20313,"Soil_Moisture",24.075,1,NA
"19649",20314,20315,"Rainfall_mm",1321.055,1,NA
"19650",0,0,NA,0,-1,"Low"
"19651",0,0,NA,0,-1,"Medium"
"19652",0,0,NA,0,-1,"Medium"
"19653",0,0,NA,0,-1,"Low"
"19654",20316,20317,"Electrical_Conductivity",2.13,1,NA
"19655",0,0,NA,0,-1,"Medium"
"19656",0,0,NA,0,-1,"Low"
"19657",0,0,NA,0,-1,"Medium"
"19658",0,0,NA,0,-1,"Low"
"19659",0,0,NA,0,-1,"Medium"
"19660",20318,20319,"Sunlight_Hours",9.81,1,NA
"19661",0,0,NA,0,-1,"Low"
"19662",20320,20321,"Soil_pH",4.925,1,NA
"19663",20322,20323,"Field_Area_hectare",9.46,1,NA
"19664",0,0,NA,0,-1,"Medium"
"19665",0,0,NA,0,-1,"Low"
"19666",0,0,NA,0,-1,"Medium"
"19667",0,0,NA,0,-1,"Low"
"19668",0,0,NA,0,-1,"Medium"
"19669",0,0,NA,0,-1,"Low"
"19670",0,0,NA,0,-1,"Low"
"19671",0,0,NA,0,-1,"Medium"
"19672",0,0,NA,0,-1,"Low"
"19673",20324,20325,"Soil_Moisture",18.02,1,NA
"19674",0,0,NA,0,-1,"Low"
"19675",0,0,NA,0,-1,"Medium"
"19676",0,0,NA,0,-1,"Medium"
"19677",0,0,NA,0,-1,"Low"
"19678",20326,20327,"Soil_Moisture",38.615,1,NA
"19679",0,0,NA,0,-1,"Low"
"19680",0,0,NA,0,-1,"Medium"
"19681",0,0,NA,0,-1,"Low"
"19682",0,0,NA,0,-1,"Low"
"19683",0,0,NA,0,-1,"Medium"
"19684",0,0,NA,0,-1,"Low"
"19685",20328,20329,"Wind_Speed_kmh",16.38,1,NA
"19686",0,0,NA,0,-1,"Medium"
"19687",0,0,NA,0,-1,"Low"
"19688",20330,20331,"Soil_Type",1,1,NA
"19689",20332,20333,"Rainfall_mm",1590.745,1,NA
"19690",0,0,NA,0,-1,"Low"
"19691",0,0,NA,0,-1,"Medium"
"19692",0,0,NA,0,-1,"Medium"
"19693",0,0,NA,0,-1,"Low"
"19694",0,0,NA,0,-1,"Low"
"19695",0,0,NA,0,-1,"Medium"
"19696",0,0,NA,0,-1,"Low"
"19697",0,0,NA,0,-1,"Medium"
"19698",0,0,NA,0,-1,"Low"
"19699",0,0,NA,0,-1,"Medium"
"19700",0,0,NA,0,-1,"Medium"
"19701",0,0,NA,0,-1,"Low"
"19702",0,0,NA,0,-1,"Low"
"19703",20334,20335,"Previous_Irrigation_mm",108.9,1,NA
"19704",20336,20337,"Previous_Irrigation_mm",73.895,1,NA
"19705",0,0,NA,0,-1,"Medium"
"19706",20338,20339,"Temperature_C",36.55,1,NA
"19707",20340,20341,"Previous_Irrigation_mm",113.515,1,NA
"19708",0,0,NA,0,-1,"Medium"
"19709",0,0,NA,0,-1,"Low"
"19710",0,0,NA,0,-1,"Medium"
"19711",0,0,NA,0,-1,"Low"
"19712",0,0,NA,0,-1,"Medium"
"19713",0,0,NA,0,-1,"Low"
"19714",0,0,NA,0,-1,"Medium"
"19715",20342,20343,"Season",3,1,NA
"19716",0,0,NA,0,-1,"Medium"
"19717",0,0,NA,0,-1,"Low"
"19718",0,0,NA,0,-1,"Low"
"19719",20344,20345,"Electrical_Conductivity",0.875,1,NA
"19720",20346,20347,"Soil_Moisture",13.67,1,NA
"19721",0,0,NA,0,-1,"Medium"
"19722",0,0,NA,0,-1,"Medium"
"19723",20348,20349,"Region",2,1,NA
"19724",0,0,NA,0,-1,"Medium"
"19725",20350,20351,"Electrical_Conductivity",0.77,1,NA
"19726",0,0,NA,0,-1,"Medium"
"19727",0,0,NA,0,-1,"Low"
"19728",20352,20353,"Wind_Speed_kmh",18.86,1,NA
"19729",20354,20355,"Soil_Moisture",57.705,1,NA
"19730",0,0,NA,0,-1,"Low"
"19731",0,0,NA,0,-1,"Medium"
"19732",20356,20357,"Field_Area_hectare",1.06,1,NA
"19733",0,0,NA,0,-1,"Low"
"19734",20358,20359,"Wind_Speed_kmh",15.43,1,NA
"19735",0,0,NA,0,-1,"Low"
"19736",20360,20361,"Soil_Moisture",27.485,1,NA
"19737",20362,20363,"Wind_Speed_kmh",16.475,1,NA
"19738",20364,20365,"Temperature_C",32.045,1,NA
"19739",20366,20367,"Region",15,1,NA
"19740",20368,20369,"Humidity",75.7,1,NA
"19741",0,0,NA,0,-1,"Low"
"19742",20370,20371,"Soil_Moisture",56.69,1,NA
"19743",20372,20373,"Field_Area_hectare",10.565,1,NA
"19744",20374,20375,"Previous_Irrigation_mm",95.57,1,NA
"19745",20376,20377,"Rainfall_mm",1203.1,1,NA
"19746",0,0,NA,0,-1,"Low"
"19747",0,0,NA,0,-1,"Medium"
"19748",20378,20379,"Temperature_C",37.31,1,NA
"19749",0,0,NA,0,-1,"Medium"
"19750",20380,20381,"Wind_Speed_kmh",19.68,1,NA
"19751",20382,20383,"Electrical_Conductivity",0.46,1,NA
"19752",0,0,NA,0,-1,"Low"
"19753",0,0,NA,0,-1,"Medium"
"19754",20384,20385,"Temperature_C",31.445,1,NA
"19755",20386,20387,"Organic_Carbon",1.515,1,NA
"19756",0,0,NA,0,-1,"Medium"
"19757",0,0,NA,0,-1,"Low"
"19758",0,0,NA,0,-1,"Medium"
"19759",0,0,NA,0,-1,"Low"
"19760",0,0,NA,0,-1,"Low"
"19761",20388,20389,"Electrical_Conductivity",1.695,1,NA
"19762",0,0,NA,0,-1,"Low"
"19763",0,0,NA,0,-1,"Medium"
"19764",0,0,NA,0,-1,"Low"
"19765",20390,20391,"Previous_Irrigation_mm",94.7,1,NA
"19766",0,0,NA,0,-1,"Medium"
"19767",0,0,NA,0,-1,"Low"
"19768",20392,20393,"Humidity",46.21,1,NA
"19769",0,0,NA,0,-1,"Medium"
"19770",20394,20395,"Soil_Moisture",63.325,1,NA
"19771",0,0,NA,0,-1,"Low"
"19772",0,0,NA,0,-1,"Low"
"19773",0,0,NA,0,-1,"Medium"
"19774",0,0,NA,0,-1,"Low"
"19775",20396,20397,"Organic_Carbon",0.625,1,NA
"19776",0,0,NA,0,-1,"Low"
"19777",20398,20399,"Soil_pH",5.73,1,NA
"19778",0,0,NA,0,-1,"Low"
"19779",20400,20401,"Sunlight_Hours",6.79,1,NA
"19780",20402,20403,"Crop_Type",16,1,NA
"19781",0,0,NA,0,-1,"Low"
"19782",0,0,NA,0,-1,"Low"
"19783",20404,20405,"Rainfall_mm",1010.05,1,NA
"19784",0,0,NA,0,-1,"Medium"
"19785",20406,20407,"Crop_Type",8,1,NA
"19786",20408,20409,"Temperature_C",16.825,1,NA
"19787",0,0,NA,0,-1,"Low"
"19788",0,0,NA,0,-1,"Low"
"19789",0,0,NA,0,-1,"Medium"
"19790",20410,20411,"Soil_Moisture",56.555,1,NA
"19791",0,0,NA,0,-1,"Medium"
"19792",0,0,NA,0,-1,"Medium"
"19793",20412,20413,"Organic_Carbon",0.91,1,NA
"19794",0,0,NA,0,-1,"Medium"
"19795",0,0,NA,0,-1,"Low"
"19796",0,0,NA,0,-1,"Low"
"19797",0,0,NA,0,-1,"Medium"
"19798",0,0,NA,0,-1,"Medium"
"19799",20414,20415,"Irrigation_Type",3,1,NA
"19800",0,0,NA,0,-1,"Low"
"19801",0,0,NA,0,-1,"Medium"
"19802",0,0,NA,0,-1,"Low"
"19803",0,0,NA,0,-1,"Medium"
"19804",20416,20417,"Organic_Carbon",1.455,1,NA
"19805",20418,20419,"Sunlight_Hours",4.31,1,NA
"19806",20420,20421,"Crop_Type",30,1,NA
"19807",20422,20423,"Rainfall_mm",1183.905,1,NA
"19808",20424,20425,"Soil_pH",6.645,1,NA
"19809",20426,20427,"Crop_Type",1,1,NA
"19810",20428,20429,"Soil_pH",5.165,1,NA
"19811",0,0,NA,0,-1,"Low"
"19812",0,0,NA,0,-1,"Low"
"19813",20430,20431,"Humidity",91.755,1,NA
"19814",20432,20433,"Region",4,1,NA
"19815",0,0,NA,0,-1,"Low"
"19816",0,0,NA,0,-1,"Medium"
"19817",20434,20435,"Region",12,1,NA
"19818",20436,20437,"Crop_Type",1,1,NA
"19819",20438,20439,"Field_Area_hectare",2.085,1,NA
"19820",0,0,NA,0,-1,"Low"
"19821",20440,20441,"Soil_Type",2,1,NA
"19822",0,0,NA,0,-1,"Low"
"19823",20442,20443,"Irrigation_Type",2,1,NA
"19824",20444,20445,"Wind_Speed_kmh",9.24,1,NA
"19825",20446,20447,"Crop_Type",2,1,NA
"19826",20448,20449,"Sunlight_Hours",8.035,1,NA
"19827",20450,20451,"Electrical_Conductivity",2.775,1,NA
"19828",20452,20453,"Rainfall_mm",1611.635,1,NA
"19829",20454,20455,"Previous_Irrigation_mm",87.89,1,NA
"19830",20456,20457,"Previous_Irrigation_mm",51.93,1,NA
"19831",0,0,NA,0,-1,"Low"
"19832",20458,20459,"Field_Area_hectare",5.43,1,NA
"19833",20460,20461,"Electrical_Conductivity",1.86,1,NA
"19834",0,0,NA,0,-1,"Medium"
"19835",0,0,NA,0,-1,"Low"
"19836",20462,20463,"Soil_Type",3,1,NA
"19837",0,0,NA,0,-1,"Medium"
"19838",20464,20465,"Temperature_C",29.575,1,NA
"19839",0,0,NA,0,-1,"Low"
"19840",0,0,NA,0,-1,"Medium"
"19841",0,0,NA,0,-1,"Low"
"19842",0,0,NA,0,-1,"Low"
"19843",20466,20467,"Humidity",80.215,1,NA
"19844",20468,20469,"Organic_Carbon",0.815,1,NA
"19845",0,0,NA,0,-1,"Low"
"19846",0,0,NA,0,-1,"Low"
"19847",20470,20471,"Crop_Type",1,1,NA
"19848",0,0,NA,0,-1,"Low"
"19849",20472,20473,"Crop_Type",9,1,NA
"19850",20474,20475,"Temperature_C",26.965,1,NA
"19851",20476,20477,"Field_Area_hectare",11.655,1,NA
"19852",20478,20479,"Sunlight_Hours",6.705,1,NA
"19853",0,0,NA,0,-1,"Low"
"19854",20480,20481,"Humidity",25.38,1,NA
"19855",20482,20483,"Soil_pH",6.005,1,NA
"19856",20484,20485,"Humidity",80.27,1,NA
"19857",20486,20487,"Wind_Speed_kmh",3.975,1,NA
"19858",0,0,NA,0,-1,"Low"
"19859",0,0,NA,0,-1,"Medium"
"19860",0,0,NA,0,-1,"Medium"
"19861",0,0,NA,0,-1,"Low"
"19862",0,0,NA,0,-1,"Low"
"19863",0,0,NA,0,-1,"Medium"
"19864",0,0,NA,0,-1,"Medium"
"19865",0,0,NA,0,-1,"Low"
"19866",0,0,NA,0,-1,"Low"
"19867",0,0,NA,0,-1,"Medium"
"19868",20488,20489,"Temperature_C",29.625,1,NA
"19869",20490,20491,"Region",1,1,NA
"19870",0,0,NA,0,-1,"Medium"
"19871",20492,20493,"Sunlight_Hours",10.6,1,NA
"19872",20494,20495,"Humidity",55.825,1,NA
"19873",0,0,NA,0,-1,"Low"
"19874",0,0,NA,0,-1,"Medium"
"19875",0,0,NA,0,-1,"Low"
"19876",0,0,NA,0,-1,"Medium"
"19877",0,0,NA,0,-1,"Low"
"19878",0,0,NA,0,-1,"Medium"
"19879",20496,20497,"Rainfall_mm",2012.03,1,NA
"19880",20498,20499,"Rainfall_mm",1580.69,1,NA
"19881",0,0,NA,0,-1,"Medium"
"19882",0,0,NA,0,-1,"Medium"
"19883",0,0,NA,0,-1,"High"
"19884",0,0,NA,0,-1,"Medium"
"19885",20500,20501,"Previous_Irrigation_mm",88.205,1,NA
"19886",0,0,NA,0,-1,"Medium"
"19887",0,0,NA,0,-1,"High"
"19888",0,0,NA,0,-1,"Medium"
"19889",20502,20503,"Field_Area_hectare",3.935,1,NA
"19890",0,0,NA,0,-1,"Medium"
"19891",0,0,NA,0,-1,"High"
"19892",20504,20505,"Organic_Carbon",0.6,1,NA
"19893",0,0,NA,0,-1,"Medium"
"19894",20506,20507,"Rainfall_mm",667.76,1,NA
"19895",20508,20509,"Previous_Irrigation_mm",3.235,1,NA
"19896",0,0,NA,0,-1,"Medium"
"19897",0,0,NA,0,-1,"High"
"19898",0,0,NA,0,-1,"High"
"19899",0,0,NA,0,-1,"Medium"
"19900",20510,20511,"Wind_Speed_kmh",11.715,1,NA
"19901",20512,20513,"Previous_Irrigation_mm",96.755,1,NA
"19902",20514,20515,"Region",14,1,NA
"19903",20516,20517,"Previous_Irrigation_mm",67.46,1,NA
"19904",0,0,NA,0,-1,"Medium"
"19905",20518,20519,"Region",1,1,NA
"19906",0,0,NA,0,-1,"Medium"
"19907",0,0,NA,0,-1,"High"
"19908",0,0,NA,0,-1,"High"
"19909",0,0,NA,0,-1,"Medium"
"19910",20520,20521,"Temperature_C",19.605,1,NA
"19911",0,0,NA,0,-1,"Medium"
"19912",0,0,NA,0,-1,"Medium"
"19913",20522,20523,"Irrigation_Type",1,1,NA
"19914",20524,20525,"Previous_Irrigation_mm",77.205,1,NA
"19915",20526,20527,"Irrigation_Type",4,1,NA
"19916",20528,20529,"Wind_Speed_kmh",11.275,1,NA
"19917",0,0,NA,0,-1,"Medium"
"19918",0,0,NA,0,-1,"Medium"
"19919",20530,20531,"Soil_Moisture",24.07,1,NA
"19920",0,0,NA,0,-1,"High"
"19921",0,0,NA,0,-1,"Medium"
"19922",0,0,NA,0,-1,"High"
"19923",0,0,NA,0,-1,"Medium"
"19924",0,0,NA,0,-1,"High"
"19925",20532,20533,"Field_Area_hectare",3.735,1,NA
"19926",20534,20535,"Electrical_Conductivity",3.055,1,NA
"19927",0,0,NA,0,-1,"Medium"
"19928",0,0,NA,0,-1,"High"
"19929",20536,20537,"Sunlight_Hours",5.29,1,NA
"19930",20538,20539,"Previous_Irrigation_mm",66.075,1,NA
"19931",0,0,NA,0,-1,"High"
"19932",20540,20541,"Soil_Moisture",24.18,1,NA
"19933",20542,20543,"Crop_Type",4,1,NA
"19934",0,0,NA,0,-1,"High"
"19935",0,0,NA,0,-1,"Medium"
"19936",0,0,NA,0,-1,"High"
"19937",0,0,NA,0,-1,"Medium"
"19938",0,0,NA,0,-1,"Medium"
"19939",0,0,NA,0,-1,"Low"
"19940",0,0,NA,0,-1,"Low"
"19941",20544,20545,"Region",1,1,NA
"19942",20546,20547,"Season",1,1,NA
"19943",0,0,NA,0,-1,"Medium"
"19944",0,0,NA,0,-1,"Medium"
"19945",0,0,NA,0,-1,"Low"
"19946",20548,20549,"Soil_pH",6.87,1,NA
"19947",0,0,NA,0,-1,"Medium"
"19948",20550,20551,"Wind_Speed_kmh",0.67,1,NA
"19949",20552,20553,"Soil_Moisture",23.71,1,NA
"19950",20554,20555,"Crop_Type",8,1,NA
"19951",0,0,NA,0,-1,"Low"
"19952",20556,20557,"Organic_Carbon",0.46,1,NA
"19953",0,0,NA,0,-1,"Medium"
"19954",20558,20559,"Soil_Moisture",27.48,1,NA
"19955",20560,20561,"Wind_Speed_kmh",1.1,1,NA
"19956",20562,20563,"Soil_Moisture",23.9,1,NA
"19957",0,0,NA,0,-1,"Medium"
"19958",20564,20565,"Previous_Irrigation_mm",110.105,1,NA
"19959",20566,20567,"Soil_Moisture",27.32,1,NA
"19960",20568,20569,"Crop_Type",1,1,NA
"19961",0,0,NA,0,-1,"Medium"
"19962",20570,20571,"Field_Area_hectare",7.78,1,NA
"19963",0,0,NA,0,-1,"Low"
"19964",0,0,NA,0,-1,"Low"
"19965",0,0,NA,0,-1,"Medium"
"19966",20572,20573,"Soil_Moisture",26.555,1,NA
"19967",0,0,NA,0,-1,"Low"
"19968",20574,20575,"Irrigation_Type",2,1,NA
"19969",0,0,NA,0,-1,"Low"
"19970",0,0,NA,0,-1,"Medium"
"19971",0,0,NA,0,-1,"Low"
"19972",0,0,NA,0,-1,"Low"
"19973",20576,20577,"Electrical_Conductivity",2.37,1,NA
"19974",0,0,NA,0,-1,"Low"
"19975",20578,20579,"Temperature_C",33.23,1,NA
"19976",0,0,NA,0,-1,"Low"
"19977",0,0,NA,0,-1,"Medium"
"19978",0,0,NA,0,-1,"Medium"
"19979",0,0,NA,0,-1,"Low"
"19980",0,0,NA,0,-1,"Low"
"19981",20580,20581,"Soil_pH",6.575,1,NA
"19982",0,0,NA,0,-1,"Low"
"19983",0,0,NA,0,-1,"Medium"
"19984",20582,20583,"Wind_Speed_kmh",8.445,1,NA
"19985",0,0,NA,0,-1,"Medium"
"19986",20584,20585,"Electrical_Conductivity",1.46,1,NA
"19987",0,0,NA,0,-1,"Low"
"19988",0,0,NA,0,-1,"Medium"
"19989",0,0,NA,0,-1,"Low"
"19990",0,0,NA,0,-1,"Medium"
"19991",20586,20587,"Soil_Moisture",60.76,1,NA
"19992",0,0,NA,0,-1,"Medium"
"19993",0,0,NA,0,-1,"Low"
"19994",0,0,NA,0,-1,"Medium"
"19995",0,0,NA,0,-1,"Low"
"19996",20588,20589,"Field_Area_hectare",3.085,1,NA
"19997",20590,20591,"Temperature_C",38.385,1,NA
"19998",20592,20593,"Soil_pH",5.175,1,NA
"19999",0,0,NA,0,-1,"Low"
"20000",0,0,NA,0,-1,"Medium"
"20001",0,0,NA,0,-1,"Low"
"20002",0,0,NA,0,-1,"Low"
"20003",20594,20595,"Field_Area_hectare",3.245,1,NA
"20004",0,0,NA,0,-1,"Low"
"20005",0,0,NA,0,-1,"Medium"
"20006",0,0,NA,0,-1,"Low"
"20007",0,0,NA,0,-1,"Medium"
"20008",0,0,NA,0,-1,"Low"
"20009",0,0,NA,0,-1,"Medium"
"20010",0,0,NA,0,-1,"Medium"
"20011",0,0,NA,0,-1,"Low"
"20012",20596,20597,"Humidity",48.73,1,NA
"20013",0,0,NA,0,-1,"Medium"
"20014",0,0,NA,0,-1,"Medium"
"20015",0,0,NA,0,-1,"Low"
"20016",20598,20599,"Temperature_C",35.265,1,NA
"20017",0,0,NA,0,-1,"Medium"
"20018",20600,20601,"Field_Area_hectare",7.485,1,NA
"20019",20602,20603,"Field_Area_hectare",12.935,1,NA
"20020",0,0,NA,0,-1,"Medium"
"20021",0,0,NA,0,-1,"Low"
"20022",0,0,NA,0,-1,"Low"
"20023",20604,20605,"Region",4,1,NA
"20024",0,0,NA,0,-1,"Medium"
"20025",0,0,NA,0,-1,"Low"
"20026",0,0,NA,0,-1,"Medium"
"20027",20606,20607,"Soil_Moisture",61.705,1,NA
"20028",20608,20609,"Temperature_C",37.705,1,NA
"20029",20610,20611,"Crop_Growth_Stage",1,1,NA
"20030",0,0,NA,0,-1,"Medium"
"20031",0,0,NA,0,-1,"Low"
"20032",20612,20613,"Soil_pH",6.685,1,NA
"20033",0,0,NA,0,-1,"Low"
"20034",20614,20615,"Humidity",71.855,1,NA
"20035",0,0,NA,0,-1,"Medium"
"20036",0,0,NA,0,-1,"Low"
"20037",20616,20617,"Electrical_Conductivity",2.025,1,NA
"20038",0,0,NA,0,-1,"Medium"
"20039",0,0,NA,0,-1,"Low"
"20040",0,0,NA,0,-1,"Low"
"20041",20618,20619,"Wind_Speed_kmh",11.265,1,NA
"20042",0,0,NA,0,-1,"Medium"
"20043",0,0,NA,0,-1,"Low"
"20044",0,0,NA,0,-1,"Low"
"20045",0,0,NA,0,-1,"Medium"
"20046",0,0,NA,0,-1,"Medium"
"20047",0,0,NA,0,-1,"Low"
"20048",20620,20621,"Field_Area_hectare",8.615,1,NA
"20049",0,0,NA,0,-1,"Low"
"20050",0,0,NA,0,-1,"Medium"
"20051",0,0,NA,0,-1,"Low"
"20052",20622,20623,"Humidity",75.845,1,NA
"20053",20624,20625,"Organic_Carbon",1.155,1,NA
"20054",0,0,NA,0,-1,"Medium"
"20055",0,0,NA,0,-1,"Low"
"20056",0,0,NA,0,-1,"Medium"
"20057",0,0,NA,0,-1,"Low"
"20058",0,0,NA,0,-1,"Low"
"20059",20626,20627,"Field_Area_hectare",4.005,1,NA
"20060",0,0,NA,0,-1,"Medium"
"20061",0,0,NA,0,-1,"Low"
"20062",0,0,NA,0,-1,"Medium"
"20063",0,0,NA,0,-1,"Low"
"20064",0,0,NA,0,-1,"Medium"
"20065",0,0,NA,0,-1,"Low"
"20066",20628,20629,"Organic_Carbon",0.415,1,NA
"20067",20630,20631,"Sunlight_Hours",9.175,1,NA
"20068",20632,20633,"Temperature_C",16.405,1,NA
"20069",0,0,NA,0,-1,"Low"
"20070",0,0,NA,0,-1,"Low"
"20071",0,0,NA,0,-1,"Medium"
"20072",0,0,NA,0,-1,"Low"
"20073",20634,20635,"Soil_Moisture",52.695,1,NA
"20074",0,0,NA,0,-1,"Medium"
"20075",0,0,NA,0,-1,"Low"
"20076",0,0,NA,0,-1,"Low"
"20077",0,0,NA,0,-1,"Medium"
"20078",0,0,NA,0,-1,"Medium"
"20079",0,0,NA,0,-1,"Low"
"20080",0,0,NA,0,-1,"Medium"
"20081",0,0,NA,0,-1,"Low"
"20082",0,0,NA,0,-1,"Medium"
"20083",0,0,NA,0,-1,"Low"
"20084",0,0,NA,0,-1,"Low"
"20085",0,0,NA,0,-1,"Medium"
"20086",0,0,NA,0,-1,"Medium"
"20087",20636,20637,"Temperature_C",27.555,1,NA
"20088",20638,20639,"Region",1,1,NA
"20089",0,0,NA,0,-1,"Low"
"20090",0,0,NA,0,-1,"Low"
"20091",0,0,NA,0,-1,"Medium"
"20092",20640,20641,"Irrigation_Type",1,1,NA
"20093",0,0,NA,0,-1,"Medium"
"20094",0,0,NA,0,-1,"Low"
"20095",0,0,NA,0,-1,"Medium"
"20096",0,0,NA,0,-1,"Low"
"20097",20642,20643,"Electrical_Conductivity",2.765,1,NA
"20098",20644,20645,"Rainfall_mm",1124.215,1,NA
"20099",0,0,NA,0,-1,"Low"
"20100",20646,20647,"Soil_Moisture",46.655,1,NA
"20101",0,0,NA,0,-1,"Low"
"20102",20648,20649,"Wind_Speed_kmh",19.06,1,NA
"20103",20650,20651,"Irrigation_Type",1,1,NA
"20104",20652,20653,"Wind_Speed_kmh",14.095,1,NA
"20105",0,0,NA,0,-1,"Low"
"20106",20654,20655,"Soil_pH",6.56,1,NA
"20107",0,0,NA,0,-1,"Low"
"20108",0,0,NA,0,-1,"Low"
"20109",20656,20657,"Field_Area_hectare",11.64,1,NA
"20110",20658,20659,"Electrical_Conductivity",1.995,1,NA
"20111",0,0,NA,0,-1,"Low"
"20112",20660,20661,"Region",14,1,NA
"20113",0,0,NA,0,-1,"Low"
"20114",20662,20663,"Field_Area_hectare",10.495,1,NA
"20115",0,0,NA,0,-1,"Low"
"20116",0,0,NA,0,-1,"Low"
"20117",20664,20665,"Temperature_C",12.905,1,NA
"20118",20666,20667,"Rainfall_mm",2173.655,1,NA
"20119",20668,20669,"Season",3,1,NA
"20120",0,0,NA,0,-1,"Medium"
"20121",20670,20671,"Soil_Moisture",62.54,1,NA
"20122",0,0,NA,0,-1,"Medium"
"20123",0,0,NA,0,-1,"Low"
"20124",0,0,NA,0,-1,"Low"
"20125",20672,20673,"Region",2,1,NA
"20126",0,0,NA,0,-1,"Medium"
"20127",0,0,NA,0,-1,"Low"
"20128",20674,20675,"Temperature_C",29.145,1,NA
"20129",20676,20677,"Humidity",74.725,1,NA
"20130",20678,20679,"Field_Area_hectare",4.915,1,NA
"20131",0,0,NA,0,-1,"Low"
"20132",20680,20681,"Rainfall_mm",892.35,1,NA
"20133",20682,20683,"Temperature_C",29.49,1,NA
"20134",20684,20685,"Sunlight_Hours",7.885,1,NA
"20135",20686,20687,"Rainfall_mm",2379.365,1,NA
"20136",20688,20689,"Organic_Carbon",0.405,1,NA
"20137",20690,20691,"Sunlight_Hours",7.95,1,NA
"20138",20692,20693,"Sunlight_Hours",5.16,1,NA
"20139",20694,20695,"Electrical_Conductivity",1.945,1,NA
"20140",20696,20697,"Irrigation_Type",6,1,NA
"20141",20698,20699,"Soil_Moisture",26.48,1,NA
"20142",20700,20701,"Sunlight_Hours",8.635,1,NA
"20143",20702,20703,"Irrigation_Type",2,1,NA
"20144",20704,20705,"Previous_Irrigation_mm",74.25,1,NA
"20145",0,0,NA,0,-1,"Low"
"20146",0,0,NA,0,-1,"Low"
"20147",0,0,NA,0,-1,"Medium"
"20148",20706,20707,"Sunlight_Hours",6.985,1,NA
"20149",0,0,NA,0,-1,"Low"
"20150",20708,20709,"Wind_Speed_kmh",16.645,1,NA
"20151",0,0,NA,0,-1,"Low"
"20152",20710,20711,"Organic_Carbon",0.745,1,NA
"20153",0,0,NA,0,-1,"Medium"
"20154",20712,20713,"Temperature_C",15.78,1,NA
"20155",0,0,NA,0,-1,"Low"
"20156",0,0,NA,0,-1,"Low"
"20157",0,0,NA,0,-1,"Medium"
"20158",20714,20715,"Sunlight_Hours",4.105,1,NA
"20159",0,0,NA,0,-1,"Medium"
"20160",0,0,NA,0,-1,"Low"
"20161",20716,20717,"Humidity",76.5,1,NA
"20162",20718,20719,"Humidity",77.08,1,NA
"20163",0,0,NA,0,-1,"Low"
"20164",0,0,NA,0,-1,"Low"
"20165",20720,20721,"Rainfall_mm",1779.005,1,NA
"20166",0,0,NA,0,-1,"Low"
"20167",20722,20723,"Irrigation_Type",1,1,NA
"20168",0,0,NA,0,-1,"Low"
"20169",0,0,NA,0,-1,"Medium"
"20170",0,0,NA,0,-1,"Low"
"20171",20724,20725,"Soil_pH",5.235,1,NA
"20172",0,0,NA,0,-1,"Low"
"20173",20726,20727,"Organic_Carbon",0.565,1,NA
"20174",20728,20729,"Soil_pH",6.805,1,NA
"20175",0,0,NA,0,-1,"Low"
"20176",20730,20731,"Organic_Carbon",1.205,1,NA
"20177",20732,20733,"Previous_Irrigation_mm",100.63,1,NA
"20178",20734,20735,"Sunlight_Hours",7.585,1,NA
"20179",20736,20737,"Organic_Carbon",0.575,1,NA
"20180",0,0,NA,0,-1,"Medium"
"20181",20738,20739,"Electrical_Conductivity",3.325,1,NA
"20182",0,0,NA,0,-1,"High"
"20183",0,0,NA,0,-1,"Medium"
"20184",20740,20741,"Rainfall_mm",895.44,1,NA
"20185",0,0,NA,0,-1,"Medium"
"20186",0,0,NA,0,-1,"Medium"
"20187",20742,20743,"Water_Source",2,1,NA
"20188",0,0,NA,0,-1,"Medium"
"20189",0,0,NA,0,-1,"High"
"20190",20744,20745,"Soil_pH",6.405,1,NA
"20191",0,0,NA,0,-1,"Medium"
"20192",20746,20747,"Previous_Irrigation_mm",8.11,1,NA
"20193",0,0,NA,0,-1,"High"
"20194",0,0,NA,0,-1,"High"
"20195",0,0,NA,0,-1,"Medium"
"20196",20748,20749,"Humidity",62.22,1,NA
"20197",20750,20751,"Wind_Speed_kmh",18.6,1,NA
"20198",0,0,NA,0,-1,"Medium"
"20199",0,0,NA,0,-1,"High"
"20200",0,0,NA,0,-1,"High"
"20201",0,0,NA,0,-1,"Medium"
"20202",20752,20753,"Rainfall_mm",893.92,1,NA
"20203",0,0,NA,0,-1,"Medium"
"20204",20754,20755,"Electrical_Conductivity",0.265,1,NA
"20205",20756,20757,"Organic_Carbon",0.725,1,NA
"20206",20758,20759,"Wind_Speed_kmh",18.95,1,NA
"20207",20760,20761,"Temperature_C",30.79,1,NA
"20208",0,0,NA,0,-1,"Low"
"20209",0,0,NA,0,-1,"Medium"
"20210",0,0,NA,0,-1,"Medium"
"20211",20762,20763,"Irrigation_Type",1,1,NA
"20212",0,0,NA,0,-1,"Low"
"20213",0,0,NA,0,-1,"Medium"
"20214",0,0,NA,0,-1,"Low"
"20215",0,0,NA,0,-1,"Medium"
"20216",0,0,NA,0,-1,"Low"
"20217",0,0,NA,0,-1,"Medium"
"20218",0,0,NA,0,-1,"Low"
"20219",20764,20765,"Region",8,1,NA
"20220",0,0,NA,0,-1,"Low"
"20221",0,0,NA,0,-1,"Medium"
"20222",0,0,NA,0,-1,"Low"
"20223",0,0,NA,0,-1,"Medium"
"20224",20766,20767,"Humidity",62.13,1,NA
"20225",0,0,NA,0,-1,"Medium"
"20226",20768,20769,"Electrical_Conductivity",2.89,1,NA
"20227",0,0,NA,0,-1,"Medium"
"20228",0,0,NA,0,-1,"Low"
"20229",20770,20771,"Soil_Moisture",40.855,1,NA
"20230",0,0,NA,0,-1,"Medium"
"20231",0,0,NA,0,-1,"Low"
"20232",20772,20773,"Wind_Speed_kmh",13.31,1,NA
"20233",0,0,NA,0,-1,"Medium"
"20234",0,0,NA,0,-1,"Medium"
"20235",0,0,NA,0,-1,"Low"
"20236",0,0,NA,0,-1,"Medium"
"20237",0,0,NA,0,-1,"Low"
"20238",20774,20775,"Soil_pH",5.645,1,NA
"20239",20776,20777,"Irrigation_Type",7,1,NA
"20240",20778,20779,"Organic_Carbon",0.605,1,NA
"20241",0,0,NA,0,-1,"Medium"
"20242",0,0,NA,0,-1,"Low"
"20243",20780,20781,"Electrical_Conductivity",1.69,1,NA
"20244",0,0,NA,0,-1,"Low"
"20245",0,0,NA,0,-1,"Medium"
"20246",0,0,NA,0,-1,"Low"
"20247",0,0,NA,0,-1,"Medium"
"20248",0,0,NA,0,-1,"Medium"
"20249",20782,20783,"Soil_pH",7.875,1,NA
"20250",20784,20785,"Wind_Speed_kmh",17.72,1,NA
"20251",20786,20787,"Field_Area_hectare",5.585,1,NA
"20252",20788,20789,"Crop_Type",4,1,NA
"20253",20790,20791,"Organic_Carbon",1.525,1,NA
"20254",0,0,NA,0,-1,"Medium"
"20255",0,0,NA,0,-1,"Low"
"20256",20792,20793,"Temperature_C",38.58,1,NA
"20257",0,0,NA,0,-1,"Medium"
"20258",20794,20795,"Soil_pH",6.985,1,NA
"20259",0,0,NA,0,-1,"Medium"
"20260",20796,20797,"Water_Source",2,1,NA
"20261",0,0,NA,0,-1,"Medium"
"20262",0,0,NA,0,-1,"Medium"
"20263",0,0,NA,0,-1,"Low"
"20264",20798,20799,"Soil_pH",7.655,1,NA
"20265",20800,20801,"Humidity",64.03,1,NA
"20266",0,0,NA,0,-1,"Medium"
"20267",0,0,NA,0,-1,"Low"
"20268",0,0,NA,0,-1,"Low"
"20269",0,0,NA,0,-1,"Medium"
"20270",20802,20803,"Soil_Moisture",11.5,1,NA
"20271",0,0,NA,0,-1,"Low"
"20272",20804,20805,"Electrical_Conductivity",1.87,1,NA
"20273",20806,20807,"Season",2,1,NA
"20274",0,0,NA,0,-1,"Low"
"20275",0,0,NA,0,-1,"Medium"
"20276",0,0,NA,0,-1,"Low"
"20277",20808,20809,"Soil_Moisture",23.31,1,NA
"20278",20810,20811,"Region",1,1,NA
"20279",0,0,NA,0,-1,"Low"
"20280",20812,20813,"Soil_pH",7.24,1,NA
"20281",20814,20815,"Wind_Speed_kmh",9.77,1,NA
"20282",20816,20817,"Humidity",50.265,1,NA
"20283",20818,20819,"Water_Source",3,1,NA
"20284",0,0,NA,0,-1,"Medium"
"20285",0,0,NA,0,-1,"Low"
"20286",0,0,NA,0,-1,"Low"
"20287",0,0,NA,0,-1,"Medium"
"20288",20820,20821,"Previous_Irrigation_mm",38.9,1,NA
"20289",20822,20823,"Soil_pH",7.12,1,NA
"20290",20824,20825,"Field_Area_hectare",2.23,1,NA
"20291",20826,20827,"Region",3,1,NA
"20292",20828,20829,"Temperature_C",32.23,1,NA
"20293",0,0,NA,0,-1,"Medium"
"20294",20830,20831,"Wind_Speed_kmh",9.435,1,NA
"20295",20832,20833,"Soil_Moisture",24.4,1,NA
"20296",20834,20835,"Rainfall_mm",1283.655,1,NA
"20297",0,0,NA,0,-1,"Medium"
"20298",0,0,NA,0,-1,"Medium"
"20299",0,0,NA,0,-1,"Low"
"20300",20836,20837,"Organic_Carbon",0.675,1,NA
"20301",20838,20839,"Electrical_Conductivity",3.05,1,NA
"20302",0,0,NA,0,-1,"Low"
"20303",0,0,NA,0,-1,"Medium"
"20304",0,0,NA,0,-1,"Medium"
"20305",0,0,NA,0,-1,"Low"
"20306",0,0,NA,0,-1,"Low"
"20307",0,0,NA,0,-1,"Medium"
"20308",0,0,NA,0,-1,"Medium"
"20309",0,0,NA,0,-1,"Low"
"20310",0,0,NA,0,-1,"Medium"
"20311",0,0,NA,0,-1,"Low"
"20312",20840,20841,"Humidity",62.12,1,NA
"20313",0,0,NA,0,-1,"Low"
"20314",0,0,NA,0,-1,"Low"
"20315",20842,20843,"Rainfall_mm",1498.61,1,NA
"20316",0,0,NA,0,-1,"Low"
"20317",20844,20845,"Field_Area_hectare",7.84,1,NA
"20318",20846,20847,"Previous_Irrigation_mm",110.705,1,NA
"20319",0,0,NA,0,-1,"Medium"
"20320",0,0,NA,0,-1,"Medium"
"20321",20848,20849,"Crop_Type",4,1,NA
"20322",20850,20851,"Season",2,1,NA
"20323",0,0,NA,0,-1,"Low"
"20324",0,0,NA,0,-1,"Low"
"20325",20852,20853,"Soil_pH",6.365,1,NA
"20326",0,0,NA,0,-1,"Low"
"20327",0,0,NA,0,-1,"Medium"
"20328",0,0,NA,0,-1,"Medium"
"20329",0,0,NA,0,-1,"Low"
"20330",20854,20855,"Soil_Moisture",21.87,1,NA
"20331",0,0,NA,0,-1,"Low"
"20332",20856,20857,"Field_Area_hectare",12.99,1,NA
"20333",20858,20859,"Soil_Type",1,1,NA
"20334",0,0,NA,0,-1,"Medium"
"20335",0,0,NA,0,-1,"Low"
"20336",20860,20861,"Temperature_C",31.555,1,NA
"20337",0,0,NA,0,-1,"Medium"
"20338",20862,20863,"Sunlight_Hours",6.92,1,NA
"20339",20864,20865,"Crop_Growth_Stage",2,1,NA
"20340",20866,20867,"Soil_pH",7.12,1,NA
"20341",0,0,NA,0,-1,"Low"
"20342",0,0,NA,0,-1,"Low"
"20343",0,0,NA,0,-1,"Medium"
"20344",0,0,NA,0,-1,"Medium"
"20345",0,0,NA,0,-1,"Low"
"20346",0,0,NA,0,-1,"Medium"
"20347",0,0,NA,0,-1,"Low"
"20348",20868,20869,"Soil_Moisture",20.145,1,NA
"20349",0,0,NA,0,-1,"Medium"
"20350",0,0,NA,0,-1,"Low"
"20351",0,0,NA,0,-1,"Medium"
"20352",0,0,NA,0,-1,"Low"
"20353",20870,20871,"Soil_Moisture",54.805,1,NA
"20354",0,0,NA,0,-1,"Low"
"20355",0,0,NA,0,-1,"Medium"
"20356",0,0,NA,0,-1,"Low"
"20357",0,0,NA,0,-1,"Medium"
"20358",20872,20873,"Water_Source",1,1,NA
"20359",0,0,NA,0,-1,"Low"
"20360",20874,20875,"Soil_pH",7.275,1,NA
"20361",0,0,NA,0,-1,"Low"
"20362",20876,20877,"Electrical_Conductivity",0.195,1,NA
"20363",20878,20879,"Soil_pH",5.075,1,NA
"20364",0,0,NA,0,-1,"Low"
"20365",0,0,NA,0,-1,"Medium"
"20366",0,0,NA,0,-1,"Low"
"20367",20880,20881,"Previous_Irrigation_mm",72.78,1,NA
"20368",0,0,NA,0,-1,"Low"
"20369",0,0,NA,0,-1,"Medium"
"20370",0,0,NA,0,-1,"Low"
"20371",20882,20883,"Season",3,1,NA
"20372",0,0,NA,0,-1,"Medium"
"20373",20884,20885,"Temperature_C",38.835,1,NA
"20374",20886,20887,"Temperature_C",41.615,1,NA
"20375",20888,20889,"Previous_Irrigation_mm",95.66,1,NA
"20376",20890,20891,"Rainfall_mm",1196.705,1,NA
"20377",20892,20893,"Wind_Speed_kmh",19,1,NA
"20378",0,0,NA,0,-1,"Low"
"20379",20894,20895,"Humidity",55.12,1,NA
"20380",20896,20897,"Region",9,1,NA
"20381",20898,20899,"Soil_Moisture",49.6,1,NA
"20382",20900,20901,"Sunlight_Hours",5.865,1,NA
"20383",0,0,NA,0,-1,"Low"
"20384",20902,20903,"Temperature_C",30.99,1,NA
"20385",20904,20905,"Soil_Moisture",25.31,1,NA
"20386",20906,20907,"Previous_Irrigation_mm",0.47,1,NA
"20387",20908,20909,"Soil_pH",4.995,1,NA
"20388",0,0,NA,0,-1,"Low"
"20389",0,0,NA,0,-1,"Medium"
"20390",0,0,NA,0,-1,"Medium"
"20391",0,0,NA,0,-1,"Low"
"20392",20910,20911,"Previous_Irrigation_mm",76.635,1,NA
"20393",0,0,NA,0,-1,"Low"
"20394",20912,20913,"Soil_Type",4,1,NA
"20395",0,0,NA,0,-1,"Medium"
"20396",0,0,NA,0,-1,"Low"
"20397",20914,20915,"Electrical_Conductivity",1.95,1,NA
"20398",0,0,NA,0,-1,"Low"
"20399",20916,20917,"Season",1,1,NA
"20400",0,0,NA,0,-1,"Medium"
"20401",0,0,NA,0,-1,"Low"
"20402",20918,20919,"Organic_Carbon",1.21,1,NA
"20403",0,0,NA,0,-1,"Low"
"20404",0,0,NA,0,-1,"Low"
"20405",0,0,NA,0,-1,"Medium"
"20406",20920,20921,"Field_Area_hectare",4.9,1,NA
"20407",0,0,NA,0,-1,"Low"
"20408",0,0,NA,0,-1,"Medium"
"20409",20922,20923,"Rainfall_mm",639.285,1,NA
"20410",0,0,NA,0,-1,"Low"
"20411",20924,20925,"Field_Area_hectare",6.96,1,NA
"20412",0,0,NA,0,-1,"Medium"
"20413",0,0,NA,0,-1,"Low"
"20414",20926,20927,"Soil_pH",5.185,1,NA
"20415",20928,20929,"Field_Area_hectare",12.48,1,NA
"20416",0,0,NA,0,-1,"Low"
"20417",20930,20931,"Region",2,1,NA
"20418",0,0,NA,0,-1,"Medium"
"20419",0,0,NA,0,-1,"Low"
"20420",20932,20933,"Wind_Speed_kmh",7.915,1,NA
"20421",20934,20935,"Wind_Speed_kmh",8,1,NA
"20422",20936,20937,"Organic_Carbon",1.485,1,NA
"20423",20938,20939,"Wind_Speed_kmh",9.485,1,NA
"20424",20940,20941,"Rainfall_mm",1222.84,1,NA
"20425",0,0,NA,0,-1,"Low"
"20426",20942,20943,"Irrigation_Type",1,1,NA
"20427",0,0,NA,0,-1,"Low"
"20428",20944,20945,"Rainfall_mm",1036.79,1,NA
"20429",0,0,NA,0,-1,"Medium"
"20430",20946,20947,"Crop_Growth_Stage",1,1,NA
"20431",0,0,NA,0,-1,"Low"
"20432",20948,20949,"Wind_Speed_kmh",8.21,1,NA
"20433",20950,20951,"Soil_pH",7.245,1,NA
"20434",20952,20953,"Soil_pH",7.355,1,NA
"20435",0,0,NA,0,-1,"Low"
"20436",0,0,NA,0,-1,"Medium"
"20437",20954,20955,"Soil_Type",6,1,NA
"20438",20956,20957,"Field_Area_hectare",1.655,1,NA
"20439",20958,20959,"Rainfall_mm",965.725,1,NA
"20440",0,0,NA,0,-1,"Medium"
"20441",0,0,NA,0,-1,"Low"
"20442",0,0,NA,0,-1,"Low"
"20443",0,0,NA,0,-1,"Medium"
"20444",20960,20961,"Rainfall_mm",687.285,1,NA
"20445",20962,20963,"Crop_Type",16,1,NA
"20446",20964,20965,"Soil_pH",7.96,1,NA
"20447",0,0,NA,0,-1,"Low"
"20448",0,0,NA,0,-1,"Low"
"20449",20966,20967,"Temperature_C",18.015,1,NA
"20450",0,0,NA,0,-1,"Low"
"20451",20968,20969,"Temperature_C",18.56,1,NA
"20452",20970,20971,"Region",1,1,NA
"20453",20972,20973,"Humidity",72.855,1,NA
"20454",0,0,NA,0,-1,"Low"
"20455",20974,20975,"Sunlight_Hours",9.81,1,NA
"20456",0,0,NA,0,-1,"Medium"
"20457",0,0,NA,0,-1,"Low"
"20458",0,0,NA,0,-1,"Low"
"20459",20976,20977,"Previous_Irrigation_mm",101.275,1,NA
"20460",0,0,NA,0,-1,"Medium"
"20461",0,0,NA,0,-1,"Low"
"20462",0,0,NA,0,-1,"Low"
"20463",20978,20979,"Irrigation_Type",2,1,NA
"20464",0,0,NA,0,-1,"Low"
"20465",0,0,NA,0,-1,"Medium"
"20466",0,0,NA,0,-1,"Medium"
"20467",0,0,NA,0,-1,"Low"
"20468",0,0,NA,0,-1,"Medium"
"20469",0,0,NA,0,-1,"Low"
"20470",0,0,NA,0,-1,"Medium"
"20471",0,0,NA,0,-1,"Low"
"20472",20980,20981,"Region",15,1,NA
"20473",20982,20983,"Electrical_Conductivity",0.515,1,NA
"20474",20984,20985,"Soil_pH",5.225,1,NA
"20475",0,0,NA,0,-1,"Low"
"20476",0,0,NA,0,-1,"Low"
"20477",20986,20987,"Electrical_Conductivity",3.115,1,NA
"20478",0,0,NA,0,-1,"Medium"
"20479",0,0,NA,0,-1,"Low"
"20480",20988,20989,"Electrical_Conductivity",2.105,1,NA
"20481",20990,20991,"Wind_Speed_kmh",5.02,1,NA
"20482",20992,20993,"Humidity",78.945,1,NA
"20483",0,0,NA,0,-1,"Low"
"20484",20994,20995,"Crop_Type",18,1,NA
"20485",0,0,NA,0,-1,"Medium"
"20486",20996,20997,"Humidity",26.365,1,NA
"20487",20998,20999,"Region",1,1,NA
"20488",21000,21001,"Organic_Carbon",0.585,1,NA
"20489",21002,21003,"Sunlight_Hours",6.75,1,NA
"20490",21004,21005,"Field_Area_hectare",9.565,1,NA
"20491",0,0,NA,0,-1,"Low"
"20492",0,0,NA,0,-1,"Low"
"20493",21006,21007,"Region",1,1,NA
"20494",0,0,NA,0,-1,"Low"
"20495",0,0,NA,0,-1,"Medium"
"20496",0,0,NA,0,-1,"Medium"
"20497",0,0,NA,0,-1,"High"
"20498",0,0,NA,0,-1,"Medium"
"20499",21008,21009,"Field_Area_hectare",6.645,1,NA
"20500",0,0,NA,0,-1,"Medium"
"20501",21010,21011,"Soil_Moisture",10.925,1,NA
"20502",0,0,NA,0,-1,"High"
"20503",0,0,NA,0,-1,"Medium"
"20504",0,0,NA,0,-1,"High"
"20505",0,0,NA,0,-1,"Medium"
"20506",21012,21013,"Rainfall_mm",646.83,1,NA
"20507",21014,21015,"Sunlight_Hours",10.32,1,NA
"20508",21016,21017,"Field_Area_hectare",4.34,1,NA
"20509",21018,21019,"Temperature_C",27.935,1,NA
"20510",0,0,NA,0,-1,"Medium"
"20511",21020,21021,"Rainfall_mm",1538.36,1,NA
"20512",0,0,NA,0,-1,"Medium"
"20513",0,0,NA,0,-1,"High"
"20514",0,0,NA,0,-1,"Medium"
"20515",21022,21023,"Wind_Speed_kmh",15.73,1,NA
"20516",0,0,NA,0,-1,"High"
"20517",0,0,NA,0,-1,"Medium"
"20518",0,0,NA,0,-1,"Medium"
"20519",0,0,NA,0,-1,"High"
"20520",0,0,NA,0,-1,"Low"
"20521",0,0,NA,0,-1,"Medium"
"20522",0,0,NA,0,-1,"Medium"
"20523",0,0,NA,0,-1,"High"
"20524",0,0,NA,0,-1,"High"
"20525",0,0,NA,0,-1,"Medium"
"20526",21024,21025,"Season",1,1,NA
"20527",21026,21027,"Soil_Moisture",19.565,1,NA
"20528",0,0,NA,0,-1,"Medium"
"20529",0,0,NA,0,-1,"Low"
"20530",21028,21029,"Soil_pH",7.695,1,NA
"20531",0,0,NA,0,-1,"High"
"20532",0,0,NA,0,-1,"High"
"20533",0,0,NA,0,-1,"Medium"
"20534",0,0,NA,0,-1,"Medium"
"20535",21030,21031,"Soil_Moisture",13.91,1,NA
"20536",0,0,NA,0,-1,"High"
"20537",0,0,NA,0,-1,"Medium"
"20538",0,0,NA,0,-1,"High"
"20539",21032,21033,"Rainfall_mm",439.835,1,NA
"20540",0,0,NA,0,-1,"Medium"
"20541",21034,21035,"Temperature_C",34.075,1,NA
"20542",0,0,NA,0,-1,"Medium"
"20543",0,0,NA,0,-1,"High"
"20544",0,0,NA,0,-1,"Low"
"20545",0,0,NA,0,-1,"Medium"
"20546",0,0,NA,0,-1,"Low"
"20547",0,0,NA,0,-1,"Medium"
"20548",21036,21037,"Wind_Speed_kmh",8.525,1,NA
"20549",0,0,NA,0,-1,"Medium"
"20550",0,0,NA,0,-1,"Medium"
"20551",21038,21039,"Rainfall_mm",1719.79,1,NA
"20552",0,0,NA,0,-1,"Medium"
"20553",21040,21041,"Wind_Speed_kmh",7.835,1,NA
"20554",0,0,NA,0,-1,"Medium"
"20555",0,0,NA,0,-1,"Low"
"20556",0,0,NA,0,-1,"Medium"
"20557",0,0,NA,0,-1,"Low"
"20558",0,0,NA,0,-1,"Medium"
"20559",0,0,NA,0,-1,"Low"
"20560",21042,21043,"Field_Area_hectare",2.475,1,NA
"20561",21044,21045,"Crop_Type",8,1,NA
"20562",0,0,NA,0,-1,"Medium"
"20563",0,0,NA,0,-1,"Low"
"20564",0,0,NA,0,-1,"Medium"
"20565",0,0,NA,0,-1,"Low"
"20566",0,0,NA,0,-1,"Medium"
"20567",0,0,NA,0,-1,"Low"
"20568",21046,21047,"Rainfall_mm",1204.99,1,NA
"20569",21048,21049,"Temperature_C",28.825,1,NA
"20570",0,0,NA,0,-1,"Low"
"20571",21050,21051,"Rainfall_mm",730.355,1,NA
"20572",21052,21053,"Soil_Moisture",25.795,1,NA
"20573",21054,21055,"Crop_Type",4,1,NA
"20574",21056,21057,"Sunlight_Hours",7.985,1,NA
"20575",0,0,NA,0,-1,"Low"
"20576",0,0,NA,0,-1,"Low"
"20577",0,0,NA,0,-1,"Medium"
"20578",0,0,NA,0,-1,"Medium"
"20579",0,0,NA,0,-1,"Low"
"20580",0,0,NA,0,-1,"Low"
"20581",21058,21059,"Electrical_Conductivity",1.12,1,NA
"20582",0,0,NA,0,-1,"Low"
"20583",21060,21061,"Organic_Carbon",1.35,1,NA
"20584",0,0,NA,0,-1,"Low"
"20585",0,0,NA,0,-1,"Medium"
"20586",0,0,NA,0,-1,"Low"
"20587",0,0,NA,0,-1,"Medium"
"20588",0,0,NA,0,-1,"Low"
"20589",0,0,NA,0,-1,"Medium"
"20590",0,0,NA,0,-1,"Low"
"20591",21062,21063,"Crop_Type",1,1,NA
"20592",0,0,NA,0,-1,"Low"
"20593",0,0,NA,0,-1,"Medium"
"20594",0,0,NA,0,-1,"Medium"
"20595",21064,21065,"Crop_Type",27,1,NA
"20596",21066,21067,"Soil_Moisture",55.7,1,NA
"20597",21068,21069,"Humidity",68.4,1,NA
"20598",0,0,NA,0,-1,"Medium"
"20599",21070,21071,"Region",11,1,NA
"20600",21072,21073,"Season",1,1,NA
"20601",0,0,NA,0,-1,"Low"
"20602",21074,21075,"Wind_Speed_kmh",9.205,1,NA
"20603",0,0,NA,0,-1,"Medium"
"20604",0,0,NA,0,-1,"Medium"
"20605",0,0,NA,0,-1,"Low"
"20606",21076,21077,"Electrical_Conductivity",1.58,1,NA
"20607",21078,21079,"Wind_Speed_kmh",8.505,1,NA
"20608",21080,21081,"Field_Area_hectare",11.98,1,NA
"20609",21082,21083,"Temperature_C",40.925,1,NA
"20610",21084,21085,"Field_Area_hectare",12.025,1,NA
"20611",0,0,NA,0,-1,"Low"
"20612",0,0,NA,0,-1,"Low"
"20613",0,0,NA,0,-1,"Medium"
"20614",0,0,NA,0,-1,"Low"
"20615",21086,21087,"Season",1,1,NA
"20616",0,0,NA,0,-1,"Low"
"20617",21088,21089,"Humidity",68.485,1,NA
"20618",0,0,NA,0,-1,"Medium"
"20619",0,0,NA,0,-1,"Low"
"20620",0,0,NA,0,-1,"Low"
"20621",0,0,NA,0,-1,"Medium"
"20622",0,0,NA,0,-1,"Low"
"20623",21090,21091,"Organic_Carbon",0.715,1,NA
"20624",21092,21093,"Humidity",87.125,1,NA
"20625",0,0,NA,0,-1,"Low"
"20626",0,0,NA,0,-1,"Medium"
"20627",0,0,NA,0,-1,"Low"
"20628",21094,21095,"Sunlight_Hours",5.03,1,NA
"20629",0,0,NA,0,-1,"Low"
"20630",0,0,NA,0,-1,"Medium"
"20631",21096,21097,"Soil_Moisture",27.79,1,NA
"20632",0,0,NA,0,-1,"Low"
"20633",0,0,NA,0,-1,"Medium"
"20634",0,0,NA,0,-1,"Medium"
"20635",0,0,NA,0,-1,"Low"
"20636",0,0,NA,0,-1,"Medium"
"20637",0,0,NA,0,-1,"Low"
"20638",0,0,NA,0,-1,"Medium"
"20639",0,0,NA,0,-1,"Low"
"20640",21098,21099,"Sunlight_Hours",6.765,1,NA
"20641",0,0,NA,0,-1,"Low"
"20642",21100,21101,"Sunlight_Hours",4.755,1,NA
"20643",0,0,NA,0,-1,"Medium"
"20644",21102,21103,"Rainfall_mm",877.73,1,NA
"20645",0,0,NA,0,-1,"Low"
"20646",0,0,NA,0,-1,"Medium"
"20647",0,0,NA,0,-1,"Low"
"20648",21104,21105,"Region",1,1,NA
"20649",21106,21107,"Wind_Speed_kmh",19.345,1,NA
"20650",21108,21109,"Soil_Moisture",26.065,1,NA
"20651",0,0,NA,0,-1,"Low"
"20652",0,0,NA,0,-1,"Low"
"20653",0,0,NA,0,-1,"Medium"
"20654",0,0,NA,0,-1,"Medium"
"20655",0,0,NA,0,-1,"Low"
"20656",0,0,NA,0,-1,"Medium"
"20657",0,0,NA,0,-1,"Low"
"20658",0,0,NA,0,-1,"Medium"
"20659",0,0,NA,0,-1,"Low"
"20660",21110,21111,"Sunlight_Hours",10.425,1,NA
"20661",0,0,NA,0,-1,"Low"
"20662",0,0,NA,0,-1,"Low"
"20663",0,0,NA,0,-1,"Medium"
"20664",0,0,NA,0,-1,"Low"
"20665",0,0,NA,0,-1,"Medium"
"20666",0,0,NA,0,-1,"Low"
"20667",21112,21113,"Temperature_C",24.305,1,NA
"20668",0,0,NA,0,-1,"Low"
"20669",21114,21115,"Electrical_Conductivity",2.65,1,NA
"20670",21116,21117,"Wind_Speed_kmh",15.495,1,NA
"20671",0,0,NA,0,-1,"Low"
"20672",21118,21119,"Electrical_Conductivity",2.855,1,NA
"20673",0,0,NA,0,-1,"Low"
"20674",0,0,NA,0,-1,"Low"
"20675",0,0,NA,0,-1,"Medium"
"20676",0,0,NA,0,-1,"Low"
"20677",21120,21121,"Humidity",75.325,1,NA
"20678",0,0,NA,0,-1,"Medium"
"20679",0,0,NA,0,-1,"Low"
"20680",21122,21123,"Rainfall_mm",869.05,1,NA
"20681",21124,21125,"Humidity",87.38,1,NA
"20682",21126,21127,"Soil_pH",5.105,1,NA
"20683",21128,21129,"Water_Source",2,1,NA
"20684",21130,21131,"Previous_Irrigation_mm",105.725,1,NA
"20685",21132,21133,"Previous_Irrigation_mm",110.76,1,NA
"20686",21134,21135,"Previous_Irrigation_mm",104.26,1,NA
"20687",21136,21137,"Humidity",41.25,1,NA
"20688",0,0,NA,0,-1,"Low"
"20689",0,0,NA,0,-1,"Medium"
"20690",0,0,NA,0,-1,"Low"
"20691",21138,21139,"Rainfall_mm",1854.39,1,NA
"20692",0,0,NA,0,-1,"Medium"
"20693",0,0,NA,0,-1,"Low"
"20694",0,0,NA,0,-1,"Low"
"20695",0,0,NA,0,-1,"Medium"
"20696",0,0,NA,0,-1,"Low"
"20697",21140,21141,"Rainfall_mm",1806.625,1,NA
"20698",0,0,NA,0,-1,"Low"
"20699",0,0,NA,0,-1,"Medium"
"20700",21142,21143,"Field_Area_hectare",4.865,1,NA
"20701",21144,21145,"Sunlight_Hours",8.645,1,NA
"20702",21146,21147,"Rainfall_mm",758.135,1,NA
"20703",0,0,NA,0,-1,"Low"
"20704",0,0,NA,0,-1,"Low"
"20705",21148,21149,"Wind_Speed_kmh",14.645,1,NA
"20706",0,0,NA,0,-1,"Medium"
"20707",0,0,NA,0,-1,"Low"
"20708",0,0,NA,0,-1,"Low"
"20709",0,0,NA,0,-1,"Medium"
"20710",0,0,NA,0,-1,"Medium"
"20711",0,0,NA,0,-1,"Low"
"20712",0,0,NA,0,-1,"Low"
"20713",0,0,NA,0,-1,"Medium"
"20714",0,0,NA,0,-1,"Medium"
"20715",21150,21151,"Rainfall_mm",2442.75,1,NA
"20716",0,0,NA,0,-1,"Medium"
"20717",0,0,NA,0,-1,"Low"
"20718",0,0,NA,0,-1,"Low"
"20719",21152,21153,"Wind_Speed_kmh",17.135,1,NA
"20720",0,0,NA,0,-1,"Medium"
"20721",0,0,NA,0,-1,"Low"
"20722",21154,21155,"Humidity",46.58,1,NA
"20723",0,0,NA,0,-1,"Low"
"20724",0,0,NA,0,-1,"Low"
"20725",0,0,NA,0,-1,"Medium"
"20726",0,0,NA,0,-1,"Medium"
"20727",0,0,NA,0,-1,"Low"
"20728",21156,21157,"Previous_Irrigation_mm",39.37,1,NA
"20729",0,0,NA,0,-1,"Medium"
"20730",21158,21159,"Sunlight_Hours",6.97,1,NA
"20731",0,0,NA,0,-1,"Low"
"20732",0,0,NA,0,-1,"Low"
"20733",21160,21161,"Soil_Moisture",61.385,1,NA
"20734",0,0,NA,0,-1,"Low"
"20735",21162,21163,"Soil_Type",2,1,NA
"20736",21164,21165,"Rainfall_mm",2436.005,1,NA
"20737",0,0,NA,0,-1,"Low"
"20738",21166,21167,"Electrical_Conductivity",3.31,1,NA
"20739",0,0,NA,0,-1,"Low"
"20740",21168,21169,"Rainfall_mm",640.765,1,NA
"20741",0,0,NA,0,-1,"Medium"
"20742",21170,21171,"Rainfall_mm",1727.85,1,NA
"20743",0,0,NA,0,-1,"Medium"
"20744",0,0,NA,0,-1,"Medium"
"20745",0,0,NA,0,-1,"High"
"20746",21172,21173,"Electrical_Conductivity",1.565,1,NA
"20747",0,0,NA,0,-1,"Medium"
"20748",0,0,NA,0,-1,"Medium"
"20749",21174,21175,"Soil_Type",5,1,NA
"20750",0,0,NA,0,-1,"High"
"20751",0,0,NA,0,-1,"Medium"
"20752",0,0,NA,0,-1,"Medium"
"20753",0,0,NA,0,-1,"Low"
"20754",0,0,NA,0,-1,"Low"
"20755",0,0,NA,0,-1,"Medium"
"20756",0,0,NA,0,-1,"Medium"
"20757",21176,21177,"Irrigation_Type",1,1,NA
"20758",0,0,NA,0,-1,"Medium"
"20759",0,0,NA,0,-1,"Low"
"20760",0,0,NA,0,-1,"Medium"
"20761",0,0,NA,0,-1,"Low"
"20762",0,0,NA,0,-1,"Low"
"20763",0,0,NA,0,-1,"Medium"
"20764",0,0,NA,0,-1,"Low"
"20765",0,0,NA,0,-1,"Medium"
"20766",0,0,NA,0,-1,"Low"
"20767",0,0,NA,0,-1,"Medium"
"20768",0,0,NA,0,-1,"Medium"
"20769",21178,21179,"Soil_Moisture",46.775,1,NA
"20770",21180,21181,"Electrical_Conductivity",2.61,1,NA
"20771",21182,21183,"Field_Area_hectare",13.115,1,NA
"20772",0,0,NA,0,-1,"Low"
"20773",0,0,NA,0,-1,"Medium"
"20774",21184,21185,"Temperature_C",30.685,1,NA
"20775",21186,21187,"Region",4,1,NA
"20776",0,0,NA,0,-1,"Medium"
"20777",21188,21189,"Previous_Irrigation_mm",53.645,1,NA
"20778",0,0,NA,0,-1,"Low"
"20779",21190,21191,"Previous_Irrigation_mm",102.78,1,NA
"20780",0,0,NA,0,-1,"Low"
"20781",21192,21193,"Organic_Carbon",0.6,1,NA
"20782",0,0,NA,0,-1,"Medium"
"20783",21194,21195,"Crop_Growth_Stage",1,1,NA
"20784",0,0,NA,0,-1,"Low"
"20785",0,0,NA,0,-1,"Medium"
"20786",21196,21197,"Sunlight_Hours",8.785,1,NA
"20787",0,0,NA,0,-1,"Medium"
"20788",21198,21199,"Soil_Moisture",58.605,1,NA
"20789",21200,21201,"Temperature_C",38.55,1,NA
"20790",21202,21203,"Temperature_C",40.375,1,NA
"20791",0,0,NA,0,-1,"Medium"
"20792",0,0,NA,0,-1,"Low"
"20793",0,0,NA,0,-1,"Medium"
"20794",0,0,NA,0,-1,"Medium"
"20795",21204,21205,"Sunlight_Hours",10.425,1,NA
"20796",21206,21207,"Field_Area_hectare",8.5,1,NA
"20797",0,0,NA,0,-1,"Medium"
"20798",0,0,NA,0,-1,"Low"
"20799",0,0,NA,0,-1,"Medium"
"20800",21208,21209,"Field_Area_hectare",12.355,1,NA
"20801",0,0,NA,0,-1,"Low"
"20802",0,0,NA,0,-1,"Low"
"20803",21210,21211,"Crop_Growth_Stage",2,1,NA
"20804",21212,21213,"Soil_Type",4,1,NA
"20805",21214,21215,"Soil_Type",1,1,NA
"20806",0,0,NA,0,-1,"Medium"
"20807",0,0,NA,0,-1,"Low"
"20808",0,0,NA,0,-1,"Medium"
"20809",0,0,NA,0,-1,"Low"
"20810",0,0,NA,0,-1,"Low"
"20811",0,0,NA,0,-1,"Medium"
"20812",0,0,NA,0,-1,"Low"
"20813",0,0,NA,0,-1,"Medium"
"20814",21216,21217,"Region",5,1,NA
"20815",21218,21219,"Soil_Type",4,1,NA
"20816",21220,21221,"Region",8,1,NA
"20817",0,0,NA,0,-1,"Low"
"20818",0,0,NA,0,-1,"Low"
"20819",21222,21223,"Crop_Growth_Stage",2,1,NA
"20820",0,0,NA,0,-1,"Medium"
"20821",0,0,NA,0,-1,"Low"
"20822",0,0,NA,0,-1,"Medium"
"20823",21224,21225,"Organic_Carbon",0.625,1,NA
"20824",21226,21227,"Water_Source",3,1,NA
"20825",0,0,NA,0,-1,"Medium"
"20826",0,0,NA,0,-1,"Low"
"20827",21228,21229,"Wind_Speed_kmh",5.04,1,NA
"20828",21230,21231,"Region",4,1,NA
"20829",21232,21233,"Irrigation_Type",4,1,NA
"20830",21234,21235,"Soil_pH",6.915,1,NA
"20831",21236,21237,"Organic_Carbon",0.77,1,NA
"20832",0,0,NA,0,-1,"Medium"
"20833",0,0,NA,0,-1,"Low"
"20834",21238,21239,"Sunlight_Hours",10.73,1,NA
"20835",0,0,NA,0,-1,"Low"
"20836",0,0,NA,0,-1,"Medium"
"20837",0,0,NA,0,-1,"Low"
"20838",0,0,NA,0,-1,"Medium"
"20839",0,0,NA,0,-1,"Low"
"20840",0,0,NA,0,-1,"Medium"
"20841",0,0,NA,0,-1,"Low"
"20842",0,0,NA,0,-1,"Medium"
"20843",0,0,NA,0,-1,"Low"
"20844",0,0,NA,0,-1,"Medium"
"20845",0,0,NA,0,-1,"Low"
"20846",0,0,NA,0,-1,"Low"
"20847",21240,21241,"Soil_Type",1,1,NA
"20848",21242,21243,"Previous_Irrigation_mm",99.22,1,NA
"20849",0,0,NA,0,-1,"Low"
"20850",0,0,NA,0,-1,"Medium"
"20851",21244,21245,"Crop_Type",2,1,NA
"20852",21246,21247,"Region",8,1,NA
"20853",0,0,NA,0,-1,"Low"
"20854",0,0,NA,0,-1,"Medium"
"20855",0,0,NA,0,-1,"Low"
"20856",21248,21249,"Electrical_Conductivity",2.305,1,NA
"20857",0,0,NA,0,-1,"Low"
"20858",21250,21251,"Soil_Moisture",27.745,1,NA
"20859",21252,21253,"Soil_Moisture",27.19,1,NA
"20860",0,0,NA,0,-1,"Medium"
"20861",0,0,NA,0,-1,"Low"
"20862",21254,21255,"Irrigation_Type",2,1,NA
"20863",0,0,NA,0,-1,"Medium"
"20864",0,0,NA,0,-1,"Medium"
"20865",0,0,NA,0,-1,"Low"
"20866",0,0,NA,0,-1,"Medium"
"20867",21256,21257,"Region",2,1,NA
"20868",0,0,NA,0,-1,"Medium"
"20869",0,0,NA,0,-1,"Low"
"20870",0,0,NA,0,-1,"Medium"
"20871",0,0,NA,0,-1,"Low"
"20872",0,0,NA,0,-1,"Medium"
"20873",0,0,NA,0,-1,"Low"
"20874",0,0,NA,0,-1,"Low"
"20875",21258,21259,"Field_Area_hectare",5.795,1,NA
"20876",0,0,NA,0,-1,"Medium"
"20877",21260,21261,"Wind_Speed_kmh",16.42,1,NA
"20878",21262,21263,"Region",4,1,NA
"20879",21264,21265,"Crop_Type",4,1,NA
"20880",0,0,NA,0,-1,"Low"
"20881",0,0,NA,0,-1,"Medium"
"20882",0,0,NA,0,-1,"Low"
"20883",21266,21267,"Region",2,1,NA
"20884",0,0,NA,0,-1,"Low"
"20885",21268,21269,"Organic_Carbon",0.87,1,NA
"20886",21270,21271,"Temperature_C",31.24,1,NA
"20887",21272,21273,"Region",15,1,NA
"20888",0,0,NA,0,-1,"Medium"
"20889",0,0,NA,0,-1,"Low"
"20890",21274,21275,"Region",14,1,NA
"20891",0,0,NA,0,-1,"Medium"
"20892",0,0,NA,0,-1,"Low"
"20893",21276,21277,"Soil_Moisture",26.17,1,NA
"20894",0,0,NA,0,-1,"Low"
"20895",21278,21279,"Organic_Carbon",0.69,1,NA
"20896",0,0,NA,0,-1,"Low"
"20897",21280,21281,"Previous_Irrigation_mm",70.205,1,NA
"20898",0,0,NA,0,-1,"Medium"
"20899",0,0,NA,0,-1,"Low"
"20900",21282,21283,"Rainfall_mm",2235,1,NA
"20901",0,0,NA,0,-1,"Low"
"20902",21284,21285,"Region",8,1,NA
"20903",21286,21287,"Previous_Irrigation_mm",53.51,1,NA
"20904",0,0,NA,0,-1,"Medium"
"20905",21288,21289,"Electrical_Conductivity",0.52,1,NA
"20906",0,0,NA,0,-1,"Medium"
"20907",21290,21291,"Wind_Speed_kmh",10.235,1,NA
"20908",21292,21293,"Rainfall_mm",1819.57,1,NA
"20909",21294,21295,"Crop_Type",2,1,NA
"20910",0,0,NA,0,-1,"Low"
"20911",0,0,NA,0,-1,"Medium"
"20912",21296,21297,"Crop_Growth_Stage",1,1,NA
"20913",0,0,NA,0,-1,"Low"
"20914",0,0,NA,0,-1,"Medium"
"20915",0,0,NA,0,-1,"Low"
"20916",0,0,NA,0,-1,"Low"
"20917",0,0,NA,0,-1,"Medium"
"20918",21298,21299,"Field_Area_hectare",13.395,1,NA
"20919",0,0,NA,0,-1,"Medium"
"20920",0,0,NA,0,-1,"Medium"
"20921",0,0,NA,0,-1,"Low"
"20922",21300,21301,"Soil_Moisture",49.815,1,NA
"20923",21302,21303,"Electrical_Conductivity",1.295,1,NA
"20924",0,0,NA,0,-1,"Low"
"20925",0,0,NA,0,-1,"Medium"
"20926",21304,21305,"Soil_pH",5.015,1,NA
"20927",21306,21307,"Temperature_C",23.765,1,NA
"20928",0,0,NA,0,-1,"Low"
"20929",21308,21309,"Humidity",83.105,1,NA
"20930",0,0,NA,0,-1,"Low"
"20931",0,0,NA,0,-1,"Medium"
"20932",0,0,NA,0,-1,"Low"
"20933",21310,21311,"Soil_pH",7.68,1,NA
"20934",0,0,NA,0,-1,"Low"
"20935",0,0,NA,0,-1,"Medium"
"20936",0,0,NA,0,-1,"Low"
"20937",21312,21313,"Region",8,1,NA
"20938",0,0,NA,0,-1,"Low"
"20939",21314,21315,"Temperature_C",21.21,1,NA
"20940",0,0,NA,0,-1,"Low"
"20941",0,0,NA,0,-1,"Medium"
"20942",0,0,NA,0,-1,"Medium"
"20943",0,0,NA,0,-1,"Low"
"20944",21316,21317,"Field_Area_hectare",1.975,1,NA
"20945",0,0,NA,0,-1,"Medium"
"20946",0,0,NA,0,-1,"Medium"
"20947",21318,21319,"Soil_pH",5.155,1,NA
"20948",0,0,NA,0,-1,"Low"
"20949",0,0,NA,0,-1,"Medium"
"20950",0,0,NA,0,-1,"Low"
"20951",21320,21321,"Electrical_Conductivity",1.545,1,NA
"20952",21322,21323,"Rainfall_mm",835.565,1,NA
"20953",0,0,NA,0,-1,"Medium"
"20954",21324,21325,"Organic_Carbon",1.35,1,NA
"20955",21326,21327,"Field_Area_hectare",10.285,1,NA
"20956",0,0,NA,0,-1,"Low"
"20957",21328,21329,"Humidity",66.75,1,NA
"20958",0,0,NA,0,-1,"Medium"
"20959",21330,21331,"Crop_Type",4,1,NA
"20960",21332,21333,"Electrical_Conductivity",2.685,1,NA
"20961",0,0,NA,0,-1,"Low"
"20962",21334,21335,"Field_Area_hectare",8.215,1,NA
"20963",0,0,NA,0,-1,"Low"
"20964",0,0,NA,0,-1,"Low"
"20965",0,0,NA,0,-1,"Medium"
"20966",21336,21337,"Sunlight_Hours",8.975,1,NA
"20967",0,0,NA,0,-1,"Low"
"20968",0,0,NA,0,-1,"Low"
"20969",0,0,NA,0,-1,"Medium"
"20970",21338,21339,"Crop_Type",8,1,NA
"20971",0,0,NA,0,-1,"Low"
"20972",0,0,NA,0,-1,"Low"
"20973",0,0,NA,0,-1,"Medium"
"20974",0,0,NA,0,-1,"Low"
"20975",21340,21341,"Irrigation_Type",7,1,NA
"20976",0,0,NA,0,-1,"Medium"
"20977",21342,21343,"Previous_Irrigation_mm",118.24,1,NA
"20978",0,0,NA,0,-1,"Low"
"20979",21344,21345,"Crop_Type",16,1,NA
"20980",21346,21347,"Soil_Type",5,1,NA
"20981",21348,21349,"Soil_Moisture",50.945,1,NA
"20982",21350,21351,"Region",10,1,NA
"20983",21352,21353,"Wind_Speed_kmh",5.05,1,NA
"20984",21354,21355,"Organic_Carbon",1.055,1,NA
"20985",21356,21357,"Temperature_C",26.79,1,NA
"20986",0,0,NA,0,-1,"Low"
"20987",21358,21359,"Rainfall_mm",1067.525,1,NA
"20988",0,0,NA,0,-1,"Medium"
"20989",0,0,NA,0,-1,"Low"
"20990",21360,21361,"Region",8,1,NA
"20991",21362,21363,"Soil_Moisture",42.715,1,NA
"20992",21364,21365,"Sunlight_Hours",6.2,1,NA
"20993",0,0,NA,0,-1,"Medium"
"20994",0,0,NA,0,-1,"Low"
"20995",0,0,NA,0,-1,"Medium"
"20996",0,0,NA,0,-1,"Medium"
"20997",21366,21367,"Wind_Speed_kmh",3.93,1,NA
"20998",21368,21369,"Previous_Irrigation_mm",24.055,1,NA
"20999",0,0,NA,0,-1,"Low"
"21000",21370,21371,"Water_Source",1,1,NA
"21001",21372,21373,"Rainfall_mm",1787.69,1,NA
"21002",0,0,NA,0,-1,"Medium"
"21003",0,0,NA,0,-1,"Low"
"21004",0,0,NA,0,-1,"Medium"
"21005",0,0,NA,0,-1,"Low"
"21006",0,0,NA,0,-1,"Medium"
"21007",0,0,NA,0,-1,"Low"
"21008",0,0,NA,0,-1,"High"
"21009",0,0,NA,0,-1,"Medium"
"21010",0,0,NA,0,-1,"High"
"21011",21374,21375,"Soil_Moisture",16.695,1,NA
"21012",0,0,NA,0,-1,"Medium"
"21013",0,0,NA,0,-1,"High"
"21014",21376,21377,"Season",1,1,NA
"21015",21378,21379,"Crop_Type",7,1,NA
"21016",0,0,NA,0,-1,"High"
"21017",0,0,NA,0,-1,"Medium"
"21018",21380,21381,"Previous_Irrigation_mm",75.375,1,NA
"21019",21382,21383,"Electrical_Conductivity",1.57,1,NA
"21020",0,0,NA,0,-1,"Medium"
"21021",0,0,NA,0,-1,"High"
"21022",21384,21385,"Irrigation_Type",4,1,NA
"21023",0,0,NA,0,-1,"Medium"
"21024",21386,21387,"Soil_Moisture",15.59,1,NA
"21025",0,0,NA,0,-1,"Medium"
"21026",0,0,NA,0,-1,"Medium"
"21027",21388,21389,"Previous_Irrigation_mm",73.2,1,NA
"21028",0,0,NA,0,-1,"Medium"
"21029",21390,21391,"Rainfall_mm",1922.095,1,NA
"21030",0,0,NA,0,-1,"Medium"
"21031",0,0,NA,0,-1,"High"
"21032",0,0,NA,0,-1,"High"
"21033",21392,21393,"Soil_Moisture",8.63,1,NA
"21034",0,0,NA,0,-1,"High"
"21035",0,0,NA,0,-1,"Medium"
"21036",0,0,NA,0,-1,"Low"
"21037",0,0,NA,0,-1,"Medium"
"21038",21394,21395,"Soil_Moisture",23.5,1,NA
"21039",0,0,NA,0,-1,"Medium"
"21040",0,0,NA,0,-1,"Low"
"21041",21396,21397,"Soil_pH",7.005,1,NA
"21042",0,0,NA,0,-1,"Medium"
"21043",0,0,NA,0,-1,"Low"
"21044",21398,21399,"Soil_pH",6.055,1,NA
"21045",0,0,NA,0,-1,"Low"
"21046",0,0,NA,0,-1,"Medium"
"21047",0,0,NA,0,-1,"Low"
"21048",21400,21401,"Region",15,1,NA
"21049",21402,21403,"Soil_Moisture",38.13,1,NA
"21050",0,0,NA,0,-1,"Low"
"21051",0,0,NA,0,-1,"Medium"
"21052",0,0,NA,0,-1,"Low"
"21053",0,0,NA,0,-1,"Medium"
"21054",21404,21405,"Water_Source",7,1,NA
"21055",21406,21407,"Electrical_Conductivity",0.67,1,NA
"21056",0,0,NA,0,-1,"Low"
"21057",21408,21409,"Season",2,1,NA
"21058",0,0,NA,0,-1,"Low"
"21059",0,0,NA,0,-1,"Medium"
"21060",0,0,NA,0,-1,"Low"
"21061",0,0,NA,0,-1,"Medium"
"21062",0,0,NA,0,-1,"Medium"
"21063",0,0,NA,0,-1,"Low"
"21064",0,0,NA,0,-1,"Low"
"21065",0,0,NA,0,-1,"Medium"
"21066",0,0,NA,0,-1,"Low"
"21067",21410,21411,"Previous_Irrigation_mm",84.8,1,NA
"21068",21412,21413,"Humidity",67.505,1,NA
"21069",21414,21415,"Field_Area_hectare",6.235,1,NA
"21070",21416,21417,"Humidity",48.94,1,NA
"21071",21418,21419,"Organic_Carbon",1.175,1,NA
"21072",0,0,NA,0,-1,"Medium"
"21073",0,0,NA,0,-1,"Low"
"21074",0,0,NA,0,-1,"Low"
"21075",21420,21421,"Rainfall_mm",1949.315,1,NA
"21076",21422,21423,"Soil_Moisture",30.235,1,NA
"21077",21424,21425,"Soil_pH",7.675,1,NA
"21078",21426,21427,"Temperature_C",37.93,1,NA
"21079",0,0,NA,0,-1,"Medium"
"21080",21428,21429,"Humidity",84.515,1,NA
"21081",0,0,NA,0,-1,"Medium"
"21082",0,0,NA,0,-1,"Low"
"21083",21430,21431,"Field_Area_hectare",11.745,1,NA
"21084",0,0,NA,0,-1,"Low"
"21085",21432,21433,"Wind_Speed_kmh",5.6,1,NA
"21086",0,0,NA,0,-1,"Low"
"21087",0,0,NA,0,-1,"Medium"
"21088",0,0,NA,0,-1,"Low"
"21089",0,0,NA,0,-1,"Medium"
"21090",21434,21435,"Temperature_C",27.685,1,NA
"21091",0,0,NA,0,-1,"Low"
"21092",21436,21437,"Field_Area_hectare",2.58,1,NA
"21093",0,0,NA,0,-1,"Medium"
"21094",0,0,NA,0,-1,"Low"
"21095",0,0,NA,0,-1,"Medium"
"21096",0,0,NA,0,-1,"Medium"
"21097",21438,21439,"Organic_Carbon",1.41,1,NA
"21098",0,0,NA,0,-1,"Low"
"21099",0,0,NA,0,-1,"Medium"
"21100",0,0,NA,0,-1,"Low"
"21101",0,0,NA,0,-1,"Medium"
"21102",0,0,NA,0,-1,"Low"
"21103",21440,21441,"Previous_Irrigation_mm",61.42,1,NA
"21104",21442,21443,"Rainfall_mm",2238.72,1,NA
"21105",0,0,NA,0,-1,"Low"
"21106",0,0,NA,0,-1,"Medium"
"21107",0,0,NA,0,-1,"Low"
"21108",21444,21445,"Previous_Irrigation_mm",109.695,1,NA
"21109",21446,21447,"Rainfall_mm",1826.185,1,NA
"21110",21448,21449,"Electrical_Conductivity",1.95,1,NA
"21111",0,0,NA,0,-1,"Medium"
"21112",0,0,NA,0,-1,"Medium"
"21113",0,0,NA,0,-1,"Low"
"21114",0,0,NA,0,-1,"Low"
"21115",21450,21451,"Previous_Irrigation_mm",15.035,1,NA
"21116",0,0,NA,0,-1,"Low"
"21117",0,0,NA,0,-1,"Medium"
"21118",0,0,NA,0,-1,"Medium"
"21119",0,0,NA,0,-1,"Low"
"21120",0,0,NA,0,-1,"Medium"
"21121",0,0,NA,0,-1,"Low"
"21122",21452,21453,"Electrical_Conductivity",1.705,1,NA
"21123",0,0,NA,0,-1,"Medium"
"21124",21454,21455,"Season",3,1,NA
"21125",21456,21457,"Soil_Type",1,1,NA
"21126",21458,21459,"Previous_Irrigation_mm",48.265,1,NA
"21127",21460,21461,"Sunlight_Hours",4.115,1,NA
"21128",0,0,NA,0,-1,"Medium"
"21129",0,0,NA,0,-1,"Low"
"21130",21462,21463,"Previous_Irrigation_mm",105.56,1,NA
"21131",0,0,NA,0,-1,"Low"
"21132",0,0,NA,0,-1,"Medium"
"21133",0,0,NA,0,-1,"Low"
"21134",21464,21465,"Wind_Speed_kmh",16.05,1,NA
"21135",21466,21467,"Organic_Carbon",0.765,1,NA
"21136",0,0,NA,0,-1,"Low"
"21137",0,0,NA,0,-1,"Medium"
"21138",0,0,NA,0,-1,"Low"
"21139",0,0,NA,0,-1,"Medium"
"21140",0,0,NA,0,-1,"Low"
"21141",0,0,NA,0,-1,"Medium"
"21142",21468,21469,"Soil_pH",5.215,1,NA
"21143",0,0,NA,0,-1,"Low"
"21144",0,0,NA,0,-1,"Medium"
"21145",21470,21471,"Irrigation_Type",6,1,NA
"21146",0,0,NA,0,-1,"Medium"
"21147",0,0,NA,0,-1,"Low"
"21148",0,0,NA,0,-1,"Low"
"21149",0,0,NA,0,-1,"Medium"
"21150",21472,21473,"Sunlight_Hours",4.305,1,NA
"21151",21474,21475,"Field_Area_hectare",7.405,1,NA
"21152",21476,21477,"Humidity",81.675,1,NA
"21153",0,0,NA,0,-1,"Medium"
"21154",21478,21479,"Season",1,1,NA
"21155",0,0,NA,0,-1,"Low"
"21156",0,0,NA,0,-1,"Low"
"21157",0,0,NA,0,-1,"Medium"
"21158",21480,21481,"Soil_pH",6.43,1,NA
"21159",21482,21483,"Soil_pH",6.195,1,NA
"21160",0,0,NA,0,-1,"Low"
"21161",0,0,NA,0,-1,"Medium"
"21162",21484,21485,"Rainfall_mm",1486.79,1,NA
"21163",21486,21487,"Previous_Irrigation_mm",114.81,1,NA
"21164",0,0,NA,0,-1,"Low"
"21165",21488,21489,"Rainfall_mm",2452.585,1,NA
"21166",21490,21491,"Soil_Moisture",39.29,1,NA
"21167",0,0,NA,0,-1,"Medium"
"21168",0,0,NA,0,-1,"Medium"
"21169",0,0,NA,0,-1,"High"
"21170",0,0,NA,0,-1,"High"
"21171",0,0,NA,0,-1,"Medium"
"21172",0,0,NA,0,-1,"Medium"
"21173",0,0,NA,0,-1,"High"
"21174",0,0,NA,0,-1,"Medium"
"21175",21492,21493,"Sunlight_Hours",7.165,1,NA
"21176",21494,21495,"Water_Source",1,1,NA
"21177",0,0,NA,0,-1,"Medium"
"21178",0,0,NA,0,-1,"Medium"
"21179",0,0,NA,0,-1,"Low"
"21180",21496,21497,"Wind_Speed_kmh",13.98,1,NA
"21181",0,0,NA,0,-1,"Medium"
"21182",0,0,NA,0,-1,"Medium"
"21183",21498,21499,"Previous_Irrigation_mm",24.16,1,NA
"21184",21500,21501,"Organic_Carbon",1,1,NA
"21185",0,0,NA,0,-1,"Medium"
"21186",21502,21503,"Previous_Irrigation_mm",90.205,1,NA
"21187",21504,21505,"Sunlight_Hours",10.91,1,NA
"21188",0,0,NA,0,-1,"Low"
"21189",0,0,NA,0,-1,"Medium"
"21190",0,0,NA,0,-1,"Medium"
"21191",0,0,NA,0,-1,"Low"
"21192",21506,21507,"Soil_Moisture",59.955,1,NA
"21193",0,0,NA,0,-1,"Medium"
"21194",0,0,NA,0,-1,"Medium"
"21195",0,0,NA,0,-1,"Low"
"21196",0,0,NA,0,-1,"Low"
"21197",21508,21509,"Soil_pH",5.635,1,NA
"21198",0,0,NA,0,-1,"Medium"
"21199",0,0,NA,0,-1,"Low"
"21200",21510,21511,"Soil_Moisture",50.48,1,NA
"21201",0,0,NA,0,-1,"Medium"
"21202",0,0,NA,0,-1,"Low"
"21203",0,0,NA,0,-1,"Medium"
"21204",0,0,NA,0,-1,"Low"
"21205",0,0,NA,0,-1,"Medium"
"21206",0,0,NA,0,-1,"Medium"
"21207",0,0,NA,0,-1,"Low"
"21208",21512,21513,"Soil_Type",2,1,NA
"21209",0,0,NA,0,-1,"Medium"
"21210",21514,21515,"Organic_Carbon",1.21,1,NA
"21211",0,0,NA,0,-1,"Medium"
"21212",21516,21517,"Temperature_C",26.275,1,NA
"21213",0,0,NA,0,-1,"Low"
"21214",21518,21519,"Electrical_Conductivity",1.955,1,NA
"21215",21520,21521,"Field_Area_hectare",7.82,1,NA
"21216",21522,21523,"Humidity",61.475,1,NA
"21217",21524,21525,"Soil_Moisture",22.84,1,NA
"21218",0,0,NA,0,-1,"Low"
"21219",0,0,NA,0,-1,"Medium"
"21220",21526,21527,"Soil_pH",6.285,1,NA
"21221",0,0,NA,0,-1,"Low"
"21222",0,0,NA,0,-1,"Low"
"21223",0,0,NA,0,-1,"Medium"
"21224",0,0,NA,0,-1,"Low"
"21225",0,0,NA,0,-1,"Medium"
"21226",0,0,NA,0,-1,"Low"
"21227",21528,21529,"Temperature_C",33.31,1,NA
"21228",0,0,NA,0,-1,"Medium"
"21229",21530,21531,"Water_Source",3,1,NA
"21230",21532,21533,"Temperature_C",30.945,1,NA
"21231",21534,21535,"Humidity",91.55,1,NA
"21232",21536,21537,"Soil_pH",5.61,1,NA
"21233",0,0,NA,0,-1,"Low"
"21234",0,0,NA,0,-1,"Low"
"21235",21538,21539,"Soil_Type",6,1,NA
"21236",0,0,NA,0,-1,"Medium"
"21237",0,0,NA,0,-1,"Low"
"21238",0,0,NA,0,-1,"Low"
"21239",0,0,NA,0,-1,"Medium"
"21240",0,0,NA,0,-1,"Low"
"21241",0,0,NA,0,-1,"Medium"
"21242",0,0,NA,0,-1,"Medium"
"21243",0,0,NA,0,-1,"Low"
"21244",0,0,NA,0,-1,"Medium"
"21245",0,0,NA,0,-1,"Low"
"21246",0,0,NA,0,-1,"Medium"
"21247",21540,21541,"Crop_Type",4,1,NA
"21248",0,0,NA,0,-1,"Medium"
"21249",21542,21543,"Water_Source",5,1,NA
"21250",0,0,NA,0,-1,"Medium"
"21251",0,0,NA,0,-1,"Low"
"21252",0,0,NA,0,-1,"Medium"
"21253",0,0,NA,0,-1,"Low"
"21254",0,0,NA,0,-1,"Low"
"21255",0,0,NA,0,-1,"Medium"
"21256",0,0,NA,0,-1,"Low"
"21257",0,0,NA,0,-1,"Medium"
"21258",0,0,NA,0,-1,"Medium"
"21259",0,0,NA,0,-1,"Low"
"21260",21544,21545,"Season",1,1,NA
"21261",21546,21547,"Sunlight_Hours",5.195,1,NA
"21262",0,0,NA,0,-1,"Medium"
"21263",0,0,NA,0,-1,"Low"
"21264",21548,21549,"Soil_Moisture",61.33,1,NA
"21265",0,0,NA,0,-1,"Low"
"21266",21550,21551,"Soil_Moisture",57.54,1,NA
"21267",0,0,NA,0,-1,"Low"
"21268",0,0,NA,0,-1,"Low"
"21269",21552,21553,"Soil_Type",2,1,NA
"21270",0,0,NA,0,-1,"Low"
"21271",21554,21555,"Organic_Carbon",0.925,1,NA
"21272",0,0,NA,0,-1,"Low"
"21273",21556,21557,"Humidity",65.355,1,NA
"21274",0,0,NA,0,-1,"Low"
"21275",21558,21559,"Season",1,1,NA
"21276",0,0,NA,0,-1,"Medium"
"21277",21560,21561,"Crop_Type",3,1,NA
"21278",0,0,NA,0,-1,"Low"
"21279",0,0,NA,0,-1,"Medium"
"21280",0,0,NA,0,-1,"Medium"
"21281",21562,21563,"Rainfall_mm",2189.295,1,NA
"21282",0,0,NA,0,-1,"Medium"
"21283",0,0,NA,0,-1,"Low"
"21284",21564,21565,"Wind_Speed_kmh",17.065,1,NA
"21285",0,0,NA,0,-1,"Low"
"21286",21566,21567,"Season",2,1,NA
"21287",0,0,NA,0,-1,"Low"
"21288",21568,21569,"Organic_Carbon",1.045,1,NA
"21289",21570,21571,"Organic_Carbon",1.055,1,NA
"21290",21572,21573,"Field_Area_hectare",4.71,1,NA
"21291",21574,21575,"Region",12,1,NA
"21292",0,0,NA,0,-1,"Low"
"21293",0,0,NA,0,-1,"Medium"
"21294",21576,21577,"Field_Area_hectare",1.61,1,NA
"21295",21578,21579,"Electrical_Conductivity",3.365,1,NA
"21296",0,0,NA,0,-1,"Low"
"21297",21580,21581,"Temperature_C",21.355,1,NA
"21298",0,0,NA,0,-1,"Low"
"21299",0,0,NA,0,-1,"Medium"
"21300",0,0,NA,0,-1,"Medium"
"21301",0,0,NA,0,-1,"Low"
"21302",21582,21583,"Sunlight_Hours",9.555,1,NA
"21303",0,0,NA,0,-1,"Low"
"21304",0,0,NA,0,-1,"Low"
"21305",0,0,NA,0,-1,"Medium"
"21306",0,0,NA,0,-1,"Medium"
"21307",21584,21585,"Soil_pH",7.385,1,NA
"21308",0,0,NA,0,-1,"Low"
"21309",0,0,NA,0,-1,"Medium"
"21310",0,0,NA,0,-1,"Low"
"21311",0,0,NA,0,-1,"Medium"
"21312",0,0,NA,0,-1,"Medium"
"21313",0,0,NA,0,-1,"Low"
"21314",0,0,NA,0,-1,"Low"
"21315",0,0,NA,0,-1,"Medium"
"21316",21586,21587,"Soil_Moisture",47.21,1,NA
"21317",0,0,NA,0,-1,"Low"
"21318",0,0,NA,0,-1,"Low"
"21319",0,0,NA,0,-1,"Medium"
"21320",21588,21589,"Sunlight_Hours",8.13,1,NA
"21321",0,0,NA,0,-1,"Low"
"21322",0,0,NA,0,-1,"Medium"
"21323",0,0,NA,0,-1,"Low"
"21324",0,0,NA,0,-1,"Low"
"21325",0,0,NA,0,-1,"Medium"
"21326",21590,21591,"Electrical_Conductivity",2.77,1,NA
"21327",0,0,NA,0,-1,"Medium"
"21328",0,0,NA,0,-1,"Low"
"21329",21592,21593,"Humidity",83.51,1,NA
"21330",21594,21595,"Electrical_Conductivity",1.875,1,NA
"21331",0,0,NA,0,-1,"Low"
"21332",0,0,NA,0,-1,"Low"
"21333",21596,21597,"Field_Area_hectare",8.12,1,NA
"21334",0,0,NA,0,-1,"Medium"
"21335",0,0,NA,0,-1,"Low"
"21336",21598,21599,"Rainfall_mm",1127.405,1,NA
"21337",0,0,NA,0,-1,"Medium"
"21338",21600,21601,"Wind_Speed_kmh",2.885,1,NA
"21339",0,0,NA,0,-1,"Low"
"21340",0,0,NA,0,-1,"Low"
"21341",21602,21603,"Organic_Carbon",0.935,1,NA
"21342",21604,21605,"Previous_Irrigation_mm",103.68,1,NA
"21343",21606,21607,"Electrical_Conductivity",2.345,1,NA
"21344",0,0,NA,0,-1,"Medium"
"21345",21608,21609,"Water_Source",1,1,NA
"21346",0,0,NA,0,-1,"Low"
"21347",21610,21611,"Wind_Speed_kmh",6.035,1,NA
"21348",0,0,NA,0,-1,"Medium"
"21349",21612,21613,"Humidity",51.51,1,NA
"21350",0,0,NA,0,-1,"Low"
"21351",21614,21615,"Soil_Moisture",51.785,1,NA
"21352",0,0,NA,0,-1,"Medium"
"21353",21616,21617,"Soil_Moisture",52.09,1,NA
"21354",0,0,NA,0,-1,"Low"
"21355",0,0,NA,0,-1,"Medium"
"21356",0,0,NA,0,-1,"Low"
"21357",0,0,NA,0,-1,"Medium"
"21358",0,0,NA,0,-1,"Low"
"21359",0,0,NA,0,-1,"Medium"
"21360",21618,21619,"Water_Source",1,1,NA
"21361",21620,21621,"Field_Area_hectare",2.705,1,NA
"21362",21622,21623,"Wind_Speed_kmh",5.035,1,NA
"21363",21624,21625,"Soil_Moisture",54.285,1,NA
"21364",0,0,NA,0,-1,"Medium"
"21365",0,0,NA,0,-1,"Low"
"21366",21626,21627,"Humidity",48.68,1,NA
"21367",21628,21629,"Soil_Moisture",61.58,1,NA
"21368",0,0,NA,0,-1,"Low"
"21369",0,0,NA,0,-1,"Medium"
"21370",21630,21631,"Irrigation_Type",2,1,NA
"21371",21632,21633,"Electrical_Conductivity",2.09,1,NA
"21372",21634,21635,"Soil_pH",7.78,1,NA
"21373",21636,21637,"Sunlight_Hours",6.01,1,NA
"21374",21638,21639,"Wind_Speed_kmh",14.295,1,NA
"21375",0,0,NA,0,-1,"Medium"
"21376",21640,21641,"Soil_Moisture",22.935,1,NA
"21377",21642,21643,"Soil_Moisture",24.36,1,NA
"21378",0,0,NA,0,-1,"Medium"
"21379",0,0,NA,0,-1,"High"
"21380",21644,21645,"Temperature_C",15.76,1,NA
"21381",0,0,NA,0,-1,"Medium"
"21382",0,0,NA,0,-1,"High"
"21383",0,0,NA,0,-1,"Medium"
"21384",21646,21647,"Water_Source",2,1,NA
"21385",0,0,NA,0,-1,"Medium"
"21386",0,0,NA,0,-1,"Medium"
"21387",21648,21649,"Crop_Type",16,1,NA
"21388",21650,21651,"Water_Source",2,1,NA
"21389",0,0,NA,0,-1,"Medium"
"21390",0,0,NA,0,-1,"High"
"21391",0,0,NA,0,-1,"Medium"
"21392",0,0,NA,0,-1,"High"
"21393",21652,21653,"Wind_Speed_kmh",3.435,1,NA
"21394",0,0,NA,0,-1,"Medium"
"21395",0,0,NA,0,-1,"Low"
"21396",0,0,NA,0,-1,"Medium"
"21397",0,0,NA,0,-1,"Low"
"21398",0,0,NA,0,-1,"Low"
"21399",0,0,NA,0,-1,"Medium"
"21400",0,0,NA,0,-1,"Low"
"21401",21654,21655,"Humidity",54.775,1,NA
"21402",0,0,NA,0,-1,"Medium"
"21403",0,0,NA,0,-1,"Low"
"21404",21656,21657,"Electrical_Conductivity",2.705,1,NA
"21405",21658,21659,"Electrical_Conductivity",2.37,1,NA
"21406",21660,21661,"Electrical_Conductivity",0.63,1,NA
"21407",0,0,NA,0,-1,"Low"
"21408",0,0,NA,0,-1,"Low"
"21409",0,0,NA,0,-1,"Medium"
"21410",0,0,NA,0,-1,"Medium"
"21411",0,0,NA,0,-1,"Low"
"21412",21662,21663,"Soil_Moisture",31.1,1,NA
"21413",0,0,NA,0,-1,"Medium"
"21414",0,0,NA,0,-1,"Low"
"21415",21664,21665,"Soil_Moisture",57.24,1,NA
"21416",21666,21667,"Humidity",48.565,1,NA
"21417",21668,21669,"Temperature_C",39.92,1,NA
"21418",21670,21671,"Soil_Moisture",61.9,1,NA
"21419",0,0,NA,0,-1,"Medium"
"21420",0,0,NA,0,-1,"Low"
"21421",0,0,NA,0,-1,"Medium"
"21422",0,0,NA,0,-1,"Medium"
"21423",21672,21673,"Organic_Carbon",1.095,1,NA
"21424",0,0,NA,0,-1,"Low"
"21425",21674,21675,"Region",4,1,NA
"21426",0,0,NA,0,-1,"Low"
"21427",0,0,NA,0,-1,"Medium"
"21428",21676,21677,"Wind_Speed_kmh",1.18,1,NA
"21429",21678,21679,"Previous_Irrigation_mm",59.46,1,NA
"21430",0,0,NA,0,-1,"Low"
"21431",0,0,NA,0,-1,"Medium"
"21432",0,0,NA,0,-1,"Medium"
"21433",0,0,NA,0,-1,"Low"
"21434",21680,21681,"Rainfall_mm",2238.595,1,NA
"21435",0,0,NA,0,-1,"Medium"
"21436",0,0,NA,0,-1,"Medium"
"21437",0,0,NA,0,-1,"Low"
"21438",0,0,NA,0,-1,"Low"
"21439",21682,21683,"Previous_Irrigation_mm",98.47,1,NA
"21440",0,0,NA,0,-1,"Low"
"21441",0,0,NA,0,-1,"Medium"
"21442",0,0,NA,0,-1,"Low"
"21443",0,0,NA,0,-1,"Medium"
"21444",0,0,NA,0,-1,"Medium"
"21445",0,0,NA,0,-1,"Low"
"21446",0,0,NA,0,-1,"Low"
"21447",21684,21685,"Previous_Irrigation_mm",80.165,1,NA
"21448",0,0,NA,0,-1,"Low"
"21449",21686,21687,"Humidity",43.155,1,NA
"21450",0,0,NA,0,-1,"Medium"
"21451",0,0,NA,0,-1,"Low"
"21452",21688,21689,"Humidity",27.965,1,NA
"21453",21690,21691,"Soil_Moisture",47.625,1,NA
"21454",21692,21693,"Temperature_C",18.63,1,NA
"21455",21694,21695,"Electrical_Conductivity",1.09,1,NA
"21456",21696,21697,"Region",2,1,NA
"21457",0,0,NA,0,-1,"Low"
"21458",0,0,NA,0,-1,"Low"
"21459",21698,21699,"Humidity",32.125,1,NA
"21460",21700,21701,"Rainfall_mm",2100.375,1,NA
"21461",21702,21703,"Soil_pH",7.52,1,NA
"21462",0,0,NA,0,-1,"Low"
"21463",0,0,NA,0,-1,"Medium"
"21464",0,0,NA,0,-1,"Low"
"21465",0,0,NA,0,-1,"Medium"
"21466",21704,21705,"Wind_Speed_kmh",15.485,1,NA
"21467",0,0,NA,0,-1,"Low"
"21468",21706,21707,"Sunlight_Hours",4.625,1,NA
"21469",21708,21709,"Soil_Moisture",35.54,1,NA
"21470",0,0,NA,0,-1,"Low"
"21471",21710,21711,"Temperature_C",25.085,1,NA
"21472",21712,21713,"Humidity",63.58,1,NA
"21473",21714,21715,"Rainfall_mm",2180.63,1,NA
"21474",0,0,NA,0,-1,"Medium"
"21475",0,0,NA,0,-1,"Low"
"21476",21716,21717,"Organic_Carbon",1.19,1,NA
"21477",0,0,NA,0,-1,"Low"
"21478",0,0,NA,0,-1,"Low"
"21479",21718,21719,"Soil_pH",6.825,1,NA
"21480",21720,21721,"Irrigation_Type",2,1,NA
"21481",21722,21723,"Previous_Irrigation_mm",45.085,1,NA
"21482",21724,21725,"Soil_Type",4,1,NA
"21483",21726,21727,"Soil_pH",6.245,1,NA
"21484",21728,21729,"Humidity",84.565,1,NA
"21485",0,0,NA,0,-1,"Low"
"21486",0,0,NA,0,-1,"Low"
"21487",21730,21731,"Soil_pH",5.65,1,NA
"21488",0,0,NA,0,-1,"Medium"
"21489",0,0,NA,0,-1,"Low"
"21490",21732,21733,"Soil_Type",2,1,NA
"21491",0,0,NA,0,-1,"Medium"
"21492",0,0,NA,0,-1,"High"
"21493",0,0,NA,0,-1,"Medium"
"21494",0,0,NA,0,-1,"Low"
"21495",0,0,NA,0,-1,"Medium"
"21496",0,0,NA,0,-1,"Medium"
"21497",0,0,NA,0,-1,"Low"
"21498",0,0,NA,0,-1,"Low"
"21499",0,0,NA,0,-1,"Medium"
"21500",0,0,NA,0,-1,"Medium"
"21501",0,0,NA,0,-1,"Low"
"21502",21734,21735,"Electrical_Conductivity",0.52,1,NA
"21503",21736,21737,"Humidity",37.9,1,NA
"21504",21738,21739,"Humidity",85.545,1,NA
"21505",21740,21741,"Previous_Irrigation_mm",71.81,1,NA
"21506",0,0,NA,0,-1,"Medium"
"21507",0,0,NA,0,-1,"Low"
"21508",0,0,NA,0,-1,"Low"
"21509",21742,21743,"Electrical_Conductivity",0.76,1,NA
"21510",21744,21745,"Wind_Speed_kmh",15.905,1,NA
"21511",0,0,NA,0,-1,"Medium"
"21512",21746,21747,"Wind_Speed_kmh",4.55,1,NA
"21513",0,0,NA,0,-1,"Low"
"21514",0,0,NA,0,-1,"Low"
"21515",0,0,NA,0,-1,"Medium"
"21516",0,0,NA,0,-1,"Low"
"21517",21748,21749,"Electrical_Conductivity",1.33,1,NA
"21518",0,0,NA,0,-1,"Medium"
"21519",21750,21751,"Soil_Moisture",17.64,1,NA
"21520",0,0,NA,0,-1,"Low"
"21521",21752,21753,"Crop_Growth_Stage",2,1,NA
"21522",21754,21755,"Irrigation_Type",2,1,NA
"21523",21756,21757,"Wind_Speed_kmh",6.53,1,NA
"21524",0,0,NA,0,-1,"Low"
"21525",21758,21759,"Soil_Moisture",23.305,1,NA
"21526",0,0,NA,0,-1,"Low"
"21527",0,0,NA,0,-1,"Medium"
"21528",0,0,NA,0,-1,"Low"
"21529",0,0,NA,0,-1,"Medium"
"21530",21760,21761,"Soil_Moisture",10.34,1,NA
"21531",21762,21763,"Organic_Carbon",1.04,1,NA
"21532",0,0,NA,0,-1,"Low"
"21533",0,0,NA,0,-1,"Medium"
"21534",0,0,NA,0,-1,"Low"
"21535",0,0,NA,0,-1,"Medium"
"21536",0,0,NA,0,-1,"Low"
"21537",21764,21765,"Crop_Type",1,1,NA
"21538",0,0,NA,0,-1,"Low"
"21539",0,0,NA,0,-1,"Medium"
"21540",0,0,NA,0,-1,"Low"
"21541",21766,21767,"Sunlight_Hours",5.015,1,NA
"21542",0,0,NA,0,-1,"Low"
"21543",0,0,NA,0,-1,"Medium"
"21544",21768,21769,"Soil_pH",6.455,1,NA
"21545",21770,21771,"Organic_Carbon",0.385,1,NA
"21546",0,0,NA,0,-1,"Low"
"21547",0,0,NA,0,-1,"Medium"
"21548",0,0,NA,0,-1,"Low"
"21549",21772,21773,"Rainfall_mm",1469.22,1,NA
"21550",0,0,NA,0,-1,"Medium"
"21551",0,0,NA,0,-1,"Low"
"21552",0,0,NA,0,-1,"Medium"
"21553",0,0,NA,0,-1,"Low"
"21554",0,0,NA,0,-1,"Low"
"21555",21774,21775,"Soil_Moisture",64.305,1,NA
"21556",0,0,NA,0,-1,"Medium"
"21557",0,0,NA,0,-1,"Low"
"21558",21776,21777,"Field_Area_hectare",8.48,1,NA
"21559",21778,21779,"Soil_Moisture",49.605,1,NA
"21560",0,0,NA,0,-1,"Low"
"21561",21780,21781,"Humidity",82.02,1,NA
"21562",0,0,NA,0,-1,"Medium"
"21563",21782,21783,"Sunlight_Hours",6.25,1,NA
"21564",0,0,NA,0,-1,"Low"
"21565",0,0,NA,0,-1,"Medium"
"21566",0,0,NA,0,-1,"Low"
"21567",0,0,NA,0,-1,"Medium"
"21568",0,0,NA,0,-1,"Medium"
"21569",21784,21785,"Soil_Moisture",49.68,1,NA
"21570",21786,21787,"Crop_Type",7,1,NA
"21571",21788,21789,"Field_Area_hectare",14.32,1,NA
"21572",21790,21791,"Soil_pH",5.935,1,NA
"21573",0,0,NA,0,-1,"Low"
"21574",0,0,NA,0,-1,"Low"
"21575",21792,21793,"Crop_Type",8,1,NA
"21576",21794,21795,"Sunlight_Hours",8.645,1,NA
"21577",21796,21797,"Water_Source",3,1,NA
"21578",0,0,NA,0,-1,"Low"
"21579",0,0,NA,0,-1,"Medium"
"21580",21798,21799,"Previous_Irrigation_mm",82.195,1,NA
"21581",0,0,NA,0,-1,"Medium"
"21582",21800,21801,"Rainfall_mm",1820.27,1,NA
"21583",0,0,NA,0,-1,"Low"
"21584",21802,21803,"Wind_Speed_kmh",1.085,1,NA
"21585",21804,21805,"Humidity",32.84,1,NA
"21586",0,0,NA,0,-1,"Medium"
"21587",0,0,NA,0,-1,"Low"
"21588",0,0,NA,0,-1,"Low"
"21589",0,0,NA,0,-1,"Medium"
"21590",0,0,NA,0,-1,"Low"
"21591",0,0,NA,0,-1,"Medium"
"21592",0,0,NA,0,-1,"Medium"
"21593",0,0,NA,0,-1,"Low"
"21594",21806,21807,"Electrical_Conductivity",1.675,1,NA
"21595",0,0,NA,0,-1,"Low"
"21596",0,0,NA,0,-1,"Medium"
"21597",0,0,NA,0,-1,"Low"
"21598",0,0,NA,0,-1,"Low"
"21599",0,0,NA,0,-1,"Medium"
"21600",0,0,NA,0,-1,"Medium"
"21601",0,0,NA,0,-1,"Low"
"21602",0,0,NA,0,-1,"Medium"
"21603",0,0,NA,0,-1,"Low"
"21604",21808,21809,"Sunlight_Hours",6.17,1,NA
"21605",0,0,NA,0,-1,"Low"
"21606",0,0,NA,0,-1,"Medium"
"21607",0,0,NA,0,-1,"Low"
"21608",21810,21811,"Electrical_Conductivity",1.465,1,NA
"21609",0,0,NA,0,-1,"Low"
"21610",0,0,NA,0,-1,"Medium"
"21611",0,0,NA,0,-1,"Low"
"21612",0,0,NA,0,-1,"Medium"
"21613",0,0,NA,0,-1,"Low"
"21614",0,0,NA,0,-1,"Medium"
"21615",0,0,NA,0,-1,"Low"
"21616",0,0,NA,0,-1,"Low"
"21617",21812,21813,"Rainfall_mm",1491.46,1,NA
"21618",21814,21815,"Rainfall_mm",2285.21,1,NA
"21619",0,0,NA,0,-1,"Low"
"21620",21816,21817,"Organic_Carbon",0.445,1,NA
"21621",0,0,NA,0,-1,"Low"
"21622",0,0,NA,0,-1,"Medium"
"21623",21818,21819,"Sunlight_Hours",4.075,1,NA
"21624",0,0,NA,0,-1,"Low"
"21625",21820,21821,"Soil_pH",5.05,1,NA
"21626",0,0,NA,0,-1,"Low"
"21627",21822,21823,"Soil_pH",5.795,1,NA
"21628",0,0,NA,0,-1,"Low"
"21629",0,0,NA,0,-1,"Medium"
"21630",0,0,NA,0,-1,"Medium"
"21631",21824,21825,"Crop_Growth_Stage",1,1,NA
"21632",21826,21827,"Crop_Type",8,1,NA
"21633",0,0,NA,0,-1,"Low"
"21634",0,0,NA,0,-1,"Low"
"21635",21828,21829,"Soil_Type",1,1,NA
"21636",21830,21831,"Previous_Irrigation_mm",89.5,1,NA
"21637",0,0,NA,0,-1,"Low"
"21638",0,0,NA,0,-1,"High"
"21639",21832,21833,"Rainfall_mm",1854.73,1,NA
"21640",21834,21835,"Crop_Type",2,1,NA
"21641",21836,21837,"Soil_pH",4.925,1,NA
"21642",0,0,NA,0,-1,"Medium"
"21643",21838,21839,"Crop_Type",2,1,NA
"21644",21840,21841,"Sunlight_Hours",4.965,1,NA
"21645",21842,21843,"Previous_Irrigation_mm",75.05,1,NA
"21646",0,0,NA,0,-1,"Medium"
"21647",21844,21845,"Organic_Carbon",0.79,1,NA
"21648",0,0,NA,0,-1,"Medium"
"21649",21846,21847,"Previous_Irrigation_mm",78.495,1,NA
"21650",0,0,NA,0,-1,"Medium"
"21651",21848,21849,"Temperature_C",20.42,1,NA
"21652",21850,21851,"Irrigation_Type",3,1,NA
"21653",0,0,NA,0,-1,"Medium"
"21654",0,0,NA,0,-1,"Medium"
"21655",0,0,NA,0,-1,"Low"
"21656",0,0,NA,0,-1,"Low"
"21657",21852,21853,"Humidity",38.33,1,NA
"21658",0,0,NA,0,-1,"Medium"
"21659",0,0,NA,0,-1,"Low"
"21660",0,0,NA,0,-1,"Low"
"21661",0,0,NA,0,-1,"Medium"
"21662",21854,21855,"Organic_Carbon",0.935,1,NA
"21663",21856,21857,"Organic_Carbon",0.585,1,NA
"21664",0,0,NA,0,-1,"Low"
"21665",21858,21859,"Humidity",89.105,1,NA
"21666",0,0,NA,0,-1,"Low"
"21667",0,0,NA,0,-1,"Medium"
"21668",21860,21861,"Soil_Type",2,1,NA
"21669",21862,21863,"Wind_Speed_kmh",4.795,1,NA
"21670",21864,21865,"Humidity",50.04,1,NA
"21671",0,0,NA,0,-1,"Medium"
"21672",0,0,NA,0,-1,"Low"
"21673",0,0,NA,0,-1,"Medium"
"21674",0,0,NA,0,-1,"Medium"
"21675",0,0,NA,0,-1,"Low"
"21676",21866,21867,"Rainfall_mm",2291.45,1,NA
"21677",21868,21869,"Irrigation_Type",2,1,NA
"21678",0,0,NA,0,-1,"Medium"
"21679",0,0,NA,0,-1,"Low"
"21680",0,0,NA,0,-1,"Low"
"21681",21870,21871,"Irrigation_Type",2,1,NA
"21682",0,0,NA,0,-1,"Medium"
"21683",0,0,NA,0,-1,"Low"
"21684",21872,21873,"Electrical_Conductivity",1.37,1,NA
"21685",0,0,NA,0,-1,"Medium"
"21686",0,0,NA,0,-1,"Low"
"21687",21874,21875,"Rainfall_mm",2263.395,1,NA
"21688",0,0,NA,0,-1,"Medium"
"21689",21876,21877,"Humidity",86.505,1,NA
"21690",0,0,NA,0,-1,"Medium"
"21691",21878,21879,"Wind_Speed_kmh",12.17,1,NA
"21692",21880,21881,"Rainfall_mm",1508.935,1,NA
"21693",21882,21883,"Soil_Type",7,1,NA
"21694",0,0,NA,0,-1,"Low"
"21695",21884,21885,"Field_Area_hectare",12.76,1,NA
"21696",0,0,NA,0,-1,"Medium"
"21697",0,0,NA,0,-1,"Low"
"21698",0,0,NA,0,-1,"Low"
"21699",0,0,NA,0,-1,"Medium"
"21700",0,0,NA,0,-1,"Medium"
"21701",0,0,NA,0,-1,"Low"
"21702",0,0,NA,0,-1,"Low"
"21703",21886,21887,"Soil_pH",7.57,1,NA
"21704",0,0,NA,0,-1,"Medium"
"21705",0,0,NA,0,-1,"Low"
"21706",21888,21889,"Temperature_C",18.36,1,NA
"21707",0,0,NA,0,-1,"Low"
"21708",21890,21891,"Wind_Speed_kmh",15.255,1,NA
"21709",0,0,NA,0,-1,"Low"
"21710",21892,21893,"Field_Area_hectare",10.225,1,NA
"21711",0,0,NA,0,-1,"Low"
"21712",0,0,NA,0,-1,"Low"
"21713",0,0,NA,0,-1,"Medium"
"21714",21894,21895,"Temperature_C",16.35,1,NA
"21715",21896,21897,"Temperature_C",16.305,1,NA
"21716",0,0,NA,0,-1,"Low"
"21717",0,0,NA,0,-1,"Medium"
"21718",0,0,NA,0,-1,"Medium"
"21719",0,0,NA,0,-1,"Low"
"21720",21898,21899,"Rainfall_mm",1731.33,1,NA
"21721",21900,21901,"Region",4,1,NA
"21722",0,0,NA,0,-1,"Low"
"21723",0,0,NA,0,-1,"Medium"
"21724",21902,21903,"Sunlight_Hours",7.51,1,NA
"21725",0,0,NA,0,-1,"Low"
"21726",21904,21905,"Humidity",45.84,1,NA
"21727",0,0,NA,0,-1,"Low"
"21728",21906,21907,"Humidity",63.37,1,NA
"21729",0,0,NA,0,-1,"Medium"
"21730",0,0,NA,0,-1,"Medium"
"21731",0,0,NA,0,-1,"Low"
"21732",21908,21909,"Rainfall_mm",1249.305,1,NA
"21733",0,0,NA,0,-1,"Low"
"21734",21910,21911,"Electrical_Conductivity",0.475,1,NA
"21735",0,0,NA,0,-1,"Medium"
"21736",0,0,NA,0,-1,"Low"
"21737",21912,21913,"Wind_Speed_kmh",18.265,1,NA
"21738",0,0,NA,0,-1,"Medium"
"21739",21914,21915,"Soil_Moisture",37.935,1,NA
"21740",0,0,NA,0,-1,"Medium"
"21741",0,0,NA,0,-1,"Low"
"21742",0,0,NA,0,-1,"Low"
"21743",0,0,NA,0,-1,"Medium"
"21744",0,0,NA,0,-1,"Medium"
"21745",0,0,NA,0,-1,"Low"
"21746",0,0,NA,0,-1,"Medium"
"21747",0,0,NA,0,-1,"Low"
"21748",0,0,NA,0,-1,"Medium"
"21749",0,0,NA,0,-1,"Low"
"21750",0,0,NA,0,-1,"Medium"
"21751",0,0,NA,0,-1,"Low"
"21752",0,0,NA,0,-1,"Low"
"21753",21916,21917,"Rainfall_mm",1013.13,1,NA
"21754",21918,21919,"Rainfall_mm",2165.67,1,NA
"21755",0,0,NA,0,-1,"Low"
"21756",21920,21921,"Temperature_C",22.735,1,NA
"21757",0,0,NA,0,-1,"Low"
"21758",0,0,NA,0,-1,"Medium"
"21759",0,0,NA,0,-1,"Low"
"21760",21922,21923,"Organic_Carbon",0.76,1,NA
"21761",0,0,NA,0,-1,"Low"
"21762",0,0,NA,0,-1,"Medium"
"21763",0,0,NA,0,-1,"Low"
"21764",0,0,NA,0,-1,"Medium"
"21765",0,0,NA,0,-1,"Low"
"21766",0,0,NA,0,-1,"Medium"
"21767",21924,21925,"Soil_pH",6.015,1,NA
"21768",21926,21927,"Temperature_C",40.655,1,NA
"21769",21928,21929,"Soil_pH",6.555,1,NA
"21770",21930,21931,"Temperature_C",33.61,1,NA
"21771",0,0,NA,0,-1,"Low"
"21772",0,0,NA,0,-1,"Medium"
"21773",0,0,NA,0,-1,"Low"
"21774",0,0,NA,0,-1,"Low"
"21775",0,0,NA,0,-1,"Medium"
"21776",0,0,NA,0,-1,"Low"
"21777",21932,21933,"Region",1,1,NA
"21778",0,0,NA,0,-1,"Low"
"21779",21934,21935,"Soil_Moisture",50.285,1,NA
"21780",0,0,NA,0,-1,"Low"
"21781",0,0,NA,0,-1,"Medium"
"21782",0,0,NA,0,-1,"Low"
"21783",21936,21937,"Humidity",74.115,1,NA
"21784",0,0,NA,0,-1,"Low"
"21785",21938,21939,"Electrical_Conductivity",0.485,1,NA
"21786",0,0,NA,0,-1,"Low"
"21787",21940,21941,"Temperature_C",35.83,1,NA
"21788",0,0,NA,0,-1,"Low"
"21789",21942,21943,"Region",8,1,NA
"21790",0,0,NA,0,-1,"Low"
"21791",21944,21945,"Crop_Type",1,1,NA
"21792",21946,21947,"Irrigation_Type",6,1,NA
"21793",21948,21949,"Soil_pH",6.955,1,NA
"21794",0,0,NA,0,-1,"Low"
"21795",0,0,NA,0,-1,"Medium"
"21796",0,0,NA,0,-1,"Low"
"21797",21950,21951,"Temperature_C",39.17,1,NA
"21798",0,0,NA,0,-1,"Low"
"21799",0,0,NA,0,-1,"Medium"
"21800",0,0,NA,0,-1,"Low"
"21801",0,0,NA,0,-1,"Medium"
"21802",0,0,NA,0,-1,"Low"
"21803",21952,21953,"Water_Source",3,1,NA
"21804",0,0,NA,0,-1,"Medium"
"21805",0,0,NA,0,-1,"Low"
"21806",0,0,NA,0,-1,"Low"
"21807",0,0,NA,0,-1,"Medium"
"21808",21954,21955,"Field_Area_hectare",8.93,1,NA
"21809",21956,21957,"Previous_Irrigation_mm",103.19,1,NA
"21810",0,0,NA,0,-1,"Low"
"21811",21958,21959,"Temperature_C",27.53,1,NA
"21812",21960,21961,"Previous_Irrigation_mm",25.95,1,NA
"21813",21962,21963,"Soil_pH",6.055,1,NA
"21814",0,0,NA,0,-1,"Low"
"21815",21964,21965,"Temperature_C",24.905,1,NA
"21816",21966,21967,"Soil_Type",5,1,NA
"21817",21968,21969,"Crop_Type",31,1,NA
"21818",21970,21971,"Soil_Type",1,1,NA
"21819",21972,21973,"Region",15,1,NA
"21820",0,0,NA,0,-1,"Medium"
"21821",0,0,NA,0,-1,"Low"
"21822",0,0,NA,0,-1,"Medium"
"21823",0,0,NA,0,-1,"Low"
"21824",0,0,NA,0,-1,"Low"
"21825",21974,21975,"Soil_pH",5.6,1,NA
"21826",0,0,NA,0,-1,"Medium"
"21827",21976,21977,"Humidity",81.64,1,NA
"21828",0,0,NA,0,-1,"Medium"
"21829",0,0,NA,0,-1,"Low"
"21830",21978,21979,"Rainfall_mm",2146.26,1,NA
"21831",21980,21981,"Humidity",40.245,1,NA
"21832",0,0,NA,0,-1,"Medium"
"21833",21982,21983,"Sunlight_Hours",8.73,1,NA
"21834",21984,21985,"Wind_Speed_kmh",17.44,1,NA
"21835",0,0,NA,0,-1,"Medium"
"21836",0,0,NA,0,-1,"High"
"21837",21986,21987,"Crop_Type",1,1,NA
"21838",0,0,NA,0,-1,"High"
"21839",0,0,NA,0,-1,"Medium"
"21840",21988,21989,"Crop_Growth_Stage",1,1,NA
"21841",21990,21991,"Irrigation_Type",4,1,NA
"21842",21992,21993,"Soil_Moisture",11.335,1,NA
"21843",0,0,NA,0,-1,"High"
"21844",0,0,NA,0,-1,"Medium"
"21845",0,0,NA,0,-1,"High"
"21846",0,0,NA,0,-1,"Medium"
"21847",0,0,NA,0,-1,"High"
"21848",0,0,NA,0,-1,"Medium"
"21849",0,0,NA,0,-1,"High"
"21850",0,0,NA,0,-1,"Medium"
"21851",0,0,NA,0,-1,"High"
"21852",0,0,NA,0,-1,"Medium"
"21853",0,0,NA,0,-1,"Low"
"21854",0,0,NA,0,-1,"Low"
"21855",0,0,NA,0,-1,"Medium"
"21856",21994,21995,"Temperature_C",36.23,1,NA
"21857",21996,21997,"Rainfall_mm",1034.6,1,NA
"21858",21998,21999,"Soil_pH",7.81,1,NA
"21859",0,0,NA,0,-1,"Medium"
"21860",0,0,NA,0,-1,"Low"
"21861",22000,22001,"Organic_Carbon",0.655,1,NA
"21862",0,0,NA,0,-1,"Medium"
"21863",0,0,NA,0,-1,"Low"
"21864",22002,22003,"Temperature_C",38.125,1,NA
"21865",0,0,NA,0,-1,"Low"
"21866",0,0,NA,0,-1,"Low"
"21867",0,0,NA,0,-1,"Medium"
"21868",22004,22005,"Sunlight_Hours",7.27,1,NA
"21869",0,0,NA,0,-1,"Low"
"21870",0,0,NA,0,-1,"Medium"
"21871",0,0,NA,0,-1,"Low"
"21872",22006,22007,"Sunlight_Hours",9.685,1,NA
"21873",0,0,NA,0,-1,"Low"
"21874",22008,22009,"Field_Area_hectare",10.51,1,NA
"21875",0,0,NA,0,-1,"Low"
"21876",22010,22011,"Season",3,1,NA
"21877",22012,22013,"Rainfall_mm",718.83,1,NA
"21878",0,0,NA,0,-1,"Low"
"21879",0,0,NA,0,-1,"Medium"
"21880",22014,22015,"Soil_pH",7.695,1,NA
"21881",0,0,NA,0,-1,"Low"
"21882",0,0,NA,0,-1,"Low"
"21883",22016,22017,"Field_Area_hectare",2.575,1,NA
"21884",22018,22019,"Temperature_C",25.585,1,NA
"21885",0,0,NA,0,-1,"Medium"
"21886",22020,22021,"Irrigation_Type",7,1,NA
"21887",0,0,NA,0,-1,"Low"
"21888",0,0,NA,0,-1,"Low"
"21889",0,0,NA,0,-1,"Medium"
"21890",0,0,NA,0,-1,"Low"
"21891",22022,22023,"Wind_Speed_kmh",16.88,1,NA
"21892",22024,22025,"Field_Area_hectare",4.535,1,NA
"21893",0,0,NA,0,-1,"Medium"
"21894",22026,22027,"Humidity",58.03,1,NA
"21895",0,0,NA,0,-1,"Low"
"21896",22028,22029,"Sunlight_Hours",5.81,1,NA
"21897",0,0,NA,0,-1,"Low"
"21898",22030,22031,"Region",4,1,NA
"21899",0,0,NA,0,-1,"Low"
"21900",22032,22033,"Crop_Type",16,1,NA
"21901",0,0,NA,0,-1,"Low"
"21902",22034,22035,"Temperature_C",26.985,1,NA
"21903",0,0,NA,0,-1,"Low"
"21904",0,0,NA,0,-1,"Low"
"21905",0,0,NA,0,-1,"Medium"
"21906",0,0,NA,0,-1,"Low"
"21907",22036,22037,"Rainfall_mm",944.88,1,NA
"21908",0,0,NA,0,-1,"Medium"
"21909",0,0,NA,0,-1,"Low"
"21910",0,0,NA,0,-1,"Medium"
"21911",0,0,NA,0,-1,"Low"
"21912",0,0,NA,0,-1,"Medium"
"21913",22038,22039,"Soil_Moisture",37.05,1,NA
"21914",0,0,NA,0,-1,"Medium"
"21915",0,0,NA,0,-1,"Low"
"21916",0,0,NA,0,-1,"Low"
"21917",0,0,NA,0,-1,"Medium"
"21918",0,0,NA,0,-1,"Medium"
"21919",0,0,NA,0,-1,"Low"
"21920",0,0,NA,0,-1,"Medium"
"21921",0,0,NA,0,-1,"Low"
"21922",0,0,NA,0,-1,"Low"
"21923",0,0,NA,0,-1,"Medium"
"21924",0,0,NA,0,-1,"Low"
"21925",0,0,NA,0,-1,"Medium"
"21926",0,0,NA,0,-1,"Low"
"21927",22040,22041,"Previous_Irrigation_mm",63.155,1,NA
"21928",22042,22043,"Irrigation_Type",6,1,NA
"21929",22044,22045,"Organic_Carbon",0.555,1,NA
"21930",0,0,NA,0,-1,"Medium"
"21931",0,0,NA,0,-1,"Low"
"21932",0,0,NA,0,-1,"Medium"
"21933",22046,22047,"Rainfall_mm",871.175,1,NA
"21934",0,0,NA,0,-1,"Medium"
"21935",0,0,NA,0,-1,"Low"
"21936",0,0,NA,0,-1,"Low"
"21937",0,0,NA,0,-1,"Medium"
"21938",0,0,NA,0,-1,"Low"
"21939",0,0,NA,0,-1,"Medium"
"21940",0,0,NA,0,-1,"Low"
"21941",0,0,NA,0,-1,"Medium"
"21942",22048,22049,"Field_Area_hectare",14.35,1,NA
"21943",0,0,NA,0,-1,"Low"
"21944",0,0,NA,0,-1,"Low"
"21945",0,0,NA,0,-1,"Medium"
"21946",0,0,NA,0,-1,"Low"
"21947",22050,22051,"Rainfall_mm",1163.87,1,NA
"21948",22052,22053,"Soil_pH",6.935,1,NA
"21949",0,0,NA,0,-1,"Low"
"21950",0,0,NA,0,-1,"Low"
"21951",0,0,NA,0,-1,"Medium"
"21952",0,0,NA,0,-1,"Low"
"21953",22054,22055,"Temperature_C",28.6,1,NA
"21954",0,0,NA,0,-1,"Medium"
"21955",0,0,NA,0,-1,"Low"
"21956",0,0,NA,0,-1,"Low"
"21957",22056,22057,"Electrical_Conductivity",2.18,1,NA
"21958",0,0,NA,0,-1,"Low"
"21959",0,0,NA,0,-1,"Medium"
"21960",0,0,NA,0,-1,"Medium"
"21961",0,0,NA,0,-1,"Low"
"21962",0,0,NA,0,-1,"Medium"
"21963",0,0,NA,0,-1,"Low"
"21964",22058,22059,"Organic_Carbon",0.965,1,NA
"21965",0,0,NA,0,-1,"Low"
"21966",0,0,NA,0,-1,"Low"
"21967",0,0,NA,0,-1,"Medium"
"21968",0,0,NA,0,-1,"Low"
"21969",22060,22061,"Field_Area_hectare",2.54,1,NA
"21970",0,0,NA,0,-1,"Low"
"21971",0,0,NA,0,-1,"Medium"
"21972",22062,22063,"Electrical_Conductivity",0.995,1,NA
"21973",22064,22065,"Crop_Type",31,1,NA
"21974",0,0,NA,0,-1,"Low"
"21975",0,0,NA,0,-1,"Medium"
"21976",0,0,NA,0,-1,"Low"
"21977",22066,22067,"Rainfall_mm",2328.845,1,NA
"21978",0,0,NA,0,-1,"Low"
"21979",0,0,NA,0,-1,"Medium"
"21980",22068,22069,"Wind_Speed_kmh",5.04,1,NA
"21981",0,0,NA,0,-1,"Low"
"21982",0,0,NA,0,-1,"High"
"21983",0,0,NA,0,-1,"Medium"
"21984",0,0,NA,0,-1,"Medium"
"21985",0,0,NA,0,-1,"High"
"21986",0,0,NA,0,-1,"High"
"21987",0,0,NA,0,-1,"Medium"
"21988",0,0,NA,0,-1,"Medium"
"21989",0,0,NA,0,-1,"High"
"21990",22070,22071,"Soil_Type",4,1,NA
"21991",0,0,NA,0,-1,"Medium"
"21992",22072,22073,"Rainfall_mm",743.365,1,NA
"21993",0,0,NA,0,-1,"Medium"
"21994",0,0,NA,0,-1,"Medium"
"21995",0,0,NA,0,-1,"Low"
"21996",22074,22075,"Electrical_Conductivity",2.79,1,NA
"21997",0,0,NA,0,-1,"Low"
"21998",0,0,NA,0,-1,"Low"
"21999",0,0,NA,0,-1,"Medium"
"22000",0,0,NA,0,-1,"Medium"
"22001",22076,22077,"Region",1,1,NA
"22002",0,0,NA,0,-1,"Medium"
"22003",0,0,NA,0,-1,"Low"
"22004",0,0,NA,0,-1,"Low"
"22005",0,0,NA,0,-1,"Medium"
"22006",0,0,NA,0,-1,"Low"
"22007",0,0,NA,0,-1,"Medium"
"22008",22078,22079,"Soil_pH",5.62,1,NA
"22009",0,0,NA,0,-1,"Medium"
"22010",0,0,NA,0,-1,"Low"
"22011",22080,22081,"Soil_Type",4,1,NA
"22012",0,0,NA,0,-1,"Low"
"22013",0,0,NA,0,-1,"Medium"
"22014",22082,22083,"Temperature_C",17.98,1,NA
"22015",0,0,NA,0,-1,"Medium"
"22016",22084,22085,"Soil_pH",7.465,1,NA
"22017",0,0,NA,0,-1,"Low"
"22018",0,0,NA,0,-1,"Low"
"22019",22086,22087,"Soil_Moisture",39.38,1,NA
"22020",22088,22089,"Rainfall_mm",2128.5,1,NA
"22021",0,0,NA,0,-1,"Medium"
"22022",0,0,NA,0,-1,"Medium"
"22023",0,0,NA,0,-1,"Low"
"22024",22090,22091,"Soil_Moisture",50.61,1,NA
"22025",0,0,NA,0,-1,"Low"
"22026",0,0,NA,0,-1,"Low"
"22027",22092,22093,"Humidity",64.27,1,NA
"22028",0,0,NA,0,-1,"Low"
"22029",0,0,NA,0,-1,"Medium"
"22030",0,0,NA,0,-1,"Low"
"22031",0,0,NA,0,-1,"Medium"
"22032",22094,22095,"Sunlight_Hours",6.835,1,NA
"22033",0,0,NA,0,-1,"Low"
"22034",0,0,NA,0,-1,"Medium"
"22035",0,0,NA,0,-1,"Low"
"22036",0,0,NA,0,-1,"Low"
"22037",22096,22097,"Electrical_Conductivity",1.14,1,NA
"22038",0,0,NA,0,-1,"Medium"
"22039",0,0,NA,0,-1,"Low"
"22040",0,0,NA,0,-1,"Low"
"22041",0,0,NA,0,-1,"Medium"
"22042",0,0,NA,0,-1,"Medium"
"22043",0,0,NA,0,-1,"Low"
"22044",22098,22099,"Region",4,1,NA
"22045",22100,22101,"Humidity",84.02,1,NA
"22046",0,0,NA,0,-1,"Medium"
"22047",0,0,NA,0,-1,"Low"
"22048",0,0,NA,0,-1,"Medium"
"22049",0,0,NA,0,-1,"Low"
"22050",22102,22103,"Rainfall_mm",1119.34,1,NA
"22051",22104,22105,"Soil_Type",1,1,NA
"22052",22106,22107,"Crop_Type",19,1,NA
"22053",22108,22109,"Rainfall_mm",1336.175,1,NA
"22054",22110,22111,"Field_Area_hectare",10.105,1,NA
"22055",0,0,NA,0,-1,"Low"
"22056",0,0,NA,0,-1,"Medium"
"22057",0,0,NA,0,-1,"Low"
"22058",0,0,NA,0,-1,"Medium"
"22059",0,0,NA,0,-1,"Low"
"22060",0,0,NA,0,-1,"Low"
"22061",0,0,NA,0,-1,"Medium"
"22062",22112,22113,"Wind_Speed_kmh",5.23,1,NA
"22063",0,0,NA,0,-1,"Low"
"22064",22114,22115,"Previous_Irrigation_mm",73.65,1,NA
"22065",22116,22117,"Organic_Carbon",0.815,1,NA
"22066",0,0,NA,0,-1,"Low"
"22067",0,0,NA,0,-1,"Medium"
"22068",0,0,NA,0,-1,"Low"
"22069",0,0,NA,0,-1,"Medium"
"22070",0,0,NA,0,-1,"High"
"22071",0,0,NA,0,-1,"Medium"
"22072",0,0,NA,0,-1,"High"
"22073",0,0,NA,0,-1,"Medium"
"22074",0,0,NA,0,-1,"Low"
"22075",22118,22119,"Rainfall_mm",1004.62,1,NA
"22076",22120,22121,"Soil_pH",7.24,1,NA
"22077",22122,22123,"Organic_Carbon",0.895,1,NA
"22078",0,0,NA,0,-1,"Low"
"22079",0,0,NA,0,-1,"Medium"
"22080",0,0,NA,0,-1,"Medium"
"22081",0,0,NA,0,-1,"Low"
"22082",0,0,NA,0,-1,"Low"
"22083",0,0,NA,0,-1,"Medium"
"22084",0,0,NA,0,-1,"Medium"
"22085",0,0,NA,0,-1,"Low"
"22086",0,0,NA,0,-1,"Medium"
"22087",0,0,NA,0,-1,"Low"
"22088",0,0,NA,0,-1,"Low"
"22089",0,0,NA,0,-1,"Medium"
"22090",0,0,NA,0,-1,"Medium"
"22091",0,0,NA,0,-1,"Low"
"22092",0,0,NA,0,-1,"Medium"
"22093",0,0,NA,0,-1,"Low"
"22094",22124,22125,"Field_Area_hectare",10.225,1,NA
"22095",0,0,NA,0,-1,"Medium"
"22096",0,0,NA,0,-1,"Medium"
"22097",22126,22127,"Soil_pH",7.67,1,NA
"22098",22128,22129,"Previous_Irrigation_mm",27.675,1,NA
"22099",0,0,NA,0,-1,"Low"
"22100",0,0,NA,0,-1,"Low"
"22101",22130,22131,"Region",1,1,NA
"22102",0,0,NA,0,-1,"Low"
"22103",0,0,NA,0,-1,"Medium"
"22104",22132,22133,"Electrical_Conductivity",2.755,1,NA
"22105",0,0,NA,0,-1,"Low"
"22106",22134,22135,"Sunlight_Hours",7.185,1,NA
"22107",0,0,NA,0,-1,"Low"
"22108",0,0,NA,0,-1,"Medium"
"22109",0,0,NA,0,-1,"Low"
"22110",0,0,NA,0,-1,"Medium"
"22111",0,0,NA,0,-1,"Low"
"22112",22136,22137,"Crop_Type",2,1,NA
"22113",22138,22139,"Rainfall_mm",2154.155,1,NA
"22114",0,0,NA,0,-1,"Low"
"22115",22140,22141,"Soil_Moisture",35.265,1,NA
"22116",0,0,NA,0,-1,"Medium"
"22117",0,0,NA,0,-1,"Low"
"22118",0,0,NA,0,-1,"Low"
"22119",0,0,NA,0,-1,"Medium"
"22120",0,0,NA,0,-1,"Medium"
"22121",0,0,NA,0,-1,"Low"
"22122",22142,22143,"Electrical_Conductivity",0.81,1,NA
"22123",0,0,NA,0,-1,"Low"
"22124",0,0,NA,0,-1,"Low"
"22125",0,0,NA,0,-1,"Medium"
"22126",0,0,NA,0,-1,"Medium"
"22127",0,0,NA,0,-1,"Low"
"22128",0,0,NA,0,-1,"Medium"
"22129",0,0,NA,0,-1,"Low"
"22130",0,0,NA,0,-1,"Low"
"22131",0,0,NA,0,-1,"Medium"
"22132",0,0,NA,0,-1,"Low"
"22133",22144,22145,"Previous_Irrigation_mm",47.205,1,NA
"22134",0,0,NA,0,-1,"Low"
"22135",22146,22147,"Sunlight_Hours",7.225,1,NA
"22136",0,0,NA,0,-1,"Medium"
"22137",0,0,NA,0,-1,"Low"
"22138",22148,22149,"Temperature_C",25.575,1,NA
"22139",0,0,NA,0,-1,"Low"
"22140",0,0,NA,0,-1,"Medium"
"22141",0,0,NA,0,-1,"Low"
"22142",0,0,NA,0,-1,"Medium"
"22143",0,0,NA,0,-1,"Low"
"22144",0,0,NA,0,-1,"Medium"
"22145",0,0,NA,0,-1,"Low"
"22146",0,0,NA,0,-1,"Medium"
"22147",22150,22151,"Soil_Type",3,1,NA
"22148",0,0,NA,0,-1,"Low"
"22149",22152,22153,"Temperature_C",28.405,1,NA
"22150",0,0,NA,0,-1,"Low"
"22151",22154,22155,"Previous_Irrigation_mm",89.57,1,NA
"22152",0,0,NA,0,-1,"Medium"
"22153",0,0,NA,0,-1,"Low"
"22154",22156,22157,"Sunlight_Hours",9.94,1,NA
"22155",22158,22159,"Soil_pH",6.125,1,NA
"22156",0,0,NA,0,-1,"Low"
"22157",22160,22161,"Electrical_Conductivity",1.66,1,NA
"22158",0,0,NA,0,-1,"Low"
"22159",0,0,NA,0,-1,"Medium"
"22160",0,0,NA,0,-1,"Medium"
"22161",0,0,NA,0,-1,"Low"
